signal_id,symbol,es,at,residual,regime,final_state,mt5_ticket,timestamp_generated,timestamp_triggered,timestamp_submitted,timestamp_opened,timestamp_closed,pnl_points,pnl_money
SIG_20260616_095420_EURJPY,EURJPY,0.19444444444444445,0.041666666666666664,9.67614356833278e-06,DYNAMIC,GENERATED,,2026-06-16T09:54:20.168830,,,,,0.0,0.0
SIG_20260616_095420_USDJPY,USDJPY,0.876984126984127,0.9365079365079365,1.4578958334869016e-05,DYNAMIC,TRIGGERED,,2026-06-16T09:54:20.187610,2026-06-16T09:54:20.187610,,,,0.0,0.0
SIG_20260616_095420_GBPJPY,GBPJPY,0.6349206349206349,0.40674603174603174,1.8670681154537243e-05,DYNAMIC,GENERATED,,2026-06-16T09:54:20.214279,,,,,0.0,0.0
SIG_20260616_095420_XAUUSD,XAUUSD,0.8888888888888888,0.22817460317460317,0.0006363946836649356,DYNAMIC,TRIGGERED,,2026-06-16T09:54:20.240117,2026-06-16T09:54:20.247158,,,,0.0,0.0
SIG_20260616_095420_EURUSD,EURUSD,0.6468253968253969,0.9246031746031746,2.4682774626737176e-05,DYNAMIC,GENERATED,,2026-06-16T09:54:20.267370,,,,,0.0,0.0
SIG_20260616_095521_EURJPY,EURJPY,0.19047619047619047,0.041666666666666664,9.656782953710007e-06,DYNAMIC,GENERATED,,2026-06-16T09:55:21.327206,,,,,0.0,0.0
SIG_20260616_095521_USDJPY,USDJPY,0.9027777777777778,0.9365079365079365,1.4942013179840581e-05,DYNAMIC,TRIGGERED,,2026-06-16T09:55:21.357727,2026-06-16T09:55:21.367068,,,,0.0,0.0
SIG_20260616_095521_GBPJPY,GBPJPY,0.6329365079365079,0.40674603174603174,1.8663393457331502e-05,DYNAMIC,GENERATED,,2026-06-16T09:55:21.392448,,,,,0.0,0.0
SIG_20260616_095521_XAUUSD,XAUUSD,0.8908730158730159,0.22817460317460317,0.0006372411223073641,DYNAMIC,TRIGGERED,,2026-06-16T09:55:21.419118,2026-06-16T09:55:21.426376,,,,0.0,0.0
SIG_20260616_095521_EURUSD,EURUSD,0.6488095238095238,0.9246031746031746,2.4899560246989554e-05,DYNAMIC,GENERATED,,2026-06-16T09:55:21.447323,,,,,0.0,0.0
SIG_20260616_095622_EURJPY,EURJPY,0.19047619047619047,0.041666666666666664,9.656550770975516e-06,DYNAMIC,GENERATED,,2026-06-16T09:56:22.483804,,,,,0.0,0.0
SIG_20260616_095622_USDJPY,USDJPY,0.9047619047619048,0.9365079365079365,1.4972248556680966e-05,DYNAMIC,TRIGGERED,,2026-06-16T09:56:22.511510,2026-06-16T09:56:22.517554,,,,0.0,0.0
SIG_20260616_095622_GBPJPY,GBPJPY,0.6329365079365079,0.40674603174603174,1.86628729435914e-05,DYNAMIC,GENERATED,,2026-06-16T09:56:22.544764,,,,,0.0,0.0
SIG_20260616_095622_XAUUSD,XAUUSD,0.8908730158730159,0.22817460317460317,0.0006374140433475211,DYNAMIC,TRIGGERED,,2026-06-16T09:56:22.567109,2026-06-16T09:56:22.575587,,,,0.0,0.0
SIG_20260616_095622_EURUSD,EURUSD,0.6488095238095238,0.9246031746031746,2.4899560246989554e-05,DYNAMIC,GENERATED,,2026-06-16T09:56:22.597177,,,,,0.0,0.0
SIG_20260616_095723_EURJPY,EURJPY,0.19444444444444445,0.041666666666666664,9.66699986968569e-06,DYNAMIC,GENERATED,,2026-06-16T09:57:23.587038,,,,,0.0,0.0
SIG_20260616_095723_USDJPY,USDJPY,0.8988095238095238,0.9365079365079365,1.4902787624528126e-05,DYNAMIC,TRIGGERED,,2026-06-16T09:57:23.613698,2026-06-16T09:57:23.619435,,,,0.0,0.0
SIG_20260616_095723_GBPJPY,GBPJPY,0.6349206349206349,0.40674603174603174,1.8672416401217313e-05,DYNAMIC,GENERATED,,2026-06-16T09:57:23.645741,,,,,0.0,0.0
SIG_20260616_095723_XAUUSD,XAUUSD,0.8908730158730159,0.22817460317460317,0.0006378973305352928,DYNAMIC,TRIGGERED,,2026-06-16T09:57:23.675773,2026-06-16T09:57:23.678566,,,,0.0,0.0
SIG_20260616_095723_EURUSD,EURUSD,0.6507936507936508,0.9246031746031746,2.5016510334654465e-05,DYNAMIC,GENERATED,,2026-06-16T09:57:23.703780,,,,,0.0,0.0
SIG_20260616_095824_EURJPY,EURJPY,0.19047619047619047,0.041666666666666664,9.656637839266407e-06,DYNAMIC,GENERATED,,2026-06-16T09:58:24.720630,,,,,0.0,0.0
SIG_20260616_095824_USDJPY,USDJPY,0.8988095238095238,0.9365079365079365,1.4893175581197078e-05,DYNAMIC,TRIGGERED,,2026-06-16T09:58:24.747495,2026-06-16T09:58:24.757255,,,,0.0,0.0
SIG_20260616_095824_GBPJPY,GBPJPY,0.6329365079365079,0.40674603174603174,1.8663913980566043e-05,DYNAMIC,GENERATED,,2026-06-16T09:58:24.780346,,,,,0.0,0.0
SIG_20260616_095824_XAUUSD,XAUUSD,0.8908730158730159,0.22817460317460317,0.0006382770822356424,DYNAMIC,TRIGGERED,,2026-06-16T09:58:24.807292,2026-06-16T09:58:24.811903,,,,0.0,0.0
SIG_20260616_095824_EURUSD,EURUSD,0.6468253968253969,0.9246031746031746,2.4844669603537326e-05,DYNAMIC,GENERATED,,2026-06-16T09:58:24.839721,,,,,0.0,0.0
SIG_20260616_104952_EURJPY,EURJPY,0.2003968253968254,0.041666666666666664,9.750844146991748e-06,DYNAMIC,GENERATED,,2026-06-16T10:49:52.959627,,,,,0.0,0.0
SIG_20260616_104952_USDJPY,USDJPY,0.8531746031746031,0.9285714285714286,1.4268675836528891e-05,DYNAMIC,TRIGGERED,,2026-06-16T10:49:52.972966,2026-06-16T10:49:52.976252,,,,0.0,0.0
SIG_20260616_104952_GBPJPY,GBPJPY,0.6349206349206349,0.40674603174603174,1.8694173622004314e-05,DYNAMIC,GENERATED,,2026-06-16T10:49:52.986246,,,,,0.0,0.0
SIG_20260616_104952_XAUUSD,XAUUSD,0.8908730158730159,0.2222222222222222,0.0006385369712528016,DYNAMIC,TRIGGERED,,2026-06-16T10:49:52.996903,2026-06-16T10:49:52.999088,,,,0.0,0.0
SIG_20260616_104953_EURUSD,EURUSD,0.6329365079365079,0.9186507936507936,2.4478636731988023e-05,DYNAMIC,GENERATED,,2026-06-16T10:49:53.010823,,,,,0.0,0.0
SIG_20260616_105053_EURJPY,EURJPY,0.20238095238095238,0.037698412698412696,9.774256109696349e-06,DYNAMIC,GENERATED,,2026-06-16T10:50:53.561133,,,,,0.0,0.0
SIG_20260616_105053_USDJPY,USDJPY,0.8531746031746031,0.9285714285714286,1.4295497863182482e-05,DYNAMIC,TRIGGERED,,2026-06-16T10:50:53.590333,2026-06-16T10:50:53.597335,,,,0.0,0.0
SIG_20260616_105053_GBPJPY,GBPJPY,0.6369047619047619,0.18055555555555555,1.870395823018681e-05,DYNAMIC,GENERATED,,2026-06-16T10:50:53.625334,,,,,0.0,0.0
SIG_20260616_105053_XAUUSD,XAUUSD,0.8273809523809523,0.10119047619047619,0.0006084666323452476,DYNAMIC,POSITION_CLOSED,57098325861,2026-06-16T10:50:53.651126,2026-06-16T10:50:53.657128,2026-06-16T10:50:53.662128,2026-06-16T10:50:53.921489,2026-06-16T11:04:04.427059,-50000.0,-30.0
SIG_20260616_105053_EURUSD,EURUSD,0.6329365079365079,0.9186507936507936,2.449654095715043e-05,DYNAMIC,GENERATED,,2026-06-16T10:50:53.946425,,,,,0.0,0.0
SIG_20260616_105154_EURJPY,EURJPY,0.20238095238095238,0.037698412698412696,9.771816648910928e-06,DYNAMIC,GENERATED,,2026-06-16T10:51:54.549517,,,,,0.0,0.0
SIG_20260616_105154_USDJPY,USDJPY,0.8531746031746031,0.9285714285714286,1.427369792568494e-05,DYNAMIC,TRIGGERED,,2026-06-16T10:51:54.572047,2026-06-16T10:51:54.578041,,,,0.0,0.0
SIG_20260616_105154_GBPJPY,GBPJPY,0.6349206349206349,0.18055555555555555,1.8691725915807758e-05,DYNAMIC,GENERATED,,2026-06-16T10:51:54.604965,,,,,0.0,0.0
SIG_20260616_105154_XAUUSD,XAUUSD,0.8273809523809523,0.10119047619047619,0.0006084769770731083,DYNAMIC,BLOCKED_POSITION_EXISTS,,2026-06-16T10:51:54.621644,2026-06-16T10:51:54.628195,,,,0.0,0.0
SIG_20260616_105154_EURUSD,EURUSD,0.6329365079365079,0.9186507936507936,2.4480352468019028e-05,DYNAMIC,GENERATED,,2026-06-16T10:51:54.656199,,,,,0.0,0.0
SIG_20260616_105255_EURJPY,EURJPY,0.20238095238095238,0.037698412698412696,9.774256109696349e-06,DYNAMIC,GENERATED,,2026-06-16T10:52:55.219825,,,,,0.0,0.0
SIG_20260616_105255_USDJPY,USDJPY,0.8531746031746031,0.9285714285714286,1.4268675836528891e-05,DYNAMIC,TRIGGERED,,2026-06-16T10:52:55.236657,2026-06-16T10:52:55.241601,,,,0.0,0.0
SIG_20260616_105255_GBPJPY,GBPJPY,0.6349206349206349,0.18055555555555555,1.869562990200818e-05,DYNAMIC,GENERATED,,2026-06-16T10:52:55.262198,,,,,0.0,0.0
SIG_20260616_105255_XAUUSD,XAUUSD,0.8273809523809523,0.10119047619047619,0.0006086836632187764,DYNAMIC,BLOCKED_POSITION_EXISTS,,2026-06-16T10:52:55.284621,2026-06-16T10:52:55.290946,,,,0.0,0.0
SIG_20260616_105255_EURUSD,EURUSD,0.6329365079365079,0.9186507936507936,2.4473265896391908e-05,DYNAMIC,GENERATED,,2026-06-16T10:52:55.316246,,,,,0.0,0.0
SIG_20260616_105355_EURJPY,EURJPY,0.20238095238095238,0.037698412698412696,9.773704336177899e-06,DYNAMIC,GENERATED,,2026-06-16T10:53:55.864449,,,,,0.0,0.0
SIG_20260616_105355_USDJPY,USDJPY,0.8531746031746031,0.9285714285714286,1.4264354382895842e-05,DYNAMIC,TRIGGERED,,2026-06-16T10:53:55.892250,2026-06-16T10:53:55.898349,,,,0.0,0.0
SIG_20260616_105355_GBPJPY,GBPJPY,0.6349206349206349,0.18055555555555555,1.869562990200818e-05,DYNAMIC,GENERATED,,2026-06-16T10:53:55.924444,,,,,0.0,0.0
SIG_20260616_105355_XAUUSD,XAUUSD,0.8273809523809523,0.10119047619047619,0.0006089226445149306,DYNAMIC,BLOCKED_POSITION_EXISTS,,2026-06-16T10:53:55.943165,2026-06-16T10:53:55.946636,,,,0.0,0.0
SIG_20260616_105355_EURUSD,EURUSD,0.6329365079365079,0.9186507936507936,2.4471475689586927e-05,DYNAMIC,GENERATED,,2026-06-16T10:53:55.976298,,,,,0.0,0.0
SIG_20260616_105456_EURJPY,EURJPY,0.20238095238095238,0.037698412698412696,9.774256109696349e-06,DYNAMIC,GENERATED,,2026-06-16T10:54:56.522962,,,,,0.0,0.0
SIG_20260616_105456_USDJPY,USDJPY,0.8531746031746031,0.9285714285714286,1.4265717016619987e-05,DYNAMIC,TRIGGERED,,2026-06-16T10:54:56.550056,2026-06-16T10:54:56.550385,,,,0.0,0.0
SIG_20260616_105456_GBPJPY,GBPJPY,0.6369047619047619,0.18055555555555555,1.8697646940489244e-05,DYNAMIC,GENERATED,,2026-06-16T10:54:56.583360,,,,,0.0,0.0
SIG_20260616_105456_XAUUSD,XAUUSD,0.8273809523809523,0.10119047619047619,0.0006084462312617583,DYNAMIC,BLOCKED_POSITION_EXISTS,,2026-06-16T10:54:56.605488,2026-06-16T10:54:56.613484,,,,0.0,0.0
SIG_20260616_105456_EURUSD,EURUSD,0.6329365079365079,0.9186507936507936,2.447229619529482e-05,DYNAMIC,GENERATED,,2026-06-16T10:54:56.632950,,,,,0.0,0.0
SIG_20260616_105557_EURJPY,EURJPY,0.20238095238095238,0.037698412698412696,9.772397551611979e-06,DYNAMIC,GENERATED,,2026-06-16T10:55:57.160522,,,,,0.0,0.0
SIG_20260616_105557_USDJPY,USDJPY,0.8531746031746031,0.9285714285714286,1.4253141210179875e-05,DYNAMIC,TRIGGERED,,2026-06-16T10:55:57.188761,2026-06-16T10:55:57.197264,,,,0.0,0.0
SIG_20260616_105557_GBPJPY,GBPJPY,0.6329365079365079,0.18055555555555555,1.8664396249168944e-05,DYNAMIC,GENERATED,,2026-06-16T10:55:57.222568,,,,,0.0,0.0
SIG_20260616_105557_XAUUSD,XAUUSD,0.8273809523809523,0.10119047619047619,0.0006082661035964141,DYNAMIC,BLOCKED_POSITION_EXISTS,,2026-06-16T10:55:57.242100,2026-06-16T10:55:57.242100,,,,0.0,0.0
SIG_20260616_105557_EURUSD,EURUSD,0.6329365079365079,0.9186507936507936,2.4471475689586927e-05,DYNAMIC,GENERATED,,2026-06-16T10:55:57.270651,,,,,0.0,0.0
SIG_20260616_105657_EURJPY,EURJPY,0.20238095238095238,0.037698412698412696,9.771381014614551e-06,DYNAMIC,GENERATED,,2026-06-16T10:56:57.832021,,,,,0.0,0.0
SIG_20260616_105657_USDJPY,USDJPY,0.8531746031746031,0.9285714285714286,1.4254075710561453e-05,DYNAMIC,TRIGGERED,,2026-06-16T10:56:57.859060,2026-06-16T10:56:57.866001,,,,0.0,0.0
SIG_20260616_105657_GBPJPY,GBPJPY,0.6349206349206349,0.18055555555555555,1.867194479441642e-05,DYNAMIC,GENERATED,,2026-06-16T10:56:57.891971,,,,,0.0,0.0
SIG_20260616_105657_XAUUSD,XAUUSD,0.8273809523809523,0.10119047619047619,0.0006082366338162034,DYNAMIC,BLOCKED_POSITION_EXISTS,,2026-06-16T10:56:57.913792,2026-06-16T10:56:57.922509,,,,0.0,0.0
SIG_20260616_105657_EURUSD,EURUSD,0.6329365079365079,0.9186507936507936,2.4470282248876656e-05,DYNAMIC,GENERATED,,2026-06-16T10:56:57.947823,,,,,0.0,0.0
SIG_20260616_105758_EURJPY,EURJPY,0.20238095238095238,0.037698412698412696,9.775533885286736e-06,DYNAMIC,GENERATED,,2026-06-16T10:57:58.574380,,,,,0.0,0.0
SIG_20260616_105758_USDJPY,USDJPY,0.8531746031746031,0.9285714285714286,1.4254075710561453e-05,DYNAMIC,BLOCKED_SPREAD,,2026-06-16T10:57:58.616344,2026-06-16T10:57:58.621755,,,,0.0,0.0
SIG_20260616_105758_GBPJPY,GBPJPY,0.6349206349206349,0.18055555555555555,1.8686195172500222e-05,DYNAMIC,GENERATED,,2026-06-16T10:57:58.669491,,,,,0.0,0.0
SIG_20260616_105758_XAUUSD,XAUUSD,0.8273809523809523,0.10119047619047619,0.0006086675423900949,DYNAMIC,BLOCKED_POSITION_EXISTS,,2026-06-16T10:57:58.704475,2026-06-16T10:57:58.714515,,,,0.0,0.0
SIG_20260616_105758_EURUSD,EURUSD,0.6329365079365079,0.9186507936507936,2.4469610956594966e-05,DYNAMIC,GENERATED,,2026-06-16T10:57:58.748579,,,,,0.0,0.0
SIG_20260616_105859_EURJPY,EURJPY,0.20238095238095238,0.037698412698412696,9.774865959712268e-06,DYNAMIC,GENERATED,,2026-06-16T10:58:59.528413,,,,,0.0,0.0
SIG_20260616_105859_USDJPY,USDJPY,0.8531746031746031,0.9285714285714286,1.4255594228611946e-05,DYNAMIC,TRIGGERED,,2026-06-16T10:58:59.563733,2026-06-16T10:58:59.563733,,,,0.0,0.0
SIG_20260616_105859_GBPJPY,GBPJPY,0.6349206349206349,0.18055555555555555,1.8686195172500222e-05,DYNAMIC,GENERATED,,2026-06-16T10:58:59.595542,,,,,0.0,0.0
SIG_20260616_105859_XAUUSD,XAUUSD,0.8273809523809523,0.10119047619047619,0.000608836436887741,DYNAMIC,BLOCKED_POSITION_EXISTS,,2026-06-16T10:58:59.628382,2026-06-16T10:58:59.643167,,,,0.0,0.0
SIG_20260616_105859_EURUSD,EURUSD,0.6329365079365079,0.9186507936507936,2.4469610956594966e-05,DYNAMIC,GENERATED,,2026-06-16T10:58:59.690860,,,,,0.0,0.0
SIG_20260616_110000_EURJPY,EURJPY,0.20238095238095238,0.037698412698412696,9.774256109696349e-06,DYNAMIC,GENERATED,,2026-06-16T11:00:00.457205,,,,,0.0,0.0
SIG_20260616_110000_USDJPY,USDJPY,0.8531746031746031,0.9285714285714286,1.4253258024792817e-05,DYNAMIC,TRIGGERED,,2026-06-16T11:00:00.477276,2026-06-16T11:00:00.477276,,,,0.0,0.0
SIG_20260616_110000_GBPJPY,GBPJPY,0.6349206349206349,0.18055555555555555,1.8687995387995884e-05,DYNAMIC,GENERATED,,2026-06-16T11:00:00.504451,,,,,0.0,0.0
SIG_20260616_110000_XAUUSD,XAUUSD,0.8273809523809523,0.10119047619047619,0.0006096950488141102,DYNAMIC,BLOCKED_POSITION_EXISTS,,2026-06-16T11:00:00.536254,2026-06-16T11:00:00.536254,,,,0.0,0.0
SIG_20260616_110000_EURUSD,EURUSD,0.6329365079365079,0.9186507936507936,2.4470804292951536e-05,DYNAMIC,GENERATED,,2026-06-16T11:00:00.552021,,,,,0.0,0.0
SIG_20260616_110101_EURJPY,EURJPY,0.20238095238095238,0.037698412698412696,9.774865959712268e-06,DYNAMIC,GENERATED,,2026-06-16T11:01:01.356815,,,,,0.0,0.0
SIG_20260616_110101_USDJPY,USDJPY,0.8531746031746031,0.9285714285714286,1.4253452714032617e-05,DYNAMIC,TRIGGERED,,2026-06-16T11:01:01.402245,2026-06-16T11:01:01.404843,,,,0.0,0.0
SIG_20260616_110101_GBPJPY,GBPJPY,0.6349206349206349,0.18055555555555555,1.8691725915807758e-05,DYNAMIC,GENERATED,,2026-06-16T11:01:01.436686,,,,,0.0,0.0
SIG_20260616_110101_XAUUSD,XAUUSD,0.8273809523809523,0.10119047619047619,0.0006095620216032089,DYNAMIC,BLOCKED_POSITION_EXISTS,,2026-06-16T11:01:01.468442,2026-06-16T11:01:01.484499,,,,0.0,0.0
SIG_20260616_110101_EURUSD,EURUSD,0.6329365079365079,0.9186507936507936,2.4470804292951536e-05,DYNAMIC,GENERATED,,2026-06-16T11:01:01.532042,,,,,0.0,0.0
SIG_20260616_110202_EURJPY,EURJPY,0.20238095238095238,0.037698412698412696,9.773704336177899e-06,DYNAMIC,GENERATED,,2026-06-16T11:02:02.387067,,,,,0.0,0.0
SIG_20260616_110202_USDJPY,USDJPY,0.8531746031746031,0.9285714285714286,1.4257814186404097e-05,DYNAMIC,TRIGGERED,,2026-06-16T11:02:02.417063,2026-06-16T11:02:02.432835,,,,0.0,0.0
SIG_20260616_110202_GBPJPY,GBPJPY,0.6349206349206349,0.18055555555555555,1.867057827033584e-05,DYNAMIC,GENERATED,,2026-06-16T11:02:02.470172,,,,,0.0,0.0
SIG_20260616_110202_XAUUSD,XAUUSD,0.8273809523809523,0.10119047619047619,0.0006095090888326091,DYNAMIC,BLOCKED_POSITION_EXISTS,,2026-06-16T11:02:02.505196,2026-06-16T11:02:02.513608,,,,0.0,0.0
SIG_20260616_110202_EURUSD,EURUSD,0.6329365079365079,0.9186507936507936,2.4484228064609263e-05,DYNAMIC,GENERATED,,2026-06-16T11:02:02.534008,,,,,0.0,0.0
SIG_20260616_110303_EURJPY,EURJPY,0.20238095238095238,0.037698412698412696,9.773704336177899e-06,DYNAMIC,GENERATED,,2026-06-16T11:03:03.332933,,,,,0.0,0.0
SIG_20260616_110303_USDJPY,USDJPY,0.8531746031746031,0.9285714285714286,1.4254504119903119e-05,DYNAMIC,TRIGGERED,,2026-06-16T11:03:03.382057,2026-06-16T11:03:03.396014,,,,0.0,0.0
SIG_20260616_110303_GBPJPY,GBPJPY,0.6329365079365079,0.18055555555555555,1.8663289969024927e-05,DYNAMIC,GENERATED,,2026-06-16T11:03:03.444019,,,,,0.0,0.0
SIG_20260616_110303_XAUUSD,XAUUSD,0.8273809523809523,0.10119047619047619,0.0006079814824505063,DYNAMIC,BLOCKED_POSITION_EXISTS,,2026-06-16T11:03:03.475400,2026-06-16T11:03:03.491154,,,,0.0,0.0
SIG_20260616_110303_EURUSD,EURUSD,0.6329365079365079,0.9186507936507936,2.447565196104628e-05,DYNAMIC,GENERATED,,2026-06-16T11:03:03.539047,,,,,0.0,0.0
SIG_20260616_110404_EURJPY,EURJPY,0.20238095238095238,0.037698412698412696,9.772078025857707e-06,DYNAMIC,GENERATED,,2026-06-16T11:04:04.474580,,,,,0.0,0.0
SIG_20260616_110404_USDJPY,USDJPY,0.8531746031746031,0.9285714285714286,1.4254504119903119e-05,DYNAMIC,TRIGGERED,,2026-06-16T11:04:04.522206,2026-06-16T11:04:04.537862,,,,0.0,0.0
SIG_20260616_110404_GBPJPY,GBPJPY,0.6349206349206349,0.18055555555555555,1.866797534020391e-05,DYNAMIC,GENERATED,,2026-06-16T11:04:04.585494,,,,,0.0,0.0
SIG_20260616_110404_XAUUSD,XAUUSD,0.8273809523809523,0.10119047619047619,0.0006080296800379265,DYNAMIC,BLOCKED_SPREAD,,2026-06-16T11:04:04.617669,2026-06-16T11:04:04.636720,2026-06-16T11:04:04.649441,,,0.0,0.0
SIG_20260616_110404_EURUSD,EURUSD,0.6329365079365079,0.9186507936507936,2.4473265454505173e-05,DYNAMIC,GENERATED,,2026-06-16T11:04:04.713086,,,,,0.0,0.0
SIG_20260616_110505_EURJPY,EURJPY,0.20238095238095238,0.037698412698412696,9.772078025857707e-06,DYNAMIC,GENERATED,,2026-06-16T11:05:05.606331,,,,,0.0,0.0
SIG_20260616_110505_USDJPY,USDJPY,0.8531746031746031,0.9285714285714286,1.4254504119903119e-05,DYNAMIC,TRIGGERED,,2026-06-16T11:05:05.644172,2026-06-16T11:05:05.669179,,,,0.0,0.0
SIG_20260616_110505_GBPJPY,GBPJPY,0.6349206349206349,0.18055555555555555,1.866797534020391e-05,DYNAMIC,GENERATED,,2026-06-16T11:05:05.700912,,,,,0.0,0.0
SIG_20260616_110505_XAUUSD,XAUUSD,0.8273809523809523,0.10119047619047619,0.0006080296800379265,DYNAMIC,BLOCKED_SPREAD,,2026-06-16T11:05:05.732625,2026-06-16T11:05:05.766378,2026-06-16T11:05:05.766378,,,0.0,0.0
SIG_20260616_110505_EURUSD,EURUSD,0.6329365079365079,0.9186507936507936,2.4473265454505173e-05,DYNAMIC,GENERATED,,2026-06-16T11:05:05.843708,,,,,0.0,0.0
SIG_20260616_110606_EURJPY,EURJPY,0.20238095238095238,0.037698412698412696,9.772078025857707e-06,DYNAMIC,GENERATED,,2026-06-16T11:06:06.640069,,,,,0.0,0.0
SIG_20260616_110606_USDJPY,USDJPY,0.8531746031746031,0.9285714285714286,1.4254504119903119e-05,DYNAMIC,TRIGGERED,,2026-06-16T11:06:06.687589,2026-06-16T11:06:06.719393,,,,0.0,0.0
SIG_20260616_110606_GBPJPY,GBPJPY,0.6349206349206349,0.18055555555555555,1.866797534020391e-05,DYNAMIC,GENERATED,,2026-06-16T11:06:06.751244,,,,,0.0,0.0
SIG_20260616_110606_XAUUSD,XAUUSD,0.8273809523809523,0.10119047619047619,0.0006080296800379265,DYNAMIC,BLOCKED_SPREAD,,2026-06-16T11:06:06.782769,2026-06-16T11:06:06.809076,2026-06-16T11:06:06.814652,,,0.0,0.0
SIG_20260616_110606_EURUSD,EURUSD,0.6329365079365079,0.9186507936507936,2.4473265454505173e-05,DYNAMIC,GENERATED,,2026-06-16T11:06:06.893821,,,,,0.0,0.0
SIG_20260616_110707_EURJPY,EURJPY,0.20238095238095238,0.037698412698412696,9.772078025857707e-06,DYNAMIC,GENERATED,,2026-06-16T11:07:07.820641,,,,,0.0,0.0
SIG_20260616_110707_USDJPY,USDJPY,0.8531746031746031,0.9285714285714286,1.4254504119903119e-05,DYNAMIC,TRIGGERED,,2026-06-16T11:07:07.861187,2026-06-16T11:07:07.886600,,,,0.0,0.0
SIG_20260616_110707_GBPJPY,GBPJPY,0.6349206349206349,0.18055555555555555,1.866797534020391e-05,DYNAMIC,GENERATED,,2026-06-16T11:07:07.913710,,,,,0.0,0.0
SIG_20260616_110707_XAUUSD,XAUUSD,0.8273809523809523,0.10119047619047619,0.0006080296800379265,DYNAMIC,BLOCKED_SPREAD,,2026-06-16T11:07:07.940463,2026-06-16T11:07:07.951673,2026-06-16T11:07:07.958352,,,0.0,0.0
SIG_20260616_110708_EURUSD,EURUSD,0.6329365079365079,0.9186507936507936,2.4473265454505173e-05,DYNAMIC,GENERATED,,2026-06-16T11:07:08.010894,,,,,0.0,0.0
SIG_20260616_110808_EURJPY,EURJPY,0.20238095238095238,0.037698412698412696,9.772078025857707e-06,DYNAMIC,GENERATED,,2026-06-16T11:08:08.850226,,,,,0.0,0.0
SIG_20260616_110808_USDJPY,USDJPY,0.8531746031746031,0.9285714285714286,1.4254504119903119e-05,DYNAMIC,TRIGGERED,,2026-06-16T11:08:08.904984,2026-06-16T11:08:08.924162,,,,0.0,0.0
SIG_20260616_110808_GBPJPY,GBPJPY,0.6349206349206349,0.18055555555555555,1.866797534020391e-05,DYNAMIC,GENERATED,,2026-06-16T11:08:08.954985,,,,,0.0,0.0
SIG_20260616_110808_XAUUSD,XAUUSD,0.8273809523809523,0.10119047619047619,0.0006080296800379265,DYNAMIC,BLOCKED_SPREAD,,2026-06-16T11:08:08.985948,2026-06-16T11:08:09.023167,2026-06-16T11:08:09.038053,,,0.0,0.0
SIG_20260616_110809_EURUSD,EURUSD,0.6329365079365079,0.9186507936507936,2.4473265454505173e-05,DYNAMIC,GENERATED,,2026-06-16T11:08:09.104981,,,,,0.0,0.0
SIG_20260616_110909_EURJPY,EURJPY,0.20238095238095238,0.037698412698412696,9.772078025857707e-06,DYNAMIC,GENERATED,,2026-06-16T11:09:09.968937,,,,,0.0,0.0
SIG_20260616_110910_USDJPY,USDJPY,0.8531746031746031,0.9285714285714286,1.4254504119903119e-05,DYNAMIC,TRIGGERED,,2026-06-16T11:09:10.000665,2026-06-16T11:09:10.032302,,,,0.0,0.0
SIG_20260616_110910_GBPJPY,GBPJPY,0.6349206349206349,0.18055555555555555,1.866797534020391e-05,DYNAMIC,GENERATED,,2026-06-16T11:09:10.079993,,,,,0.0,0.0
SIG_20260616_110910_XAUUSD,XAUUSD,0.8273809523809523,0.10119047619047619,0.0006080296800379265,DYNAMIC,BLOCKED_SPREAD,,2026-06-16T11:09:10.130030,2026-06-16T11:09:10.143895,2026-06-16T11:09:10.159711,,,0.0,0.0
SIG_20260616_110910_EURUSD,EURUSD,0.6329365079365079,0.9186507936507936,2.4473265454505173e-05,DYNAMIC,GENERATED,,2026-06-16T11:09:10.223370,,,,,0.0,0.0
SIG_20260616_111011_EURJPY,EURJPY,0.20238095238095238,0.037698412698412696,9.772078025857707e-06,DYNAMIC,GENERATED,,2026-06-16T11:10:11.091237,,,,,0.0,0.0
SIG_20260616_111011_USDJPY,USDJPY,0.8531746031746031,0.9285714285714286,1.4254504119903119e-05,DYNAMIC,TRIGGERED,,2026-06-16T11:10:11.142301,2026-06-16T11:10:11.154742,,,,0.0,0.0
SIG_20260616_111011_GBPJPY,GBPJPY,0.6349206349206349,0.18055555555555555,1.866797534020391e-05,DYNAMIC,GENERATED,,2026-06-16T11:10:11.201976,,,,,0.0,0.0
SIG_20260616_111011_XAUUSD,XAUUSD,0.8273809523809523,0.10119047619047619,0.0006080296800379265,DYNAMIC,BLOCKED_SPREAD,,2026-06-16T11:10:11.232947,2026-06-16T11:10:11.266362,2026-06-16T11:10:11.274902,,,0.0,0.0
SIG_20260616_111011_EURUSD,EURUSD,0.6329365079365079,0.9186507936507936,2.4473265454505173e-05,DYNAMIC,GENERATED,,2026-06-16T11:10:11.344256,,,,,0.0,0.0
SIG_20260616_111112_EURJPY,EURJPY,0.20238095238095238,0.037698412698412696,9.772078025857707e-06,DYNAMIC,GENERATED,,2026-06-16T11:11:12.219408,,,,,0.0,0.0
SIG_20260616_111112_USDJPY,USDJPY,0.8531746031746031,0.9285714285714286,1.4254504119903119e-05,DYNAMIC,TRIGGERED,,2026-06-16T11:11:12.258205,2026-06-16T11:11:12.273908,,,,0.0,0.0
SIG_20260616_111112_GBPJPY,GBPJPY,0.6349206349206349,0.18055555555555555,1.866797534020391e-05,DYNAMIC,GENERATED,,2026-06-16T11:11:12.321540,,,,,0.0,0.0
SIG_20260616_111112_XAUUSD,XAUUSD,0.8273809523809523,0.10119047619047619,0.0006080296800379265,DYNAMIC,BLOCKED_SPREAD,,2026-06-16T11:11:12.369195,2026-06-16T11:11:12.386180,2026-06-16T11:11:12.401233,,,0.0,0.0
SIG_20260616_111112_EURUSD,EURUSD,0.6329365079365079,0.9186507936507936,2.4473265454505173e-05,DYNAMIC,GENERATED,,2026-06-16T11:11:12.480457,,,,,0.0,0.0
SIG_20260616_111213_EURJPY,EURJPY,0.20238095238095238,0.037698412698412696,9.772078025857707e-06,DYNAMIC,GENERATED,,2026-06-16T11:12:13.398570,,,,,0.0,0.0
SIG_20260616_111213_USDJPY,USDJPY,0.8531746031746031,0.9285714285714286,1.4254504119903119e-05,DYNAMIC,TRIGGERED,,2026-06-16T11:12:13.440987,2026-06-16T11:12:13.466808,,,,0.0,0.0
SIG_20260616_111213_GBPJPY,GBPJPY,0.6349206349206349,0.18055555555555555,1.866797534020391e-05,DYNAMIC,GENERATED,,2026-06-16T11:12:13.508727,,,,,0.0,0.0
SIG_20260616_111213_XAUUSD,XAUUSD,0.8273809523809523,0.10119047619047619,0.0006080296800379265,DYNAMIC,BLOCKED_SPREAD,,2026-06-16T11:12:13.541181,2026-06-16T11:12:13.576668,2026-06-16T11:12:13.588266,,,0.0,0.0
SIG_20260616_111213_EURUSD,EURUSD,0.6329365079365079,0.9186507936507936,2.4473265454505173e-05,DYNAMIC,GENERATED,,2026-06-16T11:12:13.667291,,,,,0.0,0.0
SIG_20260616_111314_EURJPY,EURJPY,0.20238095238095238,0.037698412698412696,9.772078025857707e-06,DYNAMIC,GENERATED,,2026-06-16T11:13:14.380939,,,,,0.0,0.0
SIG_20260616_111314_USDJPY,USDJPY,0.8531746031746031,0.9285714285714286,1.4254504119903119e-05,DYNAMIC,TRIGGERED,,2026-06-16T11:13:14.406305,2026-06-16T11:13:14.425142,,,,0.0,0.0
SIG_20260616_111314_GBPJPY,GBPJPY,0.6349206349206349,0.18055555555555555,1.866797534020391e-05,DYNAMIC,GENERATED,,2026-06-16T11:13:14.450511,,,,,0.0,0.0
SIG_20260616_111314_XAUUSD,XAUUSD,0.8273809523809523,0.10119047619047619,0.0006080296800379265,DYNAMIC,BLOCKED_SPREAD,,2026-06-16T11:13:14.475660,2026-06-16T11:13:14.489552,2026-06-16T11:13:14.500091,,,0.0,0.0
SIG_20260616_111314_EURUSD,EURUSD,0.6329365079365079,0.9186507936507936,2.4473265454505173e-05,DYNAMIC,GENERATED,,2026-06-16T11:13:14.551313,,,,,0.0,0.0
SIG_20260616_111415_EURJPY,EURJPY,0.20238095238095238,0.037698412698412696,9.775533885286736e-06,DYNAMIC,GENERATED,,2026-06-16T11:14:15.158556,,,,,0.0,0.0
SIG_20260616_111415_USDJPY,USDJPY,0.8531746031746031,0.9285714285714286,1.4268675836528891e-05,DYNAMIC,TRIGGERED,,2026-06-16T11:14:15.180707,2026-06-16T11:14:15.191849,,,,0.0,0.0
SIG_20260616_111415_GBPJPY,GBPJPY,0.6329365079365079,0.18055555555555555,1.8666738935364422e-05,DYNAMIC,GENERATED,,2026-06-16T11:14:15.213823,,,,,0.0,0.0
SIG_20260616_111415_XAUUSD,XAUUSD,0.8273809523809523,0.10119047619047619,0.0006089669773292807,DYNAMIC,POSITION_CLOSED,57098634175,2026-06-16T11:14:15.241793,2026-06-16T11:14:15.259560,2026-06-16T11:14:15.270714,2026-06-16T11:14:15.688118,2026-06-16T15:19:18.101652,245099.99999999307,147.9
SIG_20260616_111415_EURUSD,EURUSD,0.6329365079365079,0.9186507936507936,2.4475652900216596e-05,DYNAMIC,GENERATED,,2026-06-16T11:14:15.720590,,,,,0.0,0.0
SIG_20260616_111516_EURJPY,EURJPY,0.20238095238095238,0.037698412698412696,9.771816668945033e-06,DYNAMIC,GENERATED,,2026-06-16T11:15:16.337458,,,,,0.0,0.0
SIG_20260616_111516_USDJPY,USDJPY,0.8531746031746031,0.9285714285714286,1.4264354382895842e-05,DYNAMIC,TRIGGERED,,2026-06-16T11:15:16.367383,2026-06-16T11:15:16.382946,,,,0.0,0.0
SIG_20260616_111516_GBPJPY,GBPJPY,0.6329365079365079,0.18055555555555555,1.8652855773841355e-05,DYNAMIC,GENERATED,,2026-06-16T11:15:16.403790,,,,,0.0,0.0
SIG_20260616_111516_XAUUSD,XAUUSD,0.8273809523809523,0.10119047619047619,0.0006086291918646737,DYNAMIC,BLOCKED_POSITION_EXISTS,,2026-06-16T11:15:16.436996,2026-06-16T11:15:16.451771,,,,0.0,0.0
SIG_20260616_111516_EURUSD,EURUSD,0.6329365079365079,0.9186507936507936,2.448870763665999e-05,DYNAMIC,GENERATED,,2026-06-16T11:15:16.481927,,,,,0.0,0.0
SIG_20260616_111617_EURJPY,EURJPY,0.20238095238095238,0.037698412698412696,9.776260573215724e-06,DYNAMIC,GENERATED,,2026-06-16T11:16:17.071631,,,,,0.0,0.0
SIG_20260616_111617_USDJPY,USDJPY,0.8531746031746031,0.9285714285714286,1.425501018810438e-05,DYNAMIC,BLOCKED_SPREAD,,2026-06-16T11:16:17.092320,2026-06-16T11:16:17.107108,,,,0.0,0.0
SIG_20260616_111617_GBPJPY,GBPJPY,0.6329365079365079,0.18055555555555555,1.8650078900987028e-05,DYNAMIC,GENERATED,,2026-06-16T11:16:17.142225,,,,,0.0,0.0
SIG_20260616_111617_XAUUSD,XAUUSD,0.8273809523809523,0.10119047619047619,0.0006091915663983044,DYNAMIC,BLOCKED_POSITION_EXISTS,,2026-06-16T11:16:17.171933,2026-06-16T11:16:17.187294,,,,0.0,0.0
SIG_20260616_111617_EURUSD,EURUSD,0.6329365079365079,0.9186507936507936,2.448423159970303e-05,DYNAMIC,GENERATED,,2026-06-16T11:16:17.211196,,,,,0.0,0.0
SIG_20260616_111717_EURJPY,EURJPY,0.20238095238095238,0.037698412698412696,9.773210800368944e-06,DYNAMIC,GENERATED,,2026-06-16T11:17:17.784380,,,,,0.0,0.0
SIG_20260616_111717_USDJPY,USDJPY,0.8531746031746031,0.9285714285714286,1.42719460500035e-05,DYNAMIC,TRIGGERED,,2026-06-16T11:17:17.806963,2026-06-16T11:17:17.822214,,,,0.0,0.0
SIG_20260616_111717_GBPJPY,GBPJPY,0.6329365079365079,0.18055555555555555,1.8651489049921526e-05,DYNAMIC,GENERATED,,2026-06-16T11:17:17.846769,,,,,0.0,0.0
SIG_20260616_111717_XAUUSD,XAUUSD,0.8273809523809523,0.10119047619047619,0.0006091295496369461,DYNAMIC,BLOCKED_POSITION_EXISTS,,2026-06-16T11:17:17.869335,2026-06-16T11:17:17.886442,,,,0.0,0.0
SIG_20260616_111717_EURUSD,EURUSD,0.6329365079365079,0.9186507936507936,2.4502509392629508e-05,DYNAMIC,GENERATED,,2026-06-16T11:17:17.919173,,,,,0.0,0.0
SIG_20260616_111818_EURJPY,EURJPY,0.20238095238095238,0.037698412698412696,9.771613362547302e-06,DYNAMIC,GENERATED,,2026-06-16T11:18:18.592843,,,,,0.0,0.0
SIG_20260616_111818_USDJPY,USDJPY,0.8531746031746031,0.9285714285714286,1.4290515193460322e-05,DYNAMIC,TRIGGERED,,2026-06-16T11:18:18.619326,2026-06-16T11:18:18.651083,,,,0.0,0.0
SIG_20260616_111818_GBPJPY,GBPJPY,0.6329365079365079,0.18055555555555555,1.864981855905214e-05,DYNAMIC,GENERATED,,2026-06-16T11:18:18.685084,,,,,0.0,0.0
SIG_20260616_111818_XAUUSD,XAUUSD,0.8273809523809523,0.10119047619047619,0.0006088560872987902,DYNAMIC,BLOCKED_POSITION_EXISTS,,2026-06-16T11:18:18.722395,2026-06-16T11:18:18.743796,,,,0.0,0.0
SIG_20260616_111818_EURUSD,EURUSD,0.6349206349206349,0.9186507936507936,2.4516237335178617e-05,DYNAMIC,GENERATED,,2026-06-16T11:18:18.777325,,,,,0.0,0.0
SIG_20260616_111919_EURJPY,EURJPY,0.20238095238095238,0.037698412698412696,9.775534426208725e-06,DYNAMIC,GENERATED,,2026-06-16T11:19:19.675867,,,,,0.0,0.0
SIG_20260616_111919_USDJPY,USDJPY,0.8531746031746031,0.9444444444444444,1.430079185070623e-05,DYNAMIC,TRIGGERED,,2026-06-16T11:19:19.725644,2026-06-16T11:19:19.750084,,,,0.0,0.0
SIG_20260616_111919_GBPJPY,GBPJPY,0.6329365079365079,0.18055555555555555,1.864975347286104e-05,DYNAMIC,GENERATED,,2026-06-16T11:19:19.786841,,,,,0.0,0.0
SIG_20260616_111919_XAUUSD,XAUUSD,0.8273809523809523,0.10119047619047619,0.0006089107593024593,DYNAMIC,BLOCKED_POSITION_EXISTS,,2026-06-16T11:19:19.824646,2026-06-16T11:19:19.853543,,,,0.0,0.0
SIG_20260616_111919_EURUSD,EURUSD,0.6369047619047619,0.9186507936507936,2.4546008234616024e-05,DYNAMIC,GENERATED,,2026-06-16T11:19:19.910125,,,,,0.0,0.0
SIG_20260616_112020_EURJPY,EURJPY,0.20238095238095238,0.037698412698412696,9.771816668945033e-06,DYNAMIC,GENERATED,,2026-06-16T11:20:20.822957,,,,,0.0,0.0
SIG_20260616_112020_USDJPY,USDJPY,0.8531746031746031,0.9444444444444444,1.4290515193460322e-05,DYNAMIC,TRIGGERED,,2026-06-16T11:20:20.866150,2026-06-16T11:20:20.889833,,,,0.0,0.0
SIG_20260616_112020_GBPJPY,GBPJPY,0.6329365079365079,0.18055555555555555,1.8649927035296215e-05,DYNAMIC,GENERATED,,2026-06-16T11:20:20.923751,,,,,0.0,0.0
SIG_20260616_112020_XAUUSD,XAUUSD,0.8273809523809523,0.10119047619047619,0.000608400799405869,DYNAMIC,BLOCKED_POSITION_EXISTS,,2026-06-16T11:20:20.959903,2026-06-16T11:20:20.981767,,,,0.0,0.0
SIG_20260616_112021_EURUSD,EURUSD,0.6349206349206349,0.9186507936507936,2.4520042483292155e-05,DYNAMIC,GENERATED,,2026-06-16T11:20:21.030942,,,,,0.0,0.0
SIG_20260616_112121_EURJPY,EURJPY,0.20238095238095238,0.037698412698412696,9.772078064986862e-06,DYNAMIC,GENERATED,,2026-06-16T11:21:21.996836,,,,,0.0,0.0
SIG_20260616_112122_USDJPY,USDJPY,0.8531746031746031,0.9444444444444444,1.4290515193460322e-05,DYNAMIC,TRIGGERED,,2026-06-16T11:21:22.038213,2026-06-16T11:21:22.075397,,,,0.0,0.0
SIG_20260616_112122_GBPJPY,GBPJPY,0.6329365079365079,0.12301587301587301,1.8649731777329275e-05,DYNAMIC,GENERATED,,2026-06-16T11:21:22.121469,,,,,0.0,0.0
SIG_20260616_112122_XAUUSD,XAUUSD,0.8273809523809523,0.10119047619047619,0.0006087220061035403,DYNAMIC,BLOCKED_POSITION_EXISTS,,2026-06-16T11:21:22.173237,2026-06-16T11:21:22.202818,,,,0.0,0.0
SIG_20260616_112122_EURUSD,EURUSD,0.6349206349206349,0.9186507936507936,2.4520042483292155e-05,DYNAMIC,GENERATED,,2026-06-16T11:21:22.304875,,,,,0.0,0.0
SIG_20260616_122332_EURJPY,EURJPY,0.20238095238095238,0.037698412698412696,9.771816648910928e-06,DYNAMIC,GENERATED,,2026-06-16T12:23:32.036357,,,,,0.0,0.0
SIG_20260616_122332_USDJPY,USDJPY,0.8531746031746031,0.9444444444444444,1.4298105942947656e-05,DYNAMIC,TRIGGERED,,2026-06-16T12:23:32.077640,2026-06-16T12:23:32.107583,,,,0.0,0.0
SIG_20260616_122332_GBPJPY,GBPJPY,0.6329365079365079,0.18055555555555555,1.8651489049921526e-05,DYNAMIC,GENERATED,,2026-06-16T12:23:32.187789,,,,,0.0,0.0
SIG_20260616_122332_XAUUSD,XAUUSD,0.8273809523809523,0.10119047619047619,0.0006082529395529911,DYNAMIC,BLOCKED_POSITION_EXISTS,,2026-06-16T12:23:32.333903,2026-06-16T12:23:32.397102,,,,0.0,0.0
SIG_20260616_122332_EURUSD,EURUSD,0.6329365079365079,0.9186507936507936,2.4509074841658728e-05,DYNAMIC,GENERATED,,2026-06-16T12:23:32.435859,,,,,0.0,0.0
SIG_20260616_122432_EURJPY,EURJPY,0.20833333333333334,0.21626984126984128,9.792449058521275e-06,DYNAMIC,GENERATED,,2026-06-16T12:24:32.965741,,,,,0.0,0.0
SIG_20260616_122432_USDJPY,USDJPY,0.8849206349206349,0.9603174603174603,1.460838069299726e-05,DYNAMIC,BLOCKED_SPREAD,,2026-06-16T12:24:32.985653,2026-06-16T12:24:32.999529,,,,0.0,0.0
SIG_20260616_122433_GBPJPY,GBPJPY,0.6388888888888888,0.16666666666666666,1.8707607547943753e-05,DYNAMIC,GENERATED,,2026-06-16T12:24:33.029143,,,,,0.0,0.0
SIG_20260616_122433_XAUUSD,XAUUSD,0.8234126984126984,0.1488095238095238,0.0006032399363219603,DYNAMIC,BLOCKED_POSITION_EXISTS,,2026-06-16T12:24:33.047398,2026-06-16T12:24:33.063923,,,,0.0,0.0
SIG_20260616_122433_EURUSD,EURUSD,0.6527777777777778,0.9265873015873016,2.5080869710497898e-05,DYNAMIC,GENERATED,,2026-06-16T12:24:33.082462,,,,,0.0,0.0
SIG_20260616_122533_EURJPY,EURJPY,0.2261904761904762,0.21626984126984128,9.885385691656216e-06,DYNAMIC,GENERATED,,2026-06-16T12:25:33.843540,,,,,0.0,0.0
SIG_20260616_122533_USDJPY,USDJPY,0.876984126984127,0.9603174603174603,1.4494805467199273e-05,DYNAMIC,TRIGGERED,,2026-06-16T12:25:33.895789,2026-06-16T12:25:33.920380,,,,0.0,0.0
SIG_20260616_122533_GBPJPY,GBPJPY,0.6448412698412699,0.16666666666666666,1.8798375431688686e-05,DYNAMIC,GENERATED,,2026-06-16T12:25:33.956763,,,,,0.0,0.0
SIG_20260616_122533_XAUUSD,XAUUSD,0.8234126984126984,0.1488095238095238,0.0006034792827067969,DYNAMIC,BLOCKED_POSITION_EXISTS,,2026-06-16T12:25:33.994817,2026-06-16T12:25:34.020353,,,,0.0,0.0
SIG_20260616_122534_EURUSD,EURUSD,0.6527777777777778,0.9265873015873016,2.517218774491389e-05,DYNAMIC,GENERATED,,2026-06-16T12:25:34.090070,,,,,0.0,0.0
SIG_20260616_122635_EURJPY,EURJPY,0.23412698412698413,0.21626984126984128,9.93934989871413e-06,DYNAMIC,GENERATED,,2026-06-16T12:26:35.121819,,,,,0.0,0.0
SIG_20260616_122635_USDJPY,USDJPY,0.878968253968254,0.9603174603174603,1.4587697395235312e-05,DYNAMIC,BLOCKED_SPREAD,,2026-06-16T12:26:35.166040,2026-06-16T12:26:35.196564,,,,0.0,0.0
SIG_20260616_122635_GBPJPY,GBPJPY,0.6468253968253969,0.16666666666666666,1.8857251632821323e-05,DYNAMIC,GENERATED,,2026-06-16T12:26:35.261256,,,,,0.0,0.0
SIG_20260616_122635_XAUUSD,XAUUSD,0.8253968253968254,0.1488095238095238,0.0006041654367633653,DYNAMIC,BLOCKED_POSITION_EXISTS,,2026-06-16T12:26:35.307132,2026-06-16T12:26:35.341116,,,,0.0,0.0
SIG_20260616_122635_EURUSD,EURUSD,0.6706349206349206,0.9265873015873016,2.5456827528886868e-05,DYNAMIC,GENERATED,,2026-06-16T12:26:35.403140,,,,,0.0,0.0
SIG_20260616_122736_EURJPY,EURJPY,0.23214285714285715,0.21626984126984128,9.91743396805002e-06,DYNAMIC,GENERATED,,2026-06-16T12:27:36.372710,,,,,0.0,0.0
SIG_20260616_122736_USDJPY,USDJPY,0.878968253968254,0.9603174603174603,1.4548435830089639e-05,DYNAMIC,TRIGGERED,,2026-06-16T12:27:36.418818,2026-06-16T12:27:36.452814,,,,0.0,0.0
SIG_20260616_122736_GBPJPY,GBPJPY,0.6448412698412699,0.26785714285714285,1.882856245156845e-05,DYNAMIC,GENERATED,,2026-06-16T12:27:36.501498,,,,,0.0,0.0
SIG_20260616_122736_XAUUSD,XAUUSD,0.8253968253968254,0.1488095238095238,0.000605123204553722,DYNAMIC,BLOCKED_POSITION_EXISTS,,2026-06-16T12:27:36.551980,2026-06-16T12:27:36.577865,,,,0.0,0.0
SIG_20260616_122736_EURUSD,EURUSD,0.6587301587301587,0.9265873015873016,2.5345707763830313e-05,DYNAMIC,GENERATED,,2026-06-16T12:27:36.642759,,,,,0.0,0.0
SIG_20260616_122837_EURJPY,EURJPY,0.23214285714285715,0.21626984126984128,9.9217011131685e-06,DYNAMIC,GENERATED,,2026-06-16T12:28:37.657200,,,,,0.0,0.0
SIG_20260616_122837_USDJPY,USDJPY,0.878968253968254,0.9603174603174603,1.4567715787403034e-05,DYNAMIC,TRIGGERED,,2026-06-16T12:28:37.704586,2026-06-16T12:28:37.742372,,,,0.0,0.0
SIG_20260616_122837_GBPJPY,GBPJPY,0.6448412698412699,0.26785714285714285,1.882856245156845e-05,DYNAMIC,GENERATED,,2026-06-16T12:28:37.784596,,,,,0.0,0.0
SIG_20260616_122837_XAUUSD,XAUUSD,0.8253968253968254,0.1488095238095238,0.0006053458871638955,DYNAMIC,BLOCKED_POSITION_EXISTS,,2026-06-16T12:28:37.837273,2026-06-16T12:28:37.863053,,,,0.0,0.0
SIG_20260616_122837_EURUSD,EURUSD,0.6626984126984127,0.9265873015873016,2.5376712015693037e-05,DYNAMIC,GENERATED,,2026-06-16T12:28:37.935848,,,,,0.0,0.0
SIG_20260616_122938_EURJPY,EURJPY,0.2361111111111111,0.21626984126984128,9.97246891851634e-06,DYNAMIC,GENERATED,,2026-06-16T12:29:38.838825,,,,,0.0,0.0
SIG_20260616_122938_USDJPY,USDJPY,0.878968253968254,0.9603174603174603,1.4548435830089639e-05,DYNAMIC,TRIGGERED,,2026-06-16T12:29:38.889686,2026-06-16T12:29:38.932135,,,,0.0,0.0
SIG_20260616_122938_GBPJPY,GBPJPY,0.6448412698412699,0.26785714285714285,1.8820755624115158e-05,DYNAMIC,GENERATED,,2026-06-16T12:29:38.971903,,,,,0.0,0.0
SIG_20260616_122939_XAUUSD,XAUUSD,0.8253968253968254,0.1488095238095238,0.0006060120730213697,DYNAMIC,BLOCKED_POSITION_EXISTS,,2026-06-16T12:29:39.024838,2026-06-16T12:29:39.058522,,,,0.0,0.0
SIG_20260616_122939_EURUSD,EURUSD,0.6706349206349206,0.9265873015873016,2.5456827528886868e-05,DYNAMIC,GENERATED,,2026-06-16T12:29:39.118608,,,,,0.0,0.0
SIG_20260616_123040_EURJPY,EURJPY,0.19047619047619047,0.11507936507936507,9.597594669019454e-06,DYNAMIC,GENERATED,,2026-06-16T12:30:40.047394,,,,,0.0,0.0
SIG_20260616_123040_USDJPY,USDJPY,0.8531746031746031,0.9662698412698413,1.425440168005848e-05,DYNAMIC,BLOCKED_SPREAD,,2026-06-16T12:30:40.098750,2026-06-16T12:30:40.138976,,,,0.0,0.0
SIG_20260616_123040_GBPJPY,GBPJPY,0.6309523809523809,0.3194444444444444,1.854336021526109e-05,DYNAMIC,GENERATED,,2026-06-16T12:30:40.209595,,,,,0.0,0.0
SIG_20260616_123040_XAUUSD,XAUUSD,0.7916666666666666,0.14682539682539683,0.0005796990184014309,DYNAMIC,BLOCKED_POSITION_EXISTS,,2026-06-16T12:30:40.260283,2026-06-16T12:30:40.302946,,,,0.0,0.0
SIG_20260616_123040_EURUSD,EURUSD,0.6111111111111112,0.9166666666666666,2.416259417760072e-05,DYNAMIC,GENERATED,,2026-06-16T12:30:40.366610,,,,,0.0,0.0
SIG_20260616_123141_EURJPY,EURJPY,0.19047619047619047,0.11507936507936507,9.601075632745243e-06,DYNAMIC,GENERATED,,2026-06-16T12:31:41.354088,,,,,0.0,0.0
SIG_20260616_123141_USDJPY,USDJPY,0.8531746031746031,0.9662698412698413,1.4252531675425323e-05,DYNAMIC,TRIGGERED,,2026-06-16T12:31:41.408958,2026-06-16T12:31:41.448321,,,,0.0,0.0
SIG_20260616_123141_GBPJPY,GBPJPY,0.628968253968254,0.3194444444444444,1.8535186143461645e-05,DYNAMIC,GENERATED,,2026-06-16T12:31:41.494350,,,,,0.0,0.0
SIG_20260616_123141_XAUUSD,XAUUSD,0.7916666666666666,0.14682539682539683,0.0005797959857115342,DYNAMIC,BLOCKED_POSITION_EXISTS,,2026-06-16T12:31:41.556333,2026-06-16T12:31:41.596204,,,,0.0,0.0
SIG_20260616_123141_EURUSD,EURUSD,0.6111111111111112,0.9166666666666666,2.415402697524997e-05,DYNAMIC,GENERATED,,2026-06-16T12:31:41.679694,,,,,0.0,0.0
SIG_20260616_123242_EURJPY,EURJPY,0.19047619047619047,0.11507936507936507,9.592951563080934e-06,DYNAMIC,GENERATED,,2026-06-16T12:32:42.656002,,,,,0.0,0.0
SIG_20260616_123242_USDJPY,USDJPY,0.8531746031746031,0.9662698412698413,1.42601282401104e-05,DYNAMIC,TRIGGERED,,2026-06-16T12:32:42.719889,2026-06-16T12:32:42.752817,,,,0.0,0.0
SIG_20260616_123242_GBPJPY,GBPJPY,0.628968253968254,0.3194444444444444,1.8535554816339733e-05,DYNAMIC,GENERATED,,2026-06-16T12:32:42.794977,,,,,0.0,0.0
SIG_20260616_123242_XAUUSD,XAUUSD,0.7916666666666666,0.14682539682539683,0.0005797423684838245,DYNAMIC,BLOCKED_POSITION_EXISTS,,2026-06-16T12:32:42.841748,2026-06-16T12:32:42.891492,,,,0.0,0.0
SIG_20260616_123242_EURUSD,EURUSD,0.6111111111111112,0.9166666666666666,2.4160582919985596e-05,DYNAMIC,GENERATED,,2026-06-16T12:32:42.961737,,,,,0.0,0.0
SIG_20260616_123343_EURJPY,EURJPY,0.19047619047619047,0.11507936507936507,9.592719420367977e-06,DYNAMIC,GENERATED,,2026-06-16T12:33:43.895436,,,,,0.0,0.0
SIG_20260616_123343_USDJPY,USDJPY,0.8531746031746031,0.9662698412698413,1.426511439005228e-05,DYNAMIC,TRIGGERED,,2026-06-16T12:33:43.933158,2026-06-16T12:33:43.963659,,,,0.0,0.0
SIG_20260616_123344_GBPJPY,GBPJPY,0.628968253968254,0.3194444444444444,1.853382040116025e-05,DYNAMIC,GENERATED,,2026-06-16T12:33:44.000089,,,,,0.0,0.0
SIG_20260616_123344_XAUUSD,XAUUSD,0.7916666666666666,0.14682539682539683,0.0005797232919076932,DYNAMIC,BLOCKED_POSITION_EXISTS,,2026-06-16T12:33:44.036703,2026-06-16T12:33:44.065403,,,,0.0,0.0
SIG_20260616_123344_EURUSD,EURUSD,0.6111111111111112,0.9166666666666666,2.4158720668513833e-05,DYNAMIC,GENERATED,,2026-06-16T12:33:44.114770,,,,,0.0,0.0
SIG_20260616_123444_EURJPY,EURJPY,0.19047619047619047,0.11507936507936507,9.61230334570263e-06,DYNAMIC,GENERATED,,2026-06-16T12:34:44.760857,,,,,0.0,0.0
SIG_20260616_123444_USDJPY,USDJPY,0.8531746031746031,0.9662698412698413,1.4305816862629356e-05,DYNAMIC,BLOCKED_SPREAD,,2026-06-16T12:34:44.786732,2026-06-16T12:34:44.807803,,,,0.0,0.0
SIG_20260616_123444_GBPJPY,GBPJPY,0.6309523809523809,0.3194444444444444,1.8594680770065678e-05,DYNAMIC,GENERATED,,2026-06-16T12:34:44.852874,,,,,0.0,0.0
SIG_20260616_123444_XAUUSD,XAUUSD,0.7916666666666666,0.14682539682539683,0.0005800983908842124,DYNAMIC,BLOCKED_POSITION_EXISTS,,2026-06-16T12:34:44.884969,2026-06-16T12:34:44.908709,,,,0.0,0.0
SIG_20260616_123444_EURUSD,EURUSD,0.6111111111111112,0.9166666666666666,2.4157007419327406e-05,DYNAMIC,GENERATED,,2026-06-16T12:34:44.951220,,,,,0.0,0.0
SIG_20260616_123545_EURJPY,EURJPY,0.19047619047619047,0.11507936507936507,9.646330951137977e-06,DYNAMIC,GENERATED,,2026-06-16T12:35:45.510320,,,,,0.0,0.0
SIG_20260616_123545_USDJPY,USDJPY,0.8531746031746031,0.9662698412698413,1.4285252282155767e-05,DYNAMIC,BLOCKED_SPREAD,,2026-06-16T12:35:45.535958,2026-06-16T12:35:45.555409,,,,0.0,0.0
SIG_20260616_123545_GBPJPY,GBPJPY,0.6329365079365079,0.3194444444444444,1.8611822300273123e-05,DYNAMIC,GENERATED,,2026-06-16T12:35:45.591998,,,,,0.0,0.0
SIG_20260616_123545_XAUUSD,XAUUSD,0.7916666666666666,0.14682539682539683,0.0005801101894732149,DYNAMIC,BLOCKED_POSITION_EXISTS,,2026-06-16T12:35:45.615919,2026-06-16T12:35:45.644220,,,,0.0,0.0
SIG_20260616_123545_EURUSD,EURUSD,0.6111111111111112,0.9166666666666666,2.4150675794985772e-05,DYNAMIC,GENERATED,,2026-06-16T12:35:45.679620,,,,,0.0,0.0
SIG_20260616_123646_EURJPY,EURJPY,0.2123015873015873,0.11507936507936507,9.812219400552895e-06,DYNAMIC,GENERATED,,2026-06-16T12:36:46.243060,,,,,0.0,0.0
SIG_20260616_123646_USDJPY,USDJPY,0.8531746031746031,0.9662698412698413,1.430297374249732e-05,DYNAMIC,TRIGGERED,,2026-06-16T12:36:46.274446,2026-06-16T12:36:46.296589,,,,0.0,0.0
SIG_20260616_123646_GBPJPY,GBPJPY,0.6448412698412699,0.3194444444444444,1.875924278616284e-05,DYNAMIC,GENERATED,,2026-06-16T12:36:46.325877,,,,,0.0,0.0
SIG_20260616_123646_XAUUSD,XAUUSD,0.7916666666666666,0.14682539682539683,0.0005805563639330706,DYNAMIC,BLOCKED_POSITION_EXISTS,,2026-06-16T12:36:46.354779,2026-06-16T12:36:46.382075,,,,0.0,0.0
SIG_20260616_123646_EURUSD,EURUSD,0.6111111111111112,0.9166666666666666,2.419833055871087e-05,DYNAMIC,GENERATED,,2026-06-16T12:36:46.421084,,,,,0.0,0.0
SIG_20260616_123747_EURJPY,EURJPY,0.1984126984126984,0.11507936507936507,9.68693864576489e-06,DYNAMIC,GENERATED,,2026-06-16T12:37:47.000822,,,,,0.0,0.0
SIG_20260616_123747_USDJPY,USDJPY,0.8551587301587301,0.9662698412698413,1.4321200429555833e-05,DYNAMIC,TRIGGERED,,2026-06-16T12:37:47.029858,2026-06-16T12:37:47.054994,,,,0.0,0.0
SIG_20260616_123747_GBPJPY,GBPJPY,0.6369047619047619,0.3194444444444444,1.8675982794209248e-05,DYNAMIC,GENERATED,,2026-06-16T12:37:47.089200,,,,,0.0,0.0
SIG_20260616_123747_XAUUSD,XAUUSD,0.7916666666666666,0.14682539682539683,0.0005799511502379935,DYNAMIC,BLOCKED_POSITION_EXISTS,,2026-06-16T12:37:47.122143,2026-06-16T12:37:47.143712,,,,0.0,0.0
SIG_20260616_123747_EURUSD,EURUSD,0.6111111111111112,0.9166666666666666,2.414918633269263e-05,DYNAMIC,GENERATED,,2026-06-16T12:37:47.181432,,,,,0.0,0.0
SIG_20260616_123847_EURJPY,EURJPY,0.20634920634920634,0.11507936507936507,9.778321073378876e-06,DYNAMIC,GENERATED,,2026-06-16T12:38:47.752663,,,,,0.0,0.0
SIG_20260616_123847_USDJPY,USDJPY,0.8531746031746031,0.9662698412698413,1.4314813415363208e-05,DYNAMIC,TRIGGERED,,2026-06-16T12:38:47.784727,2026-06-16T12:38:47.803208,,,,0.0,0.0
SIG_20260616_123847_GBPJPY,GBPJPY,0.6488095238095238,0.3194444444444444,1.8861596676007954e-05,DYNAMIC,GENERATED,,2026-06-16T12:38:47.834618,,,,,0.0,0.0
SIG_20260616_123847_XAUUSD,XAUUSD,0.7916666666666666,0.14682539682539683,0.0005805606529485866,DYNAMIC,BLOCKED_POSITION_EXISTS,,2026-06-16T12:38:47.866503,2026-06-16T12:38:47.886990,,,,0.0,0.0
SIG_20260616_123847_EURUSD,EURUSD,0.6111111111111112,0.9166666666666666,2.4174876875623967e-05,DYNAMIC,GENERATED,,2026-06-16T12:38:47.924711,,,,,0.0,0.0
SIG_20260616_123948_EURJPY,EURJPY,0.2003968253968254,0.11507936507936507,9.75584675225771e-06,DYNAMIC,GENERATED,,2026-06-16T12:39:48.507946,,,,,0.0,0.0
SIG_20260616_123948_USDJPY,USDJPY,0.8551587301587301,0.9662698412698413,1.4317967992194205e-05,DYNAMIC,TRIGGERED,,2026-06-16T12:39:48.527041,2026-06-16T12:39:48.559535,,,,0.0,0.0
SIG_20260616_123948_GBPJPY,GBPJPY,0.6488095238095238,0.3194444444444444,1.8861596676007954e-05,DYNAMIC,GENERATED,,2026-06-16T12:39:48.587539,,,,,0.0,0.0
SIG_20260616_123948_XAUUSD,XAUUSD,0.7916666666666666,0.1388888888888889,0.0005803185474651399,DYNAMIC,BLOCKED_POSITION_EXISTS,,2026-06-16T12:39:48.629091,2026-06-16T12:39:48.655494,,,,0.0,0.0
SIG_20260616_123948_EURUSD,EURUSD,0.6111111111111112,0.9166666666666666,2.4164750106655766e-05,DYNAMIC,GENERATED,,2026-06-16T12:39:48.696302,,,,,0.0,0.0
SIG_20260616_124049_EURJPY,EURJPY,0.20833333333333334,0.11507936507936507,9.787716525685904e-06,DYNAMIC,GENERATED,,2026-06-16T12:40:49.280320,,,,,0.0,0.0
SIG_20260616_124049_USDJPY,USDJPY,0.8630952380952381,0.9662698412698413,1.440706481532574e-05,DYNAMIC,TRIGGERED,,2026-06-16T12:40:49.315888,2026-06-16T12:40:49.344248,,,,0.0,0.0
SIG_20260616_124049_GBPJPY,GBPJPY,0.6607142857142857,0.43253968253968256,1.9159834095043587e-05,DYNAMIC,GENERATED,,2026-06-16T12:40:49.378788,,,,,0.0,0.0
SIG_20260616_124049_XAUUSD,XAUUSD,0.7916666666666666,0.1388888888888889,0.0005799848206357022,DYNAMIC,BLOCKED_POSITION_EXISTS,,2026-06-16T12:40:49.410137,2026-06-16T12:40:49.433034,,,,0.0,0.0
SIG_20260616_124049_EURUSD,EURUSD,0.6111111111111112,0.9166666666666666,2.4149856595480395e-05,DYNAMIC,GENERATED,,2026-06-16T12:40:49.481606,,,,,0.0,0.0
SIG_20260616_124150_EURJPY,EURJPY,0.2777777777777778,0.18055555555555555,1.0316462028773409e-05,DYNAMIC,GENERATED,,2026-06-16T12:41:50.052159,,,,,0.0,0.0
SIG_20260616_124150_USDJPY,USDJPY,0.8948412698412699,0.9781746031746031,1.474962437031343e-05,DYNAMIC,TRIGGERED,,2026-06-16T12:41:50.110739,2026-06-16T12:41:50.152784,,,,0.0,0.0
SIG_20260616_124150_GBPJPY,GBPJPY,0.6825396825396826,0.43253968253968256,1.9669470365933314e-05,DYNAMIC,GENERATED,,2026-06-16T12:41:50.186301,,,,,0.0,0.0
SIG_20260616_124150_XAUUSD,XAUUSD,0.7916666666666666,0.1388888888888889,0.000580329525957721,DYNAMIC,BLOCKED_POSITION_EXISTS,,2026-06-16T12:41:50.219698,2026-06-16T12:41:50.243208,,,,0.0,0.0
SIG_20260616_124150_EURUSD,EURUSD,0.6111111111111112,0.9166666666666666,2.4164750106655766e-05,DYNAMIC,GENERATED,,2026-06-16T12:41:50.291151,,,,,0.0,0.0
SIG_20260616_124250_EURJPY,EURJPY,0.2876984126984127,0.18055555555555555,1.0372450575228442e-05,DYNAMIC,GENERATED,,2026-06-16T12:42:50.867661,,,,,0.0,0.0
SIG_20260616_124250_USDJPY,USDJPY,0.8988095238095238,0.9781746031746031,1.490030712823064e-05,DYNAMIC,TRIGGERED,,2026-06-16T12:42:50.901987,2026-06-16T12:42:50.926893,,,,0.0,0.0
SIG_20260616_124250_GBPJPY,GBPJPY,0.6825396825396826,0.43253968253968256,1.9669470365933314e-05,DYNAMIC,GENERATED,,2026-06-16T12:42:50.957216,,,,,0.0,0.0
SIG_20260616_124250_XAUUSD,XAUUSD,0.7916666666666666,0.1388888888888889,0.000580755171163681,DYNAMIC,BLOCKED_POSITION_EXISTS,,2026-06-16T12:42:50.981848,2026-06-16T12:42:50.998527,,,,0.0,0.0
SIG_20260616_124251_EURUSD,EURUSD,0.6111111111111112,0.9166666666666666,2.4152760988726212e-05,DYNAMIC,GENERATED,,2026-06-16T12:42:51.043531,,,,,0.0,0.0
SIG_20260616_124351_EURJPY,EURJPY,0.2876984126984127,0.18055555555555555,1.0372450575228442e-05,DYNAMIC,GENERATED,,2026-06-16T12:43:51.631315,,,,,0.0,0.0
SIG_20260616_124351_USDJPY,USDJPY,0.9027777777777778,0.9781746031746031,1.4941087345686285e-05,DYNAMIC,TRIGGERED,,2026-06-16T12:43:51.666333,2026-06-16T12:43:51.692029,,,,0.0,0.0
SIG_20260616_124351_GBPJPY,GBPJPY,0.6765873015873016,0.43253968253968256,1.9582001635281323e-05,DYNAMIC,GENERATED,,2026-06-16T12:43:51.724207,,,,,0.0,0.0
SIG_20260616_124351_XAUUSD,XAUUSD,0.7916666666666666,0.1388888888888889,0.0005803744003761583,DYNAMIC,BLOCKED_POSITION_EXISTS,,2026-06-16T12:43:51.754900,2026-06-16T12:43:51.780222,,,,0.0,0.0
SIG_20260616_124351_EURUSD,EURUSD,0.6111111111111112,0.9166666666666666,2.414918633269263e-05,DYNAMIC,GENERATED,,2026-06-16T12:43:51.821658,,,,,0.0,0.0
SIG_20260616_124452_EURJPY,EURJPY,0.2757936507936508,0.18055555555555555,1.0307333202128522e-05,DYNAMIC,GENERATED,,2026-06-16T12:44:52.420767,,,,,0.0,0.0
SIG_20260616_124452_USDJPY,USDJPY,0.8948412698412699,0.9781746031746031,1.4785429156767105e-05,DYNAMIC,TRIGGERED,,2026-06-16T12:44:52.457750,2026-06-16T12:44:52.485820,,,,0.0,0.0
SIG_20260616_124452_GBPJPY,GBPJPY,0.6765873015873016,0.43253968253968256,1.9507190976219012e-05,DYNAMIC,GENERATED,,2026-06-16T12:44:52.513455,,,,,0.0,0.0
SIG_20260616_124452_XAUUSD,XAUUSD,0.7916666666666666,0.1388888888888889,0.0005799488253161577,DYNAMIC,BLOCKED_POSITION_EXISTS,,2026-06-16T12:44:52.546471,2026-06-16T12:44:52.580300,,,,0.0,0.0
SIG_20260616_124452_EURUSD,EURUSD,0.6111111111111112,0.9166666666666666,2.415871844717028e-05,DYNAMIC,GENERATED,,2026-06-16T12:44:52.621432,,,,,0.0,0.0
SIG_20260616_124553_EURJPY,EURJPY,0.2896825396825397,0.18055555555555555,1.0381984588675355e-05,DYNAMIC,GENERATED,,2026-06-16T12:45:53.240745,,,,,0.0,0.0
SIG_20260616_124553_USDJPY,USDJPY,0.8988095238095238,0.9781746031746031,1.4880383407960484e-05,DYNAMIC,BLOCKED_SPREAD,,2026-06-16T12:45:53.280943,2026-06-16T12:45:53.305540,,,,0.0,0.0
SIG_20260616_124553_GBPJPY,GBPJPY,0.6765873015873016,0.43253968253968256,1.9591547488975036e-05,DYNAMIC,GENERATED,,2026-06-16T12:45:53.361499,,,,,0.0,0.0
SIG_20260616_124553_XAUUSD,XAUUSD,0.7916666666666666,0.1388888888888889,0.0005802933045090507,DYNAMIC,BLOCKED_POSITION_EXISTS,,2026-06-16T12:45:53.402137,2026-06-16T12:45:53.440491,,,,0.0,0.0
SIG_20260616_124553_EURUSD,EURUSD,0.6111111111111112,0.9166666666666666,2.414799472583867e-05,DYNAMIC,GENERATED,,2026-06-16T12:45:53.500277,,,,,0.0,0.0
SIG_20260616_124654_EURJPY,EURJPY,0.2896825396825397,0.18055555555555555,1.0381984588675355e-05,DYNAMIC,GENERATED,,2026-06-16T12:46:54.188902,,,,,0.0,0.0
SIG_20260616_124654_USDJPY,USDJPY,0.8928571428571429,0.9781746031746031,1.4732188505228361e-05,DYNAMIC,TRIGGERED,,2026-06-16T12:46:54.223413,2026-06-16T12:46:54.254443,,,,0.0,0.0
SIG_20260616_124654_GBPJPY,GBPJPY,0.6825396825396826,0.43253968253968256,1.967940522242762e-05,DYNAMIC,GENERATED,,2026-06-16T12:46:54.289759,,,,,0.0,0.0
SIG_20260616_124654_XAUUSD,XAUUSD,0.7916666666666666,0.1388888888888889,0.0005800556676937045,DYNAMIC,BLOCKED_POSITION_EXISTS,,2026-06-16T12:46:54.324083,2026-06-16T12:46:54.355423,,,,0.0,0.0
SIG_20260616_124654_EURUSD,EURUSD,0.6111111111111112,0.9166666666666666,2.4180833572008215e-05,DYNAMIC,GENERATED,,2026-06-16T12:46:54.401600,,,,,0.0,0.0
SIG_20260616_124755_EURJPY,EURJPY,0.28174603174603174,0.18055555555555555,1.0344195824771161e-05,DYNAMIC,GENERATED,,2026-06-16T12:47:55.030983,,,,,0.0,0.0
SIG_20260616_124755_USDJPY,USDJPY,0.8948412698412699,0.9781746031746031,1.4767371258039342e-05,DYNAMIC,TRIGGERED,,2026-06-16T12:47:55.083764,2026-06-16T12:47:55.114712,,,,0.0,0.0
SIG_20260616_124755_GBPJPY,GBPJPY,0.6845238095238095,0.43253968253968256,1.9689383298439816e-05,DYNAMIC,GENERATED,,2026-06-16T12:47:55.148277,,,,,0.0,0.0
SIG_20260616_124755_XAUUSD,XAUUSD,0.7916666666666666,0.1388888888888889,0.0005802409734731468,DYNAMIC,BLOCKED_POSITION_EXISTS,,2026-06-16T12:47:55.184034,2026-06-16T12:47:55.214648,,,,0.0,0.0
SIG_20260616_124755_EURUSD,EURUSD,0.6111111111111112,0.9166666666666666,2.4164750106655766e-05,DYNAMIC,GENERATED,,2026-06-16T12:47:55.262432,,,,,0.0,0.0
SIG_20260616_124855_EURJPY,EURJPY,0.30753968253968256,0.18055555555555555,1.0430522838560742e-05,DYNAMIC,GENERATED,,2026-06-16T12:48:55.837862,,,,,0.0,0.0
SIG_20260616_124855_USDJPY,USDJPY,0.8968253968253969,0.9781746031746031,1.483193450031324e-05,DYNAMIC,BLOCKED_SPREAD,,2026-06-16T12:48:55.871301,2026-06-16T12:48:55.902757,,,,0.0,0.0
SIG_20260616_124855_GBPJPY,GBPJPY,0.6845238095238095,0.43253968253968256,1.9689383298439816e-05,DYNAMIC,GENERATED,,2026-06-16T12:48:55.955622,,,,,0.0,0.0
SIG_20260616_124855_XAUUSD,XAUUSD,0.7916666666666666,0.1388888888888889,0.0005800867631280005,DYNAMIC,BLOCKED_POSITION_EXISTS,,2026-06-16T12:48:55.990453,2026-06-16T12:48:56.018664,,,,0.0,0.0
SIG_20260616_124856_EURUSD,EURUSD,0.6111111111111112,0.9166666666666666,2.416705846128696e-05,DYNAMIC,GENERATED,,2026-06-16T12:48:56.064011,,,,,0.0,0.0
SIG_20260616_124956_EURJPY,EURJPY,0.3115079365079365,0.18055555555555555,1.0440404118523274e-05,DYNAMIC,GENERATED,,2026-06-16T12:49:56.661471,,,,,0.0,0.0
SIG_20260616_124956_USDJPY,USDJPY,0.8968253968253969,0.9781746031746031,1.4841468802533932e-05,DYNAMIC,TRIGGERED,,2026-06-16T12:49:56.696248,2026-06-16T12:49:56.727312,,,,0.0,0.0
SIG_20260616_124956_GBPJPY,GBPJPY,0.6765873015873016,0.43253968253968256,1.9591547488975036e-05,DYNAMIC,GENERATED,,2026-06-16T12:49:56.755446,,,,,0.0,0.0
SIG_20260616_124956_XAUUSD,XAUUSD,0.7916666666666666,0.1388888888888889,0.000580389699993307,DYNAMIC,BLOCKED_POSITION_EXISTS,,2026-06-16T12:49:56.788061,2026-06-16T12:49:56.812745,,,,0.0,0.0
SIG_20260616_124956_EURUSD,EURUSD,0.6111111111111112,0.9166666666666666,2.4169515710228365e-05,DYNAMIC,GENERATED,,2026-06-16T12:49:56.860093,,,,,0.0,0.0
SIG_20260616_125057_EURJPY,EURJPY,0.31547619047619047,0.18055555555555555,1.0460340300958316e-05,DYNAMIC,GENERATED,,2026-06-16T12:50:57.436423,,,,,0.0,0.0
SIG_20260616_125057_USDJPY,USDJPY,0.8968253968253969,0.9781746031746031,1.4870538150032564e-05,DYNAMIC,BLOCKED_SPREAD,,2026-06-16T12:50:57.463666,2026-06-16T12:50:57.487349,,,,0.0,0.0
SIG_20260616_125057_GBPJPY,GBPJPY,0.6765873015873016,0.43253968253968256,1.9498034174199558e-05,DYNAMIC,GENERATED,,2026-06-16T12:50:57.531725,,,,,0.0,0.0
SIG_20260616_125057_XAUUSD,XAUUSD,0.7916666666666666,0.1388888888888889,0.0005803149093116964,DYNAMIC,BLOCKED_POSITION_EXISTS,,2026-06-16T12:50:57.563836,2026-06-16T12:50:57.595600,,,,0.0,0.0
SIG_20260616_125057_EURUSD,EURUSD,0.6111111111111112,0.9166666666666666,2.4162590650189393e-05,DYNAMIC,GENERATED,,2026-06-16T12:50:57.635563,,,,,0.0,0.0
SIG_20260616_125158_EURJPY,EURJPY,0.3115079365079365,0.18055555555555555,1.0450343272967543e-05,DYNAMIC,GENERATED,,2026-06-16T12:51:58.192035,,,,,0.0,0.0
SIG_20260616_125158_USDJPY,USDJPY,0.8968253968253969,0.9781746031746031,1.482247794065457e-05,DYNAMIC,TRIGGERED,,2026-06-16T12:51:58.224810,2026-06-16T12:51:58.250027,,,,0.0,0.0
SIG_20260616_125158_GBPJPY,GBPJPY,0.6706349206349206,0.43253968253968256,1.9426336124048855e-05,DYNAMIC,GENERATED,,2026-06-16T12:51:58.291076,,,,,0.0,0.0
SIG_20260616_125158_XAUUSD,XAUUSD,0.7916666666666666,0.1388888888888889,0.000580072468673574,DYNAMIC,BLOCKED_POSITION_EXISTS,,2026-06-16T12:51:58.317808,2026-06-16T12:51:58.347232,,,,0.0,0.0
SIG_20260616_125158_EURUSD,EURUSD,0.6111111111111112,0.9166666666666666,2.4169515710228365e-05,DYNAMIC,GENERATED,,2026-06-16T12:51:58.388992,,,,,0.0,0.0
SIG_20260616_125258_EURJPY,EURJPY,0.27976190476190477,0.18055555555555555,1.0334893341030192e-05,DYNAMIC,GENERATED,,2026-06-16T12:52:58.963341,,,,,0.0,0.0
SIG_20260616_125258_USDJPY,USDJPY,0.8968253968253969,0.9781746031746031,1.483193450031324e-05,DYNAMIC,BLOCKED_SPREAD,,2026-06-16T12:52:58.993606,2026-06-16T12:52:59.019674,,,,0.0,0.0
SIG_20260616_125259_GBPJPY,GBPJPY,0.6706349206349206,0.43253968253968256,1.939152473907918e-05,DYNAMIC,GENERATED,,2026-06-16T12:52:59.072492,,,,,0.0,0.0
SIG_20260616_125259_XAUUSD,XAUUSD,0.7916666666666666,0.1388888888888889,0.0005797296231192066,DYNAMIC,BLOCKED_POSITION_EXISTS,,2026-06-16T12:52:59.104066,2026-06-16T12:52:59.135135,,,,0.0,0.0
SIG_20260616_125259_EURUSD,EURUSD,0.6111111111111112,0.9166666666666666,2.415402697524997e-05,DYNAMIC,GENERATED,,2026-06-16T12:52:59.181627,,,,,0.0,0.0
SIG_20260616_125348_EURJPY,EURJPY,0.2876984126984127,0.18055555555555555,1.0362974442805668e-05,DYNAMIC,GENERATED,,2026-06-16T12:53:48.965987,,,,,0.0,0.0
SIG_20260616_125348_USDJPY,USDJPY,0.8968253968253969,0.9781746031746031,1.4841468802533932e-05,DYNAMIC,BLOCKED_SPREAD,,2026-06-16T12:53:48.980980,2026-06-16T12:53:48.997739,,,,0.0,0.0
SIG_20260616_125349_GBPJPY,GBPJPY,0.6706349206349206,0.43253968253968256,1.939152473907918e-05,DYNAMIC,GENERATED,,2026-06-16T12:53:49.029925,,,,,0.0,0.0
SIG_20260616_125349_XAUUSD,XAUUSD,0.7916666666666666,0.1388888888888889,0.000579734820576069,DYNAMIC,BLOCKED_POSITION_EXISTS,,2026-06-16T12:53:49.047577,2026-06-16T12:53:49.061844,,,,0.0,0.0
SIG_20260616_125349_EURUSD,EURUSD,0.6111111111111112,0.9166666666666666,2.4157005708327277e-05,DYNAMIC,GENERATED,,2026-06-16T12:53:49.092388,,,,,0.0,0.0
SIG_20260616_125449_EURJPY,EURJPY,0.2718253968253968,0.18055555555555555,1.023638661997299e-05,DYNAMIC,GENERATED,,2026-06-16T12:54:49.600654,,,,,0.0,0.0
SIG_20260616_125449_USDJPY,USDJPY,0.8948412698412699,0.9781746031746031,1.4767371258039342e-05,DYNAMIC,BLOCKED_SPREAD,,2026-06-16T12:54:49.616126,2026-06-16T12:54:49.622139,,,,0.0,0.0
SIG_20260616_125449_GBPJPY,GBPJPY,0.6607142857142857,0.43253968253968256,1.916721793188505e-05,DYNAMIC,GENERATED,,2026-06-16T12:54:49.655226,,,,,0.0,0.0
SIG_20260616_125449_XAUUSD,XAUUSD,0.7916666666666666,0.1388888888888889,0.0005797702859014764,DYNAMIC,BLOCKED_POSITION_EXISTS,,2026-06-16T12:54:49.671616,2026-06-16T12:54:49.687756,,,,0.0,0.0
SIG_20260616_125449_EURUSD,EURUSD,0.6111111111111112,0.9166666666666666,2.4151643927352933e-05,DYNAMIC,GENERATED,,2026-06-16T12:54:49.705529,,,,,0.0,0.0
SIG_20260616_125550_EURJPY,EURJPY,0.27380952380952384,0.18055555555555555,1.0271396780581438e-05,DYNAMIC,GENERATED,,2026-06-16T12:55:50.176435,,,,,0.0,0.0
SIG_20260616_125550_USDJPY,USDJPY,0.8948412698412699,0.9781746031746031,1.4758458937074443e-05,DYNAMIC,TRIGGERED,,2026-06-16T12:55:50.194415,2026-06-16T12:55:50.209640,,,,0.0,0.0
SIG_20260616_125550_GBPJPY,GBPJPY,0.6666666666666666,0.43253968253968256,1.9307523036795335e-05,DYNAMIC,GENERATED,,2026-06-16T12:55:50.228281,,,,,0.0,0.0
SIG_20260616_125550_XAUUSD,XAUUSD,0.7916666666666666,0.1388888888888889,0.0005798222505994533,DYNAMIC,BLOCKED_POSITION_EXISTS,,2026-06-16T12:55:50.245492,2026-06-16T12:55:50.259766,,,,0.0,0.0
SIG_20260616_125550_EURUSD,EURUSD,0.6111111111111112,0.9166666666666666,2.415544188306878e-05,DYNAMIC,GENERATED,,2026-06-16T12:55:50.279191,,,,,0.0,0.0
SIG_20260616_125650_EURJPY,EURJPY,0.2777777777777778,0.18055555555555555,1.0316462028773409e-05,DYNAMIC,GENERATED,,2026-06-16T12:56:50.763091,,,,,0.0,0.0
SIG_20260616_125650_USDJPY,USDJPY,0.8928571428571429,0.9781746031746031,1.471506367442875e-05,DYNAMIC,BLOCKED_SPREAD,,2026-06-16T12:56:50.769770,2026-06-16T12:56:50.786512,,,,0.0,0.0
SIG_20260616_125650_GBPJPY,GBPJPY,0.6706349206349206,0.43253968253968256,1.9426336124048855e-05,DYNAMIC,GENERATED,,2026-06-16T12:56:50.819461,,,,,0.0,0.0
SIG_20260616_125650_XAUUSD,XAUUSD,0.7916666666666666,0.1388888888888889,0.0005806759114550322,DYNAMIC,BLOCKED_POSITION_EXISTS,,2026-06-16T12:56:50.836504,2026-06-16T12:56:50.853211,,,,0.0,0.0
SIG_20260616_125650_EURUSD,EURUSD,0.6111111111111112,0.9166666666666666,2.4169515710228365e-05,DYNAMIC,GENERATED,,2026-06-16T12:56:50.869693,,,,,0.0,0.0
SIG_20260616_125751_EURJPY,EURJPY,0.26587301587301587,0.18055555555555555,1.0185608249224464e-05,DYNAMIC,GENERATED,,2026-06-16T12:57:51.327705,,,,,0.0,0.0
SIG_20260616_125751_USDJPY,USDJPY,0.8809523809523809,0.9781746031746031,1.4567892843103675e-05,DYNAMIC,TRIGGERED,,2026-06-16T12:57:51.342697,2026-06-16T12:57:51.362563,,,,0.0,0.0
SIG_20260616_125751_GBPJPY,GBPJPY,0.6686507936507936,0.43253968253968256,1.9365870199583265e-05,DYNAMIC,GENERATED,,2026-06-16T12:57:51.381504,,,,,0.0,0.0
SIG_20260616_125751_XAUUSD,XAUUSD,0.7916666666666666,0.1388888888888889,0.0005810273791973155,DYNAMIC,BLOCKED_POSITION_EXISTS,,2026-06-16T12:57:51.392877,2026-06-16T12:57:51.409598,,,,0.0,0.0
SIG_20260616_125751_EURUSD,EURUSD,0.6111111111111112,0.9166666666666666,2.4177780784369622e-05,DYNAMIC,GENERATED,,2026-06-16T12:57:51.437781,,,,,0.0,0.0
SIG_20260616_125851_EURJPY,EURJPY,0.23412698412698413,0.18055555555555555,9.937242533436243e-06,DYNAMIC,GENERATED,,2026-06-16T12:58:51.953947,,,,,0.0,0.0
SIG_20260616_125851_USDJPY,USDJPY,0.8650793650793651,0.9662698412698413,1.4412009815611794e-05,DYNAMIC,TRIGGERED,,2026-06-16T12:58:51.969673,2026-06-16T12:58:51.985645,,,,0.0,0.0
SIG_20260616_125852_GBPJPY,GBPJPY,0.6587301587301587,0.43253968253968256,1.908837489152763e-05,DYNAMIC,GENERATED,,2026-06-16T12:58:52.017224,,,,,0.0,0.0
SIG_20260616_125852_XAUUSD,XAUUSD,0.7916666666666666,0.1388888888888889,0.0005806486733516102,DYNAMIC,BLOCKED_POSITION_EXISTS,,2026-06-16T12:58:52.033077,2026-06-16T12:58:52.048928,,,,0.0,0.0
SIG_20260616_125852_EURUSD,EURUSD,0.6111111111111112,0.9166666666666666,2.4177780784369622e-05,DYNAMIC,GENERATED,,2026-06-16T12:58:52.080792,,,,,0.0,0.0
SIG_20260616_125952_EURJPY,EURJPY,0.2619047619047619,0.18055555555555555,1.0144885199837817e-05,DYNAMIC,GENERATED,,2026-06-16T12:59:52.546589,,,,,0.0,0.0
SIG_20260616_125952_USDJPY,USDJPY,0.8670634920634921,0.9662698412698413,1.4437902193075697e-05,DYNAMIC,BLOCKED_SPREAD,,2026-06-16T12:59:52.579104,2026-06-16T12:59:52.594071,,,,0.0,0.0
SIG_20260616_125952_GBPJPY,GBPJPY,0.6607142857142857,0.43253968253968256,1.91971858244909e-05,DYNAMIC,GENERATED,,2026-06-16T12:59:52.625618,,,,,0.0,0.0
SIG_20260616_125952_XAUUSD,XAUUSD,0.7916666666666666,0.1388888888888889,0.0005813484338564462,DYNAMIC,BLOCKED_POSITION_EXISTS,,2026-06-16T12:59:52.657380,2026-06-16T12:59:52.657380,,,,0.0,0.0
SIG_20260616_125952_EURUSD,EURUSD,0.6150793650793651,0.9226190476190477,2.4249922559185734e-05,DYNAMIC,GENERATED,,2026-06-16T12:59:52.688733,,,,,0.0,0.0
SIG_20260616_132019_EURJPY,EURJPY,0.38293650793650796,0.18055555555555555,1.0944947619149012e-05,DYNAMIC,GENERATED,,2026-06-16T13:20:19.667786,,,,,0.0,0.0
SIG_20260616_132019_USDJPY,USDJPY,0.8928571428571429,0.9841269841269841,1.4723587209815143e-05,DYNAMIC,POSITION_CLOSED,57100362553,2026-06-16T13:20:19.686541,2026-06-16T13:20:19.702242,2026-06-16T13:20:19.704969,2026-06-16T13:20:19.957010,2026-06-16T15:19:18.128127,1.8000000000000682,2.25
SIG_20260616_132019_GBPJPY,GBPJPY,0.6904761904761905,0.43253968253968256,1.9791540999282577e-05,DYNAMIC,GENERATED,,2026-06-16T13:20:19.990117,,,,,0.0,0.0
SIG_20260616_132020_XAUUSD,XAUUSD,0.7916666666666666,0.1388888888888889,0.000580808099197359,DYNAMIC,BLOCKED_POSITION_EXISTS,,2026-06-16T13:20:20.016575,2026-06-16T13:20:20.038355,,,,0.0,0.0
SIG_20260616_132020_EURUSD,EURUSD,0.621031746031746,0.9345238095238095,2.4341626774966742e-05,DYNAMIC,GENERATED,,2026-06-16T13:20:20.067667,,,,,0.0,0.0
SIG_20260616_132120_EURJPY,EURJPY,0.40476190476190477,0.18055555555555555,1.1152567500257674e-05,DYNAMIC,GENERATED,,2026-06-16T13:21:20.588522,,,,,0.0,0.0
SIG_20260616_132120_USDJPY,USDJPY,0.8928571428571429,0.9841269841269841,1.4706617900525266e-05,DYNAMIC,BLOCKED_POSITION_EXISTS,,2026-06-16T13:21:20.605183,2026-06-16T13:21:20.622190,,,,0.0,0.0
SIG_20260616_132120_GBPJPY,GBPJPY,0.7023809523809523,0.43253968253968256,2.012393941847244e-05,DYNAMIC,GENERATED,,2026-06-16T13:21:20.645698,,,,,0.0,0.0
SIG_20260616_132120_XAUUSD,XAUUSD,0.7916666666666666,0.1388888888888889,0.0005814939733751294,DYNAMIC,BLOCKED_POSITION_EXISTS,,2026-06-16T13:21:20.661955,2026-06-16T13:21:20.678829,,,,0.0,0.0
SIG_20260616_132120_EURUSD,EURUSD,0.628968253968254,0.9345238095238095,2.4472236199163925e-05,DYNAMIC,GENERATED,,2026-06-16T13:21:20.695212,,,,,0.0,0.0
SIG_20260616_132221_EURJPY,EURJPY,0.38293650793650796,0.18055555555555555,1.095749015811624e-05,DYNAMIC,GENERATED,,2026-06-16T13:22:21.153512,,,,,0.0,0.0
SIG_20260616_132221_USDJPY,USDJPY,0.8928571428571429,0.9841269841269841,1.46982498895584e-05,DYNAMIC,BLOCKED_POSITION_EXISTS,,2026-06-16T13:22:21.169405,2026-06-16T13:22:21.186644,,,,0.0,0.0
SIG_20260616_132221_GBPJPY,GBPJPY,0.6904761904761905,0.43253968253968256,1.9812491113332882e-05,DYNAMIC,GENERATED,,2026-06-16T13:22:21.216389,,,,,0.0,0.0
SIG_20260616_132221_XAUUSD,XAUUSD,0.7916666666666666,0.1388888888888889,0.0005839535957298204,DYNAMIC,BLOCKED_POSITION_EXISTS,,2026-06-16T13:22:21.236288,2026-06-16T13:22:21.252566,,,,0.0,0.0
SIG_20260616_132221_EURUSD,EURUSD,0.623015873015873,0.9345238095238095,2.4389854766408302e-05,DYNAMIC,GENERATED,,2026-06-16T13:22:21.269801,,,,,0.0,0.0
SIG_20260616_132321_EURJPY,EURJPY,0.37103174603174605,0.18055555555555555,1.0822703167676822e-05,DYNAMIC,GENERATED,,2026-06-16T13:23:21.726455,,,,,0.0,0.0
SIG_20260616_132321_USDJPY,USDJPY,0.8888888888888888,0.9841269841269841,1.462643736322431e-05,DYNAMIC,BLOCKED_POSITION_EXISTS,,2026-06-16T13:23:21.742520,2026-06-16T13:23:21.759335,,,,0.0,0.0
SIG_20260616_132321_GBPJPY,GBPJPY,0.6845238095238095,0.43253968253968256,1.971957683754677e-05,DYNAMIC,GENERATED,,2026-06-16T13:23:21.776458,,,,,0.0,0.0
SIG_20260616_132321_XAUUSD,XAUUSD,0.7916666666666666,0.1388888888888889,0.0005834102317726995,DYNAMIC,BLOCKED_POSITION_EXISTS,,2026-06-16T13:23:21.793356,2026-06-16T13:23:21.809749,,,,0.0,0.0
SIG_20260616_132321_EURUSD,EURUSD,0.621031746031746,0.9345238095238095,2.4373183782692114e-05,DYNAMIC,GENERATED,,2026-06-16T13:23:21.826076,,,,,0.0,0.0
SIG_20260616_132422_EURJPY,EURJPY,0.3630952380952381,0.18055555555555555,1.0775424904564771e-05,DYNAMIC,GENERATED,,2026-06-16T13:24:22.295881,,,,,0.0,0.0
SIG_20260616_132422_USDJPY,USDJPY,0.8908730158730159,0.9841269841269841,1.4657576329735677e-05,DYNAMIC,BLOCKED_POSITION_EXISTS,,2026-06-16T13:24:22.315834,2026-06-16T13:24:22.344395,,,,0.0,0.0
SIG_20260616_132422_GBPJPY,GBPJPY,0.6845238095238095,0.43253968253968256,1.969940459336619e-05,DYNAMIC,GENERATED,,2026-06-16T13:24:22.370320,,,,,0.0,0.0
SIG_20260616_132422_XAUUSD,XAUUSD,0.7916666666666666,0.1388888888888889,0.0005826447558308009,DYNAMIC,BLOCKED_POSITION_EXISTS,,2026-06-16T13:24:22.384222,2026-06-16T13:24:22.404804,,,,0.0,0.0
SIG_20260616_132422_EURUSD,EURUSD,0.621031746031746,0.9345238095238095,2.433410941209924e-05,DYNAMIC,GENERATED,,2026-06-16T13:24:22.432546,,,,,0.0,0.0
SIG_20260616_132522_EURJPY,EURJPY,0.35714285714285715,0.18055555555555555,1.0729072169682189e-05,DYNAMIC,GENERATED,,2026-06-16T13:25:22.891970,,,,,0.0,0.0
SIG_20260616_132522_USDJPY,USDJPY,0.8908730158730159,0.9841269841269841,1.464185129731408e-05,DYNAMIC,BLOCKED_POSITION_EXISTS,,2026-06-16T13:25:22.906092,2026-06-16T13:25:22.922704,,,,0.0,0.0
SIG_20260616_132522_GBPJPY,GBPJPY,0.6845238095238095,0.43253968253968256,1.971957683754677e-05,DYNAMIC,GENERATED,,2026-06-16T13:25:22.954541,,,,,0.0,0.0
SIG_20260616_132522_XAUUSD,XAUUSD,0.7916666666666666,0.1388888888888889,0.0005835448659767149,DYNAMIC,BLOCKED_POSITION_EXISTS,,2026-06-16T13:25:22.971322,2026-06-16T13:25:22.987880,,,,0.0,0.0
SIG_20260616_132523_EURUSD,EURUSD,0.6190476190476191,0.9345238095238095,2.4319520980192874e-05,DYNAMIC,GENERATED,,2026-06-16T13:25:23.007408,,,,,0.0,0.0
SIG_20260616_132623_EURJPY,EURJPY,0.3630952380952381,0.18055555555555555,1.0775424904564771e-05,DYNAMIC,GENERATED,,2026-06-16T13:26:23.463072,,,,,0.0,0.0
SIG_20260616_132623_USDJPY,USDJPY,0.878968253968254,0.9841269841269841,1.45207502924719e-05,DYNAMIC,BLOCKED_POSITION_EXISTS,,2026-06-16T13:26:23.480611,2026-06-16T13:26:23.495029,,,,0.0,0.0
SIG_20260616_132623_GBPJPY,GBPJPY,0.6944444444444444,0.43253968253968256,1.9941821409480897e-05,DYNAMIC,GENERATED,,2026-06-16T13:26:23.515139,,,,,0.0,0.0
SIG_20260616_132623_XAUUSD,XAUUSD,0.7916666666666666,0.1388888888888889,0.0005836726833909709,DYNAMIC,BLOCKED_POSITION_EXISTS,,2026-06-16T13:26:23.531138,2026-06-16T13:26:23.555825,,,,0.0,0.0
SIG_20260616_132623_EURUSD,EURUSD,0.628968253968254,0.9345238095238095,2.4472236199163925e-05,DYNAMIC,GENERATED,,2026-06-16T13:26:23.581675,,,,,0.0,0.0
SIG_20260616_132724_EURJPY,EURJPY,0.35714285714285715,0.18055555555555555,1.0729072169682189e-05,DYNAMIC,GENERATED,,2026-06-16T13:27:24.047236,,,,,0.0,0.0
SIG_20260616_132724_USDJPY,USDJPY,0.876984126984127,0.9841269841269841,1.4483376547079165e-05,DYNAMIC,BLOCKED_POSITION_EXISTS,,2026-06-16T13:27:24.063894,2026-06-16T13:27:24.071758,,,,0.0,0.0
SIG_20260616_132724_GBPJPY,GBPJPY,0.6865079365079365,0.43253968253968256,1.9729727785593605e-05,DYNAMIC,GENERATED,,2026-06-16T13:27:24.104028,,,,,0.0,0.0
SIG_20260616_132724_XAUUSD,XAUUSD,0.7936507936507936,0.1388888888888889,0.0005844732565722308,DYNAMIC,BLOCKED_POSITION_EXISTS,,2026-06-16T13:27:24.119894,2026-06-16T13:27:24.137943,,,,0.0,0.0
SIG_20260616_132724_EURUSD,EURUSD,0.628968253968254,0.9345238095238095,2.4492179002092237e-05,DYNAMIC,GENERATED,,2026-06-16T13:27:24.158003,,,,,0.0,0.0
SIG_20260616_132755_EURJPY,EURJPY,0.31547619047619047,0.18055555555555555,1.0460340300958316e-05,DYNAMIC,GENERATED,,2026-06-16T13:27:55.511866,,,,,0.0,0.0
SIG_20260616_132755_USDJPY,USDJPY,0.8571428571428571,0.9841269841269841,1.4334908755149286e-05,DYNAMIC,BLOCKED_POSITION_EXISTS,,2026-06-16T13:27:55.547646,2026-06-16T13:27:55.570156,,,,0.0,0.0
SIG_20260616_132755_GBPJPY,GBPJPY,0.6765873015873016,0.43253968253968256,1.9591547488975036e-05,DYNAMIC,GENERATED,,2026-06-16T13:27:55.603373,,,,,0.0,0.0
SIG_20260616_132755_XAUUSD,XAUUSD,0.7936507936507936,0.1388888888888889,0.0005851729072077422,DYNAMIC,BLOCKED_POSITION_EXISTS,,2026-06-16T13:27:55.620984,2026-06-16T13:27:55.638634,,,,0.0,0.0
SIG_20260616_132755_EURUSD,EURUSD,0.6349206349206349,0.9345238095238095,2.4566662472536526e-05,DYNAMIC,GENERATED,,2026-06-16T13:27:55.658469,,,,,0.0,0.0
SIG_20260616_143541_EURJPY,EURJPY,0.2996031746031746,0.9146825396825397,1.0406752133805482e-05,DYNAMIC,GENERATED,,2026-06-16T14:35:41.852928,,,,,0.0,0.0
SIG_20260616_143541_USDJPY,USDJPY,0.8809523809523809,0.9503968253968254,1.449789501840121e-05,DYNAMIC,BLOCKED_POSITION_EXISTS,,2026-06-16T14:35:41.871058,2026-06-16T14:35:41.885259,,,,0.0,0.0
SIG_20260616_143541_GBPJPY,GBPJPY,0.6785714285714286,0.8908730158730159,1.957394008950266e-05,DYNAMIC,GENERATED,,2026-06-16T14:35:41.905072,,,,,0.0,0.0
SIG_20260616_143541_XAUUSD,XAUUSD,0.7976190476190477,0.18253968253968253,0.0005911038654002783,DYNAMIC,BLOCKED_POSITION_EXISTS,,2026-06-16T14:35:41.924095,2026-06-16T14:35:41.939857,,,,0.0,0.0
SIG_20260616_143541_EURUSD,EURUSD,0.5853174603174603,0.9186507936507936,2.3205177045739416e-05,DYNAMIC,GENERATED,,2026-06-16T14:35:41.964716,,,,,0.0,0.0
SIG_20260616_143642_EURJPY,EURJPY,0.2996031746031746,0.9146825396825397,1.0409063038775712e-05,DYNAMIC,GENERATED,,2026-06-16T14:36:42.509844,,,,,0.0,0.0
SIG_20260616_143642_USDJPY,USDJPY,0.878968253968254,0.9503968253968254,1.4496611196459591e-05,DYNAMIC,BLOCKED_POSITION_EXISTS,,2026-06-16T14:36:42.527044,2026-06-16T14:36:42.543488,,,,0.0,0.0
SIG_20260616_143642_GBPJPY,GBPJPY,0.6785714285714286,0.8908730158730159,1.9559256326080824e-05,DYNAMIC,GENERATED,,2026-06-16T14:36:42.563142,,,,,0.0,0.0
SIG_20260616_143642_XAUUSD,XAUUSD,0.7976190476190477,0.18253968253968253,0.0005907758985329832,DYNAMIC,BLOCKED_POSITION_EXISTS,,2026-06-16T14:36:42.585635,2026-06-16T14:36:42.597038,,,,0.0,0.0
SIG_20260616_143642_EURUSD,EURUSD,0.5853174603174603,0.9186507936507936,2.3206142306639977e-05,DYNAMIC,GENERATED,,2026-06-16T14:36:42.624944,,,,,0.0,0.0
SIG_20260616_143743_EURJPY,EURJPY,0.2996031746031746,0.9146825396825397,1.0413250181020347e-05,DYNAMIC,GENERATED,,2026-06-16T14:37:43.148727,,,,,0.0,0.0
SIG_20260616_143743_USDJPY,USDJPY,0.878968253968254,0.9503968253968254,1.4496027626031011e-05,DYNAMIC,BLOCKED_POSITION_EXISTS,,2026-06-16T14:37:43.175128,2026-06-16T14:37:43.207821,,,,0.0,0.0
SIG_20260616_143743_GBPJPY,GBPJPY,0.6785714285714286,0.8908730158730159,1.956683390067919e-05,DYNAMIC,GENERATED,,2026-06-16T14:37:43.254222,,,,,0.0,0.0
SIG_20260616_143743_XAUUSD,XAUUSD,0.7976190476190477,0.17261904761904762,0.0005907756445176346,DYNAMIC,BLOCKED_POSITION_EXISTS,,2026-06-16T14:37:43.285401,2026-06-16T14:37:43.314433,,,,0.0,0.0
SIG_20260616_143743_EURUSD,EURUSD,0.5853174603174603,0.9186507936507936,2.3217054286467646e-05,DYNAMIC,GENERATED,,2026-06-16T14:37:43.357313,,,,,0.0,0.0
SIG_20260616_143843_EURJPY,EURJPY,0.3055555555555556,0.9146825396825397,1.0422953526409472e-05,DYNAMIC,GENERATED,,2026-06-16T14:38:43.948953,,,,,0.0,0.0
SIG_20260616_143843_USDJPY,USDJPY,0.878968253968254,0.9503968253968254,1.4496611227521645e-05,DYNAMIC,BLOCKED_POSITION_EXISTS,,2026-06-16T14:38:43.987968,2026-06-16T14:38:44.011607,,,,0.0,0.0
SIG_20260616_143844_GBPJPY,GBPJPY,0.6785714285714286,0.8908730158730159,1.956372520039247e-05,DYNAMIC,GENERATED,,2026-06-16T14:38:44.072566,,,,,0.0,0.0
SIG_20260616_143844_XAUUSD,XAUUSD,0.7976190476190477,0.17261904761904762,0.0005907757503621361,DYNAMIC,BLOCKED_POSITION_EXISTS,,2026-06-16T14:38:44.116842,2026-06-16T14:38:44.159427,,,,0.0,0.0
SIG_20260616_143844_EURUSD,EURUSD,0.5853174603174603,0.9186507936507936,2.3238431672483834e-05,DYNAMIC,GENERATED,,2026-06-16T14:38:44.222501,,,,,0.0,0.0
SIG_20260616_143944_EURJPY,EURJPY,0.3134920634920635,0.9146825396825397,1.0446603392296632e-05,DYNAMIC,GENERATED,,2026-06-16T14:39:44.807011,,,,,0.0,0.0
SIG_20260616_143944_USDJPY,USDJPY,0.878968253968254,0.9503968253968254,1.4496027625545682e-05,DYNAMIC,BLOCKED_POSITION_EXISTS,,2026-06-16T14:39:44.825337,2026-06-16T14:39:44.850573,,,,0.0,0.0
SIG_20260616_143944_GBPJPY,GBPJPY,0.6785714285714286,0.8908730158730159,1.957169109191798e-05,DYNAMIC,GENERATED,,2026-06-16T14:39:44.883000,,,,,0.0,0.0
SIG_20260616_143944_XAUUSD,XAUUSD,0.7976190476190477,0.17261904761904762,0.000590776914578795,DYNAMIC,BLOCKED_POSITION_EXISTS,,2026-06-16T14:39:44.900876,2026-06-16T14:39:44.918142,,,,0.0,0.0
SIG_20260616_143944_EURUSD,EURUSD,0.5853174603174603,0.9186507936507936,2.3256615818175488e-05,DYNAMIC,GENERATED,,2026-06-16T14:39:44.941892,,,,,0.0,0.0
SIG_20260616_144045_EURJPY,EURJPY,0.31746031746031744,0.9146825396825397,1.0468692019209997e-05,DYNAMIC,GENERATED,,2026-06-16T14:40:45.590840,,,,,0.0,0.0
SIG_20260616_144045_USDJPY,USDJPY,0.878968253968254,0.9503968253968254,1.4496144344970131e-05,DYNAMIC,BLOCKED_POSITION_EXISTS,,2026-06-16T14:40:45.639249,2026-06-16T14:40:45.689204,,,,0.0,0.0
SIG_20260616_144045_GBPJPY,GBPJPY,0.6785714285714286,0.8908730158730159,1.957894421874667e-05,DYNAMIC,GENERATED,,2026-06-16T14:40:45.755528,,,,,0.0,0.0
SIG_20260616_144045_XAUUSD,XAUUSD,0.7976190476190477,0.17261904761904762,0.0005907755810113631,DYNAMIC,BLOCKED_POSITION_EXISTS,,2026-06-16T14:40:45.810159,2026-06-16T14:40:45.857094,,,,0.0,0.0
SIG_20260616_144045_EURUSD,EURUSD,0.5853174603174603,0.9246031746031746,2.3288305709330597e-05,DYNAMIC,GENERATED,,2026-06-16T14:40:45.921944,,,,,0.0,0.0
SIG_20260616_144146_EURJPY,EURJPY,0.3134920634920635,0.9146825396825397,1.044882676648495e-05,DYNAMIC,GENERATED,,2026-06-16T14:41:46.606478,,,,,0.0,0.0
SIG_20260616_144146_USDJPY,USDJPY,0.878968253968254,0.9503968253968254,1.4496611227521645e-05,DYNAMIC,BLOCKED_POSITION_EXISTS,,2026-06-16T14:41:46.657194,2026-06-16T14:41:46.712777,,,,0.0,0.0
SIG_20260616_144146_GBPJPY,GBPJPY,0.6785714285714286,0.8908730158730159,1.960191080149624e-05,DYNAMIC,GENERATED,,2026-06-16T14:41:46.808220,,,,,0.0,0.0
SIG_20260616_144146_XAUUSD,XAUUSD,0.7976190476190477,0.17261904761904762,0.0005907786082793706,DYNAMIC,BLOCKED_POSITION_EXISTS,,2026-06-16T14:41:46.853663,2026-06-16T14:41:46.895573,,,,0.0,0.0
SIG_20260616_144146_EURUSD,EURUSD,0.5853174603174603,0.9186507936507936,2.3269306963288904e-05,DYNAMIC,GENERATED,,2026-06-16T14:41:46.951331,,,,,0.0,0.0
SIG_20260616_144247_EURJPY,EURJPY,0.3134920634920635,0.9146825396825397,1.0446603392296632e-05,DYNAMIC,GENERATED,,2026-06-16T14:42:47.652927,,,,,0.0,0.0
SIG_20260616_144247_USDJPY,USDJPY,0.8809523809523809,0.9503968253968254,1.4498478563593765e-05,DYNAMIC,BLOCKED_POSITION_EXISTS,,2026-06-16T14:42:47.721375,2026-06-16T14:42:47.770729,,,,0.0,0.0
SIG_20260616_144247_GBPJPY,GBPJPY,0.6785714285714286,0.8908730158730159,1.9583153493168986e-05,DYNAMIC,GENERATED,,2026-06-16T14:42:47.851671,,,,,0.0,0.0
SIG_20260616_144247_XAUUSD,XAUUSD,0.7976190476190477,0.17261904761904762,0.0005907760890438126,DYNAMIC,BLOCKED_POSITION_EXISTS,,2026-06-16T14:42:47.916377,2026-06-16T14:42:47.970360,,,,0.0,0.0
SIG_20260616_144248_EURUSD,EURUSD,0.5853174603174603,0.9186507936507936,2.3229302011525588e-05,DYNAMIC,GENERATED,,2026-06-16T14:42:48.053295,,,,,0.0,0.0
SIG_20260616_144348_EURJPY,EURJPY,0.30952380952380953,0.9146825396825397,1.0427545092854778e-05,DYNAMIC,GENERATED,,2026-06-16T14:43:48.693433,,,,,0.0,0.0
SIG_20260616_144348_USDJPY,USDJPY,0.8809523809523809,0.9503968253968254,1.4499139908632746e-05,DYNAMIC,BLOCKED_POSITION_EXISTS,,2026-06-16T14:43:48.731278,2026-06-16T14:43:48.776254,,,,0.0,0.0
SIG_20260616_144348_GBPJPY,GBPJPY,0.6785714285714286,0.8908730158730159,1.9563055954322205e-05,DYNAMIC,GENERATED,,2026-06-16T14:43:48.840250,,,,,0.0,0.0
SIG_20260616_144348_XAUUSD,XAUUSD,0.7976190476190477,0.17261904761904762,0.0005907933649521684,DYNAMIC,BLOCKED_POSITION_EXISTS,,2026-06-16T14:43:48.891960,2026-06-16T14:43:48.939853,,,,0.0,0.0
SIG_20260616_144348_EURUSD,EURUSD,0.5853174603174603,0.9186507936507936,2.3219206975922725e-05,DYNAMIC,GENERATED,,2026-06-16T14:43:48.994745,,,,,0.0,0.0
SIG_20260616_144449_EURJPY,EURJPY,0.30952380952380953,0.9146825396825397,1.0427545092854778e-05,DYNAMIC,GENERATED,,2026-06-16T14:44:49.679298,,,,,0.0,0.0
SIG_20260616_144449_USDJPY,USDJPY,0.8809523809523809,0.9503968253968254,1.4497389274510745e-05,DYNAMIC,BLOCKED_POSITION_EXISTS,,2026-06-16T14:44:49.715715,2026-06-16T14:44:49.757435,,,,0.0,0.0
SIG_20260616_144449_GBPJPY,GBPJPY,0.6785714285714286,0.8908730158730159,1.956864940850966e-05,DYNAMIC,GENERATED,,2026-06-16T14:44:49.813846,,,,,0.0,0.0
SIG_20260616_144449_XAUUSD,XAUUSD,0.7976190476190477,0.17261904761904762,0.0005908165504149524,DYNAMIC,BLOCKED_POSITION_EXISTS,,2026-06-16T14:44:49.857125,2026-06-16T14:44:49.890241,,,,0.0,0.0
SIG_20260616_144449_EURUSD,EURUSD,0.5853174603174603,0.9186507936507936,2.3221508096992567e-05,DYNAMIC,GENERATED,,2026-06-16T14:44:49.949373,,,,,0.0,0.0
SIG_20260616_144550_EURJPY,EURJPY,0.30952380952380953,0.9146825396825397,1.0430894847867267e-05,DYNAMIC,GENERATED,,2026-06-16T14:45:50.623038,,,,,0.0,0.0
SIG_20260616_144550_USDJPY,USDJPY,0.8809523809523809,0.9503968253968254,1.4499139908632746e-05,DYNAMIC,BLOCKED_POSITION_EXISTS,,2026-06-16T14:45:50.652887,2026-06-16T14:45:50.703292,,,,0.0,0.0
SIG_20260616_144550_GBPJPY,GBPJPY,0.6785714285714286,0.8908730158730159,1.9583161379470028e-05,DYNAMIC,GENERATED,,2026-06-16T14:45:50.769678,,,,,0.0,0.0
SIG_20260616_144550_XAUUSD,XAUUSD,0.7976190476190477,0.17261904761904762,0.0005908734737585719,DYNAMIC,BLOCKED_POSITION_EXISTS,,2026-06-16T14:45:50.817731,2026-06-16T14:45:50.867628,,,,0.0,0.0
SIG_20260616_144550_EURUSD,EURUSD,0.5853174603174603,0.9186507936507936,2.321505003246381e-05,DYNAMIC,GENERATED,,2026-06-16T14:45:50.935256,,,,,0.0,0.0
SIG_20260616_144651_EURJPY,EURJPY,0.2996031746031746,0.9146825396825397,1.0416455820592334e-05,DYNAMIC,GENERATED,,2026-06-16T14:46:51.563791,,,,,0.0,0.0
SIG_20260616_144651_USDJPY,USDJPY,0.8809523809523809,0.9503968253968254,1.449789501840121e-05,DYNAMIC,BLOCKED_POSITION_EXISTS,,2026-06-16T14:46:51.589026,2026-06-16T14:46:51.620562,,,,0.0,0.0
SIG_20260616_144651_GBPJPY,GBPJPY,0.6785714285714286,0.8908730158730159,1.960795490473248e-05,DYNAMIC,GENERATED,,2026-06-16T14:46:51.662654,,,,,0.0,0.0
SIG_20260616_144651_XAUUSD,XAUUSD,0.7976190476190477,0.17261904761904762,0.0005909340111351479,DYNAMIC,BLOCKED_POSITION_EXISTS,,2026-06-16T14:46:51.685365,2026-06-16T14:46:51.714677,,,,0.0,0.0
SIG_20260616_144651_EURUSD,EURUSD,0.5853174603174603,0.9186507936507936,2.32099279215283e-05,DYNAMIC,GENERATED,,2026-06-16T14:46:51.759111,,,,,0.0,0.0
SIG_20260616_144752_EURJPY,EURJPY,0.2996031746031746,0.9146825396825397,1.0410564310111664e-05,DYNAMIC,GENERATED,,2026-06-16T14:47:52.306630,,,,,0.0,0.0
SIG_20260616_144752_USDJPY,USDJPY,0.8809523809523809,0.9503968253968254,1.4499879052062449e-05,DYNAMIC,BLOCKED_POSITION_EXISTS,,2026-06-16T14:47:52.341188,2026-06-16T14:47:52.390948,,,,0.0,0.0
SIG_20260616_144752_GBPJPY,GBPJPY,0.6785714285714286,0.8908730158730159,1.9605903088427485e-05,DYNAMIC,GENERATED,,2026-06-16T14:47:52.441577,,,,,0.0,0.0
SIG_20260616_144752_XAUUSD,XAUUSD,0.7976190476190477,0.17261904761904762,0.0005909707352193955,DYNAMIC,BLOCKED_POSITION_EXISTS,,2026-06-16T14:47:52.475386,2026-06-16T14:47:52.516508,,,,0.0,0.0
SIG_20260616_144752_EURUSD,EURUSD,0.5853174603174603,0.9186507936507936,2.3204360137115472e-05,DYNAMIC,GENERATED,,2026-06-16T14:47:52.566470,,,,,0.0,0.0
SIG_20260616_144853_EURJPY,EURJPY,0.2996031746031746,0.9146825396825397,1.0406752133805482e-05,DYNAMIC,GENERATED,,2026-06-16T14:48:53.175519,,,,,0.0,0.0
SIG_20260616_144853_USDJPY,USDJPY,0.8809523809523809,0.9503968253968254,1.4500695992426913e-05,DYNAMIC,BLOCKED_POSITION_EXISTS,,2026-06-16T14:48:53.210356,2026-06-16T14:48:53.241032,,,,0.0,0.0
SIG_20260616_144853_GBPJPY,GBPJPY,0.6845238095238095,0.8908730158730159,1.9673295368511414e-05,DYNAMIC,GENERATED,,2026-06-16T14:48:53.293715,,,,,0.0,0.0
SIG_20260616_144853_XAUUSD,XAUUSD,0.7976190476190477,0.17261904761904762,0.0005913842116340379,DYNAMIC,BLOCKED_POSITION_EXISTS,,2026-06-16T14:48:53.333478,2026-06-16T14:48:53.372912,,,,0.0,0.0
SIG_20260616_144853_EURUSD,EURUSD,0.5853174603174603,0.9186507936507936,2.3209929200989726e-05,DYNAMIC,GENERATED,,2026-06-16T14:48:53.428210,,,,,0.0,0.0
SIG_20260616_144954_EURJPY,EURJPY,0.2996031746031746,0.9146825396825397,1.0406752133805482e-05,DYNAMIC,GENERATED,,2026-06-16T14:49:54.079324,,,,,0.0,0.0
SIG_20260616_144954_USDJPY,USDJPY,0.8809523809523809,0.9503968253968254,1.449789501840121e-05,DYNAMIC,BLOCKED_POSITION_EXISTS,,2026-06-16T14:49:54.118775,2026-06-16T14:49:54.157362,,,,0.0,0.0
SIG_20260616_144954_GBPJPY,GBPJPY,0.6785714285714286,0.8908730158730159,1.965227721812085e-05,DYNAMIC,GENERATED,,2026-06-16T14:49:54.215014,,,,,0.0,0.0
SIG_20260616_144954_XAUUSD,XAUUSD,0.7976190476190477,0.17261904761904762,0.0005916573369513086,DYNAMIC,BLOCKED_POSITION_EXISTS,,2026-06-16T14:49:54.255271,2026-06-16T14:49:54.296262,,,,0.0,0.0
SIG_20260616_144954_EURUSD,EURUSD,0.5853174603174603,0.9186507936507936,2.320725608358901e-05,DYNAMIC,GENERATED,,2026-06-16T14:49:54.349295,,,,,0.0,0.0
SIG_20260616_145054_EURJPY,EURJPY,0.2996031746031746,0.9146825396825397,1.0406752133805482e-05,DYNAMIC,GENERATED,,2026-06-16T14:50:54.957470,,,,,0.0,0.0
SIG_20260616_145054_USDJPY,USDJPY,0.8809523809523809,0.9503968253968254,1.4499139908632746e-05,DYNAMIC,BLOCKED_POSITION_EXISTS,,2026-06-16T14:50:54.993711,2026-06-16T14:50:55.027131,,,,0.0,0.0
SIG_20260616_145055_GBPJPY,GBPJPY,0.6785714285714286,0.8908730158730159,1.9641217734552268e-05,DYNAMIC,GENERATED,,2026-06-16T14:50:55.075105,,,,,0.0,0.0
SIG_20260616_145055_XAUUSD,XAUUSD,0.8015873015873016,0.17261904761904762,0.0005931762364070649,DYNAMIC,BLOCKED_POSITION_EXISTS,,2026-06-16T14:50:55.113687,2026-06-16T14:50:55.147758,,,,0.0,0.0
SIG_20260616_145055_EURUSD,EURUSD,0.5853174603174603,0.9186507936507936,2.3208518380425755e-05,DYNAMIC,GENERATED,,2026-06-16T14:50:55.206407,,,,,0.0,0.0
SIG_20260616_145155_EURJPY,EURJPY,0.2996031746031746,0.9146825396825397,1.0405019018419495e-05,DYNAMIC,GENERATED,,2026-06-16T14:51:55.831765,,,,,0.0,0.0
SIG_20260616_145155_USDJPY,USDJPY,0.8809523809523809,0.9503968253968254,1.4500695992426913e-05,DYNAMIC,BLOCKED_POSITION_EXISTS,,2026-06-16T14:51:55.878559,2026-06-16T14:51:55.942162,,,,0.0,0.0
SIG_20260616_145156_GBPJPY,GBPJPY,0.6865079365079365,0.8908730158730159,1.9699909671964277e-05,DYNAMIC,GENERATED,,2026-06-16T14:51:56.040728,,,,,0.0,0.0
SIG_20260616_145156_XAUUSD,XAUUSD,0.8015873015873016,0.17261904761904762,0.0005926516747439678,DYNAMIC,BLOCKED_POSITION_EXISTS,,2026-06-16T14:51:56.101114,2026-06-16T14:51:56.148524,,,,0.0,0.0
SIG_20260616_145156_EURUSD,EURUSD,0.5853174603174603,0.9186507936507936,2.320725608358901e-05,DYNAMIC,GENERATED,,2026-06-16T14:51:56.195219,,,,,0.0,0.0
SIG_20260616_145256_EURJPY,EURJPY,0.2996031746031746,0.9146825396825397,1.0405943337186475e-05,DYNAMIC,GENERATED,,2026-06-16T14:52:56.817895,,,,,0.0,0.0
SIG_20260616_145256_USDJPY,USDJPY,0.8809523809523809,0.9503968253968254,1.4499139908632746e-05,DYNAMIC,BLOCKED_POSITION_EXISTS,,2026-06-16T14:52:56.857511,2026-06-16T14:52:56.894560,,,,0.0,0.0
SIG_20260616_145256_GBPJPY,GBPJPY,0.6884920634920635,0.8908730158730159,1.9721686068862796e-05,DYNAMIC,GENERATED,,2026-06-16T14:52:56.958571,,,,,0.0,0.0
SIG_20260616_145256_XAUUSD,XAUUSD,0.7996031746031746,0.17261904761904762,0.0005924077526528373,DYNAMIC,BLOCKED_POSITION_EXISTS,,2026-06-16T14:52:56.994882,2026-06-16T14:52:57.041873,,,,0.0,0.0
SIG_20260616_145257_EURUSD,EURUSD,0.5853174603174603,0.9186507936507936,2.320725608358901e-05,DYNAMIC,GENERATED,,2026-06-16T14:52:57.094073,,,,,0.0,0.0
SIG_20260616_145357_EURJPY,EURJPY,0.3055555555555556,0.9146825396825397,1.0421542784161815e-05,DYNAMIC,GENERATED,,2026-06-16T14:53:57.777257,,,,,0.0,0.0
SIG_20260616_145357_USDJPY,USDJPY,0.8809523809523809,0.9503968253968254,1.449789501840121e-05,DYNAMIC,BLOCKED_POSITION_EXISTS,,2026-06-16T14:53:57.817219,2026-06-16T14:53:57.850809,,,,0.0,0.0
SIG_20260616_145357_GBPJPY,GBPJPY,0.6924603174603174,0.8908730158730159,1.9838942589145864e-05,DYNAMIC,GENERATED,,2026-06-16T14:53:57.908682,,,,,0.0,0.0
SIG_20260616_145357_XAUUSD,XAUUSD,0.8015873015873016,0.17261904761904762,0.0005926516747439678,DYNAMIC,BLOCKED_POSITION_EXISTS,,2026-06-16T14:53:57.947408,2026-06-16T14:53:57.985134,,,,0.0,0.0
SIG_20260616_145358_EURUSD,EURUSD,0.5853174603174603,0.9186507936507936,2.32215133376667e-05,DYNAMIC,GENERATED,,2026-06-16T14:53:58.046351,,,,,0.0,0.0
SIG_20260616_145458_EURJPY,EURJPY,0.30952380952380953,0.9146825396825397,1.04344857361351e-05,DYNAMIC,GENERATED,,2026-06-16T14:54:58.640671,,,,,0.0,0.0
SIG_20260616_145458_USDJPY,USDJPY,0.8809523809523809,0.9503968253968254,1.4498478563593765e-05,DYNAMIC,BLOCKED_POSITION_EXISTS,,2026-06-16T14:54:58.672842,2026-06-16T14:54:58.708562,,,,0.0,0.0
SIG_20260616_145458_GBPJPY,GBPJPY,0.6924603174603174,0.8908730158730159,1.9791838586227627e-05,DYNAMIC,GENERATED,,2026-06-16T14:54:58.751908,,,,,0.0,0.0
SIG_20260616_145458_XAUUSD,XAUUSD,0.7996031746031746,0.17261904761904762,0.000592503281245299,DYNAMIC,BLOCKED_POSITION_EXISTS,,2026-06-16T14:54:58.785460,2026-06-16T14:54:58.819008,,,,0.0,0.0
SIG_20260616_145458_EURUSD,EURUSD,0.5853174603174603,0.9186507936507936,2.3245277830599915e-05,DYNAMIC,GENERATED,,2026-06-16T14:54:58.859052,,,,,0.0,0.0
SIG_20260616_145559_EURJPY,EURJPY,0.31746031746031744,0.9146825396825397,1.0471469279370776e-05,DYNAMIC,GENERATED,,2026-06-16T14:55:59.396877,,,,,0.0,0.0
SIG_20260616_145559_USDJPY,USDJPY,0.8809523809523809,0.9503968253968254,1.4497389274510745e-05,DYNAMIC,BLOCKED_POSITION_EXISTS,,2026-06-16T14:55:59.428855,2026-06-16T14:55:59.462601,,,,0.0,0.0
SIG_20260616_145559_GBPJPY,GBPJPY,0.6924603174603174,0.8908730158730159,1.9834037571461662e-05,DYNAMIC,GENERATED,,2026-06-16T14:55:59.498253,,,,,0.0,0.0
SIG_20260616_145559_XAUUSD,XAUUSD,0.8015873015873016,0.17261904761904762,0.000593001064602779,DYNAMIC,BLOCKED_POSITION_EXISTS,,2026-06-16T14:55:59.532679,2026-06-16T14:55:59.565984,,,,0.0,0.0
SIG_20260616_145559_EURUSD,EURUSD,0.5853174603174603,0.9186507936507936,2.3283379455130322e-05,DYNAMIC,GENERATED,,2026-06-16T14:55:59.614122,,,,,0.0,0.0
SIG_20260616_145700_EURJPY,EURJPY,0.32142857142857145,0.9146825396825397,1.0483027521355001e-05,DYNAMIC,GENERATED,,2026-06-16T14:57:00.147998,,,,,0.0,0.0
SIG_20260616_145700_USDJPY,USDJPY,0.878968253968254,0.9503968253968254,1.4496338878314981e-05,DYNAMIC,BLOCKED_POSITION_EXISTS,,2026-06-16T14:57:00.182242,2026-06-16T14:57:00.218705,,,,0.0,0.0
SIG_20260616_145700_GBPJPY,GBPJPY,0.6924603174603174,0.8908730158730159,1.98438908573508e-05,DYNAMIC,GENERATED,,2026-06-16T14:57:00.272380,,,,,0.0,0.0
SIG_20260616_145700_XAUUSD,XAUUSD,0.8015873015873016,0.17261904761904762,0.0005933728867526956,DYNAMIC,BLOCKED_POSITION_EXISTS,,2026-06-16T14:57:00.303576,2026-06-16T14:57:00.347432,,,,0.0,0.0
SIG_20260616_145700_EURUSD,EURUSD,0.5853174603174603,0.9186507936507936,2.3260725906147628e-05,DYNAMIC,GENERATED,,2026-06-16T14:57:00.398718,,,,,0.0,0.0
SIG_20260616_145801_EURJPY,EURJPY,0.32936507936507936,0.9146825396825397,1.0550563064677253e-05,DYNAMIC,GENERATED,,2026-06-16T14:58:01.009724,,,,,0.0,0.0
SIG_20260616_145801_USDJPY,USDJPY,0.8809523809523809,0.9503968253968254,1.4496961394046355e-05,DYNAMIC,BLOCKED_POSITION_EXISTS,,2026-06-16T14:58:01.038844,2026-06-16T14:58:01.110959,,,,0.0,0.0
SIG_20260616_145801_GBPJPY,GBPJPY,0.6964285714285714,0.9325396825396826,1.99403562116877e-05,DYNAMIC,GENERATED,,2026-06-16T14:58:01.188535,,,,,0.0,0.0
SIG_20260616_145801_XAUUSD,XAUUSD,0.8015873015873016,0.17261904761904762,0.0005929532073005372,DYNAMIC,BLOCKED_POSITION_EXISTS,,2026-06-16T14:58:01.252967,2026-06-16T14:58:01.311965,,,,0.0,0.0
SIG_20260616_145801_EURUSD,EURUSD,0.5853174603174603,0.9246031746031746,2.3309748401857905e-05,DYNAMIC,GENERATED,,2026-06-16T14:58:01.395946,,,,,0.0,0.0
SIG_20260616_145902_EURJPY,EURJPY,0.3392857142857143,0.9146825396825397,1.0654845706100117e-05,DYNAMIC,GENERATED,,2026-06-16T14:59:02.127159,,,,,0.0,0.0
SIG_20260616_145902_USDJPY,USDJPY,0.8809523809523809,0.9503968253968254,1.4501591566946906e-05,DYNAMIC,BLOCKED_POSITION_EXISTS,,2026-06-16T14:59:02.164148,2026-06-16T14:59:02.219310,,,,0.0,0.0
SIG_20260616_145902_GBPJPY,GBPJPY,0.6964285714285714,0.9325396825396826,1.9957796428155764e-05,DYNAMIC,GENERATED,,2026-06-16T14:59:02.280637,,,,,0.0,0.0
SIG_20260616_145902_XAUUSD,XAUUSD,0.8015873015873016,0.17261904761904762,0.0005934176396979012,DYNAMIC,BLOCKED_POSITION_EXISTS,,2026-06-16T14:59:02.330698,2026-06-16T14:59:02.381805,,,,0.0,0.0
SIG_20260616_145902_EURUSD,EURUSD,0.5853174603174603,0.9246031746031746,2.3359667942879532e-05,DYNAMIC,GENERATED,,2026-06-16T14:59:02.452467,,,,,0.0,0.0
SIG_20260616_150003_EURJPY,EURJPY,0.3273809523809524,0.9146825396825397,1.0530766621589529e-05,DYNAMIC,GENERATED,,2026-06-16T15:00:03.138076,,,,,0.0,0.0
SIG_20260616_150003_USDJPY,USDJPY,0.878968253968254,0.9503968253968254,1.4496338878314981e-05,DYNAMIC,BLOCKED_POSITION_EXISTS,,2026-06-16T15:00:03.186684,2026-06-16T15:00:03.239684,,,,0.0,0.0
SIG_20260616_150003_GBPJPY,GBPJPY,0.6924603174603174,0.8908730158730159,1.9874488761289735e-05,DYNAMIC,GENERATED,,2026-06-16T15:00:03.304128,,,,,0.0,0.0
SIG_20260616_150003_XAUUSD,XAUUSD,0.8015873015873016,0.17261904761904762,0.0005930773214856931,DYNAMIC,BLOCKED_POSITION_EXISTS,,2026-06-16T15:00:03.343272,2026-06-16T15:00:03.391266,,,,0.0,0.0
SIG_20260616_150003_EURUSD,EURUSD,0.5853174603174603,0.9246031746031746,2.3298754944697596e-05,DYNAMIC,GENERATED,,2026-06-16T15:00:03.463515,,,,,0.0,0.0
SIG_20260616_150104_EURJPY,EURJPY,0.31746031746031744,0.9146825396825397,1.0460836039518138e-05,DYNAMIC,GENERATED,,2026-06-16T15:01:04.047989,,,,,0.0,0.0
SIG_20260616_150104_USDJPY,USDJPY,0.878968253968254,0.9503968253968254,1.4496611227521645e-05,DYNAMIC,BLOCKED_POSITION_EXISTS,,2026-06-16T15:01:04.101460,2026-06-16T15:01:04.159403,,,,0.0,0.0
SIG_20260616_150104_GBPJPY,GBPJPY,0.6865079365079365,0.8908730158730159,1.9717948587295913e-05,DYNAMIC,GENERATED,,2026-06-16T15:01:04.251166,,,,,0.0,0.0
SIG_20260616_150104_XAUUSD,XAUUSD,0.7976190476190477,0.17261904761904762,0.0005919860584165581,DYNAMIC,BLOCKED_POSITION_EXISTS,,2026-06-16T15:01:04.295342,2026-06-16T15:01:04.348652,,,,0.0,0.0
SIG_20260616_150104_EURUSD,EURUSD,0.5853174603174603,0.9186507936507936,2.323844529618973e-05,DYNAMIC,GENERATED,,2026-06-16T15:01:04.440430,,,,,0.0,0.0
SIG_20260616_150205_EURJPY,EURJPY,0.32341269841269843,0.9146825396825397,1.0489153536792926e-05,DYNAMIC,GENERATED,,2026-06-16T15:02:05.181891,,,,,0.0,0.0
SIG_20260616_150205_USDJPY,USDJPY,0.878968253968254,0.9503968253968254,1.4496027625545682e-05,DYNAMIC,BLOCKED_POSITION_EXISTS,,2026-06-16T15:02:05.222344,2026-06-16T15:02:05.262780,,,,0.0,0.0
SIG_20260616_150205_GBPJPY,GBPJPY,0.6884920634920635,0.8908730158730159,1.972929073532179e-05,DYNAMIC,GENERATED,,2026-06-16T15:02:05.318403,,,,,0.0,0.0
SIG_20260616_150205_XAUUSD,XAUUSD,0.7976190476190477,0.17261904761904762,0.0005917368969139032,DYNAMIC,BLOCKED_POSITION_EXISTS,,2026-06-16T15:02:05.359545,2026-06-16T15:02:05.401380,,,,0.0,0.0
SIG_20260616_150205_EURUSD,EURUSD,0.5853174603174603,0.9186507936507936,2.327855152888371e-05,DYNAMIC,GENERATED,,2026-06-16T15:02:05.460339,,,,,0.0,0.0
SIG_20260616_150306_EURJPY,EURJPY,0.31746031746031744,0.9146825396825397,1.0466037037907156e-05,DYNAMIC,GENERATED,,2026-06-16T15:03:06.182279,,,,,0.0,0.0
SIG_20260616_150306_USDJPY,USDJPY,0.878968253968254,0.9503968253968254,1.4496144341087387e-05,DYNAMIC,BLOCKED_POSITION_EXISTS,,2026-06-16T15:03:06.233333,2026-06-16T15:03:06.292031,,,,0.0,0.0
SIG_20260616_150306_GBPJPY,GBPJPY,0.6825396825396826,0.8908730158730159,1.9664028247016617e-05,DYNAMIC,GENERATED,,2026-06-16T15:03:06.360547,,,,,0.0,0.0
SIG_20260616_150306_XAUUSD,XAUUSD,0.7976190476190477,0.17261904761904762,0.0005917414177545443,DYNAMIC,BLOCKED_POSITION_EXISTS,,2026-06-16T15:03:06.410487,2026-06-16T15:03:06.476125,,,,0.0,0.0
SIG_20260616_150306_EURUSD,EURUSD,0.5853174603174603,0.9186507936507936,2.3260725906147628e-05,DYNAMIC,GENERATED,,2026-06-16T15:03:06.561918,,,,,0.0,0.0
SIG_20260616_150407_EURJPY,EURJPY,0.31746031746031744,0.9146825396825397,1.0466037037907156e-05,DYNAMIC,GENERATED,,2026-06-16T15:04:07.231297,,,,,0.0,0.0
SIG_20260616_150407_USDJPY,USDJPY,0.878968253968254,0.9503968253968254,1.449633886521065e-05,DYNAMIC,BLOCKED_POSITION_EXISTS,,2026-06-16T15:04:07.269866,2026-06-16T15:04:07.316375,,,,0.0,0.0
SIG_20260616_150407_GBPJPY,GBPJPY,0.6825396825396826,0.8908730158730159,1.9664028247016617e-05,DYNAMIC,GENERATED,,2026-06-16T15:04:07.373461,,,,,0.0,0.0
SIG_20260616_150407_XAUUSD,XAUUSD,0.7976190476190477,0.17261904761904762,0.0005910484006117515,DYNAMIC,BLOCKED_POSITION_EXISTS,,2026-06-16T15:04:07.414754,2026-06-16T15:04:07.463457,,,,0.0,0.0
SIG_20260616_150407_EURUSD,EURUSD,0.5853174603174603,0.9186507936507936,2.326495940717824e-05,DYNAMIC,GENERATED,,2026-06-16T15:04:07.516443,,,,,0.0,0.0
SIG_20260616_150508_EURJPY,EURJPY,0.3273809523809524,0.9146825396825397,1.0538511704044195e-05,DYNAMIC,GENERATED,,2026-06-16T15:05:08.238459,,,,,0.0,0.0
SIG_20260616_150508_USDJPY,USDJPY,0.8809523809523809,0.9503968253968254,1.4499879052062449e-05,DYNAMIC,BLOCKED_POSITION_EXISTS,,2026-06-16T15:05:08.315347,2026-06-16T15:05:08.372755,,,,0.0,0.0
SIG_20260616_150508_GBPJPY,GBPJPY,0.6805555555555556,0.8908730158730159,1.9658066286992423e-05,DYNAMIC,GENERATED,,2026-06-16T15:05:08.448636,,,,,0.0,0.0
SIG_20260616_150508_XAUUSD,XAUUSD,0.7976190476190477,0.17261904761904762,0.0005910729757806791,DYNAMIC,BLOCKED_POSITION_EXISTS,,2026-06-16T15:05:08.504446,2026-06-16T15:05:08.579321,,,,0.0,0.0
SIG_20260616_150508_EURUSD,EURUSD,0.5853174603174603,0.9246031746031746,2.337363440996931e-05,DYNAMIC,GENERATED,,2026-06-16T15:05:08.654189,,,,,0.0,0.0
SIG_20260616_150609_EURJPY,EURJPY,0.3273809523809524,0.9146825396825397,1.0542470991729174e-05,DYNAMIC,GENERATED,,2026-06-16T15:06:09.469257,,,,,0.0,0.0
SIG_20260616_150609_USDJPY,USDJPY,0.8809523809523809,0.9503968253968254,1.4499139908632746e-05,DYNAMIC,BLOCKED_POSITION_EXISTS,,2026-06-16T15:06:09.519320,2026-06-16T15:06:09.581347,,,,0.0,0.0
SIG_20260616_150609_GBPJPY,GBPJPY,0.6785714285714286,0.8908730158730159,1.9655150141463946e-05,DYNAMIC,GENERATED,,2026-06-16T15:06:09.685891,,,,,0.0,0.0
SIG_20260616_150609_XAUUSD,XAUUSD,0.7976190476190477,0.17261904761904762,0.0005912178580810825,DYNAMIC,BLOCKED_POSITION_EXISTS,,2026-06-16T15:06:09.747944,2026-06-16T15:06:09.816551,,,,0.0,0.0
SIG_20260616_150609_EURUSD,EURUSD,0.5853174603174603,0.9246031746031746,2.3366576841566896e-05,DYNAMIC,GENERATED,,2026-06-16T15:06:09.908614,,,,,0.0,0.0
SIG_20260616_150710_EURJPY,EURJPY,0.33134920634920634,0.9146825396825397,1.0571805359778504e-05,DYNAMIC,GENERATED,,2026-06-16T15:07:10.603360,,,,,0.0,0.0
SIG_20260616_150710_USDJPY,USDJPY,0.878968253968254,0.9503968253968254,1.4496144344970131e-05,DYNAMIC,BLOCKED_POSITION_EXISTS,,2026-06-16T15:07:10.659551,2026-06-16T15:07:10.720137,,,,0.0,0.0
SIG_20260616_150710_GBPJPY,GBPJPY,0.6924603174603174,0.8908730158730159,1.9774207864552113e-05,DYNAMIC,GENERATED,,2026-06-16T15:07:10.820216,,,,,0.0,0.0
SIG_20260616_150710_XAUUSD,XAUUSD,0.7976190476190477,0.17261904761904762,0.0005908677979680988,DYNAMIC,BLOCKED_POSITION_EXISTS,,2026-06-16T15:07:10.868868,2026-06-16T15:07:10.935296,,,,0.0,0.0
SIG_20260616_150711_EURUSD,EURUSD,0.5853174603174603,0.9246031746031746,2.3327353360628724e-05,DYNAMIC,GENERATED,,2026-06-16T15:07:11.035784,,,,,0.0,0.0
SIG_20260616_150811_EURJPY,EURJPY,0.32341269841269843,0.9146825396825397,1.0508919250396264e-05,DYNAMIC,GENERATED,,2026-06-16T15:08:11.764096,,,,,0.0,0.0
SIG_20260616_150811_USDJPY,USDJPY,0.878968253968254,0.9503968253968254,1.449633886521065e-05,DYNAMIC,BLOCKED_POSITION_EXISTS,,2026-06-16T15:08:11.813390,2026-06-16T15:08:11.870427,,,,0.0,0.0
SIG_20260616_150811_GBPJPY,GBPJPY,0.6904761904761905,0.8908730158730159,1.9757269016126887e-05,DYNAMIC,GENERATED,,2026-06-16T15:08:11.941761,,,,,0.0,0.0
SIG_20260616_150812_XAUUSD,XAUUSD,0.7976190476190477,0.17261904761904762,0.0005908505222521516,DYNAMIC,BLOCKED_POSITION_EXISTS,,2026-06-16T15:08:12.000722,2026-06-16T15:08:12.060206,,,,0.0,0.0
SIG_20260616_150812_EURUSD,EURUSD,0.5853174603174603,0.9246031746031746,2.3298754944697596e-05,DYNAMIC,GENERATED,,2026-06-16T15:08:12.142495,,,,,0.0,0.0
SIG_20260616_150912_EURJPY,EURJPY,0.3253968253968254,0.9146825396825397,1.051958271620527e-05,DYNAMIC,GENERATED,,2026-06-16T15:09:12.835656,,,,,0.0,0.0
SIG_20260616_150912_USDJPY,USDJPY,0.8809523809523809,0.9503968253968254,1.449789501840121e-05,DYNAMIC,BLOCKED_POSITION_EXISTS,,2026-06-16T15:09:12.888088,2026-06-16T15:09:12.963019,,,,0.0,0.0
SIG_20260616_150913_GBPJPY,GBPJPY,0.6904761904761905,0.8908730158730159,1.974501889841351e-05,DYNAMIC,GENERATED,,2026-06-16T15:09:13.039859,,,,,0.0,0.0
SIG_20260616_150913_XAUUSD,XAUUSD,0.7976190476190477,0.17261904761904762,0.0005909249827376088,DYNAMIC,BLOCKED_POSITION_EXISTS,,2026-06-16T15:09:13.085326,2026-06-16T15:09:13.131242,,,,0.0,0.0
SIG_20260616_150913_EURUSD,EURUSD,0.5853174603174603,0.9246031746031746,2.3346296139273168e-05,DYNAMIC,GENERATED,,2026-06-16T15:09:13.214360,,,,,0.0,0.0
SIG_20260616_151013_EURJPY,EURJPY,0.32341269841269843,0.9146825396825397,1.050548041068062e-05,DYNAMIC,GENERATED,,2026-06-16T15:10:13.937281,,,,,0.0,0.0
SIG_20260616_151013_USDJPY,USDJPY,0.8809523809523809,0.9503968253968254,1.4499139908632746e-05,DYNAMIC,BLOCKED_POSITION_EXISTS,,2026-06-16T15:10:13.990590,2026-06-16T15:10:14.046914,,,,0.0,0.0
SIG_20260616_151014_GBPJPY,GBPJPY,0.6865079365079365,0.8908730158730159,1.9717948587295913e-05,DYNAMIC,GENERATED,,2026-06-16T15:10:14.129835,,,,,0.0,0.0
SIG_20260616_151014_XAUUSD,XAUUSD,0.7976190476190477,0.17261904761904762,0.0005908138029780711,DYNAMIC,BLOCKED_POSITION_EXISTS,,2026-06-16T15:10:14.180876,2026-06-16T15:10:14.232847,,,,0.0,0.0
SIG_20260616_151014_EURUSD,EURUSD,0.5853174603174603,0.9246031746031746,2.3309748401857905e-05,DYNAMIC,GENERATED,,2026-06-16T15:10:14.306424,,,,,0.0,0.0
SIG_20260616_151114_EURJPY,EURJPY,0.32341269841269843,0.9146825396825397,1.0502099393853759e-05,DYNAMIC,GENERATED,,2026-06-16T15:11:14.986619,,,,,0.0,0.0
SIG_20260616_151115_USDJPY,USDJPY,0.8809523809523809,0.9503968253968254,1.449789501840121e-05,DYNAMIC,BLOCKED_POSITION_EXISTS,,2026-06-16T15:11:15.029261,2026-06-16T15:11:15.079224,,,,0.0,0.0
SIG_20260616_151115_GBPJPY,GBPJPY,0.6904761904761905,0.8908730158730159,1.973706834356459e-05,DYNAMIC,GENERATED,,2026-06-16T15:11:15.159774,,,,,0.0,0.0
SIG_20260616_151115_XAUUSD,XAUUSD,0.7976190476190477,0.17261904761904762,0.000590866405505445,DYNAMIC,BLOCKED_POSITION_EXISTS,,2026-06-16T15:11:15.202387,2026-06-16T15:11:15.249404,,,,0.0,0.0
SIG_20260616_151115_EURUSD,EURUSD,0.5853174603174603,0.9246031746031746,2.3309748401857905e-05,DYNAMIC,GENERATED,,2026-06-16T15:11:15.322840,,,,,0.0,0.0
SIG_20260616_151215_EURJPY,EURJPY,0.32142857142857145,0.9146825396825397,1.0486061620426786e-05,DYNAMIC,GENERATED,,2026-06-16T15:12:15.953102,,,,,0.0,0.0
SIG_20260616_151215_USDJPY,USDJPY,0.8809523809523809,0.9503968253968254,1.449789501840121e-05,DYNAMIC,BLOCKED_POSITION_EXISTS,,2026-06-16T15:12:15.990108,2026-06-16T15:12:16.041403,,,,0.0,0.0
SIG_20260616_151216_GBPJPY,GBPJPY,0.6865079365079365,0.8908730158730159,1.9699909671964277e-05,DYNAMIC,GENERATED,,2026-06-16T15:12:16.112450,,,,,0.0,0.0
SIG_20260616_151216_XAUUSD,XAUUSD,0.7976190476190477,0.17261904761904762,0.0005908443544380788,DYNAMIC,BLOCKED_POSITION_EXISTS,,2026-06-16T15:12:16.163611,2026-06-16T15:12:16.221054,,,,0.0,0.0
SIG_20260616_151216_EURUSD,EURUSD,0.5853174603174603,0.9246031746031746,2.3309748401857905e-05,DYNAMIC,GENERATED,,2026-06-16T15:12:16.304570,,,,,0.0,0.0
SIG_20260616_151316_EURJPY,EURJPY,0.3253968253968254,0.9146825396825397,1.0512415913934163e-05,DYNAMIC,GENERATED,,2026-06-16T15:13:16.971989,,,,,0.0,0.0
SIG_20260616_151317_USDJPY,USDJPY,0.8809523809523809,0.9503968253968254,1.4499139908632746e-05,DYNAMIC,BLOCKED_POSITION_EXISTS,,2026-06-16T15:13:17.014594,2026-06-16T15:13:17.063751,,,,0.0,0.0
SIG_20260616_151317_GBPJPY,GBPJPY,0.6904761904761905,0.8908730158730159,1.9761438867226796e-05,DYNAMIC,GENERATED,,2026-06-16T15:13:17.139009,,,,,0.0,0.0
SIG_20260616_151317_XAUUSD,XAUUSD,0.7976190476190477,0.17261904761904762,0.0005911171866729422,DYNAMIC,BLOCKED_POSITION_EXISTS,,2026-06-16T15:13:17.191357,2026-06-16T15:13:17.244865,,,,0.0,0.0
SIG_20260616_151317_EURUSD,EURUSD,0.5853174603174603,0.9325396825396826,2.333983322666666e-05,DYNAMIC,GENERATED,,2026-06-16T15:13:17.314449,,,,,0.0,0.0
SIG_20260616_151418_EURJPY,EURJPY,0.3273809523809524,0.9146825396825397,1.0530766621589529e-05,DYNAMIC,GENERATED,,2026-06-16T15:14:18.043578,,,,,0.0,0.0
SIG_20260616_151418_USDJPY,USDJPY,0.8809523809523809,0.9503968253968254,1.4502563258137984e-05,DYNAMIC,BLOCKED_POSITION_EXISTS,,2026-06-16T15:14:18.086530,2026-06-16T15:14:18.146515,,,,0.0,0.0
SIG_20260616_151418_GBPJPY,GBPJPY,0.6924603174603174,0.8908730158730159,1.9791838586227627e-05,DYNAMIC,GENERATED,,2026-06-16T15:14:18.220021,,,,,0.0,0.0
SIG_20260616_151418_XAUUSD,XAUUSD,0.7976190476190477,0.17261904761904762,0.0005918340639224301,DYNAMIC,BLOCKED_POSITION_EXISTS,,2026-06-16T15:14:18.269115,2026-06-16T15:14:18.326242,,,,0.0,0.0
SIG_20260616_151418_EURUSD,EURUSD,0.5873015873015873,0.9325396825396826,2.3380840651930754e-05,DYNAMIC,GENERATED,,2026-06-16T15:14:18.403524,,,,,0.0,0.0
SIG_20260616_151519_EURJPY,EURJPY,0.3273809523809524,0.9146825396825397,1.0530766621589529e-05,DYNAMIC,GENERATED,,2026-06-16T15:15:19.044829,,,,,0.0,0.0
SIG_20260616_151519_USDJPY,USDJPY,0.8809523809523809,0.9503968253968254,1.450723128873109e-05,DYNAMIC,BLOCKED_POSITION_EXISTS,,2026-06-16T15:15:19.094409,2026-06-16T15:15:19.144231,,,,0.0,0.0
SIG_20260616_151519_GBPJPY,GBPJPY,0.6904761904761905,0.8908730158730159,1.9765651958594978e-05,DYNAMIC,GENERATED,,2026-06-16T15:15:19.203131,,,,,0.0,0.0
SIG_20260616_151519_XAUUSD,XAUUSD,0.7976190476190477,0.17261904761904762,0.0005919161521817564,DYNAMIC,BLOCKED_POSITION_EXISTS,,2026-06-16T15:15:19.248366,2026-06-16T15:15:19.297240,,,,0.0,0.0
SIG_20260616_151519_EURUSD,EURUSD,0.5873015873015873,0.9325396825396826,2.3403351457612544e-05,DYNAMIC,GENERATED,,2026-06-16T15:15:19.356970,,,,,0.0,0.0
SIG_20260616_151619_EURJPY,EURJPY,0.3253968253968254,0.9146825396825397,1.0526980824954364e-05,DYNAMIC,GENERATED,,2026-06-16T15:16:19.955176,,,,,0.0,0.0
SIG_20260616_151619_USDJPY,USDJPY,0.8809523809523809,0.9503968253968254,1.4508592766882567e-05,DYNAMIC,BLOCKED_POSITION_EXISTS,,2026-06-16T15:16:19.981859,2026-06-16T15:16:20.006595,,,,0.0,0.0
SIG_20260616_151620_GBPJPY,GBPJPY,0.6924603174603174,0.8908730158730159,1.9787366040581613e-05,DYNAMIC,GENERATED,,2026-06-16T15:16:20.041596,,,,,0.0,0.0
SIG_20260616_151620_XAUUSD,XAUUSD,0.8015873015873016,0.17261904761904762,0.0005928723781554804,DYNAMIC,BLOCKED_POSITION_EXISTS,,2026-06-16T15:16:20.064471,2026-06-16T15:16:20.084358,,,,0.0,0.0
SIG_20260616_151620_EURUSD,EURUSD,0.5873015873015873,0.9325396825396826,2.3403351457612544e-05,DYNAMIC,GENERATED,,2026-06-16T15:16:20.123778,,,,,0.0,0.0
SIG_20260616_151720_EURJPY,EURJPY,0.32341269841269843,0.9146825396825397,1.0489153536792926e-05,DYNAMIC,GENERATED,,2026-06-16T15:17:20.631674,,,,,0.0,0.0
SIG_20260616_151720_USDJPY,USDJPY,0.8809523809523809,0.9503968253968254,1.4508592766882567e-05,DYNAMIC,BLOCKED_POSITION_EXISTS,,2026-06-16T15:17:20.666499,2026-06-16T15:17:20.704440,,,,0.0,0.0
SIG_20260616_151720_GBPJPY,GBPJPY,0.6865079365079365,0.8908730158730159,1.9717948587295913e-05,DYNAMIC,GENERATED,,2026-06-16T15:17:20.760299,,,,,0.0,0.0
SIG_20260616_151720_XAUUSD,XAUUSD,0.7976190476190477,0.17261904761904762,0.0005921972599942623,DYNAMIC,BLOCKED_POSITION_EXISTS,,2026-06-16T15:17:20.795608,2026-06-16T15:17:20.842685,,,,0.0,0.0
SIG_20260616_151720_EURUSD,EURUSD,0.5853174603174603,0.9325396825396826,2.333983322666666e-05,DYNAMIC,GENERATED,,2026-06-16T15:17:20.901324,,,,,0.0,0.0
SIG_20260616_151821_EURJPY,EURJPY,0.32341269841269843,0.9146825396825397,1.0489153536792926e-05,DYNAMIC,GENERATED,,2026-06-16T15:18:21.560798,,,,,0.0,0.0
SIG_20260616_151821_USDJPY,USDJPY,0.8809523809523809,0.9503968253968254,1.4510032030324405e-05,DYNAMIC,BLOCKED_POSITION_EXISTS,,2026-06-16T15:18:21.622149,2026-06-16T15:18:21.694839,,,,0.0,0.0
SIG_20260616_151821_GBPJPY,GBPJPY,0.6865079365079365,0.8908730158730159,1.969299672441557e-05,DYNAMIC,GENERATED,,2026-06-16T15:18:21.785880,,,,,0.0,0.0
SIG_20260616_151821_XAUUSD,XAUUSD,0.7976190476190477,0.17261904761904762,0.0005917872100262315,DYNAMIC,BLOCKED_POSITION_EXISTS,,2026-06-16T15:18:21.846942,2026-06-16T15:18:21.915423,,,,0.0,0.0
SIG_20260616_151822_EURUSD,EURUSD,0.5853174603174603,0.9325396825396826,2.3346296139273168e-05,DYNAMIC,GENERATED,,2026-06-16T15:18:22.014635,,,,,0.0,0.0
SIG_20260616_151918_EURJPY,EURJPY,0.32341269841269843,0.9146825396825397,1.0495510825139038e-05,DYNAMIC,GENERATED,,2026-06-16T15:19:18.880097,,,,,0.0,0.0
SIG_20260616_151918_USDJPY,USDJPY,0.8809523809523809,0.9503968253968254,1.4513143907257558e-05,DYNAMIC,POSITION_CLOSED,57102362160,2026-06-16T15:19:18.901230,2026-06-16T15:19:18.923518,2026-06-16T15:19:18.936276,2026-06-16T15:19:19.219151,2026-06-17T08:54:41.429215,-1.3999999999981583,-1.75
SIG_20260616_151919_GBPJPY,GBPJPY,0.6904761904761905,0.8908730158730159,1.9765651958594978e-05,DYNAMIC,GENERATED,,2026-06-16T15:19:19.242895,,,,,0.0,0.0
SIG_20260616_151919_XAUUSD,XAUUSD,0.7976190476190477,0.17261904761904762,0.0005919809960913229,DYNAMIC,TRIGGERED,,2026-06-16T15:19:19.265612,2026-06-16T15:19:19.291062,,,,0.0,0.0
SIG_20260616_151919_EURUSD,EURUSD,0.5853174603174603,0.9325396825396826,2.337363440996931e-05,DYNAMIC,GENERATED,,2026-06-16T15:19:19.313387,,,,,0.0,0.0
SIG_20260616_152019_EURJPY,EURJPY,0.31746031746031744,0.9146825396825397,1.0466037037907156e-05,DYNAMIC,GENERATED,,2026-06-16T15:20:19.891537,,,,,0.0,0.0
SIG_20260616_152019_USDJPY,USDJPY,0.8809523809523809,0.9503968253968254,1.4535820254320598e-05,DYNAMIC,BLOCKED_POSITION_EXISTS,,2026-06-16T15:20:19.945323,2026-06-16T15:20:20.015039,,,,0.0,0.0
SIG_20260616_152020_GBPJPY,GBPJPY,0.6865079365079365,0.8908730158730159,1.9696431583179685e-05,DYNAMIC,GENERATED,,2026-06-16T15:20:20.091445,,,,,0.0,0.0
SIG_20260616_152020_XAUUSD,XAUUSD,0.7976190476190477,0.17261904761904762,0.0005910225923227205,DYNAMIC,TRIGGERED,,2026-06-16T15:20:20.143707,2026-06-16T15:20:20.210865,,,,0.0,0.0
SIG_20260616_152020_EURUSD,EURUSD,0.5873015873015873,0.9325396825396826,2.3388195571295378e-05,DYNAMIC,GENERATED,,2026-06-16T15:20:20.269898,,,,,0.0,0.0
SIG_20260616_152120_EURJPY,EURJPY,0.31547619047619047,0.9146825396825397,1.0453468106385471e-05,DYNAMIC,GENERATED,,2026-06-16T15:21:20.988988,,,,,0.0,0.0
SIG_20260616_152121_USDJPY,USDJPY,0.8809523809523809,0.9503968253968254,1.4520301020572038e-05,DYNAMIC,BLOCKED_POSITION_EXISTS,,2026-06-16T15:21:21.046776,2026-06-16T15:21:21.112696,,,,0.0,0.0
SIG_20260616_152121_GBPJPY,GBPJPY,0.6785714285714286,0.8908730158730159,1.9635947310213858e-05,DYNAMIC,GENERATED,,2026-06-16T15:21:21.205098,,,,,0.0,0.0
SIG_20260616_152121_XAUUSD,XAUUSD,0.7976190476190477,0.17261904761904762,0.0005908556471762869,DYNAMIC,TRIGGERED,,2026-06-16T15:21:21.274760,2026-06-16T15:21:21.353730,,,,0.0,0.0
SIG_20260616_152121_EURUSD,EURUSD,0.5853174603174603,0.9325396825396826,2.3327353360628724e-05,DYNAMIC,GENERATED,,2026-06-16T15:21:21.423474,,,,,0.0,0.0
SIG_20260616_152222_EURJPY,EURJPY,0.31746031746031744,0.9146825396825397,1.0463407633794474e-05,DYNAMIC,GENERATED,,2026-06-16T15:22:22.211183,,,,,0.0,0.0
SIG_20260616_152222_USDJPY,USDJPY,0.8809523809523809,0.9503968253968254,1.4514816517838101e-05,DYNAMIC,BLOCKED_POSITION_EXISTS,,2026-06-16T15:22:22.262278,2026-06-16T15:22:22.325255,,,,0.0,0.0
SIG_20260616_152222_GBPJPY,GBPJPY,0.6865079365079365,0.8908730158730159,1.9689605095069327e-05,DYNAMIC,GENERATED,,2026-06-16T15:22:22.404083,,,,,0.0,0.0
SIG_20260616_152222_XAUUSD,XAUUSD,0.7976190476190477,0.17261904761904762,0.0005908184349928949,DYNAMIC,TRIGGERED,,2026-06-16T15:22:22.445874,2026-06-16T15:22:22.504897,,,,0.0,0.0
SIG_20260616_152222_EURUSD,EURUSD,0.5853174603174603,0.9325396825396826,2.3333518968399777e-05,DYNAMIC,GENERATED,,2026-06-16T15:22:22.542146,,,,,0.0,0.0
SIG_20260616_152323_EURJPY,EURJPY,0.32142857142857145,0.9146825396825397,1.0486061620426786e-05,DYNAMIC,GENERATED,,2026-06-16T15:23:23.231915,,,,,0.0,0.0
SIG_20260616_152323_USDJPY,USDJPY,0.8809523809523809,0.9503968253968254,1.4511549077601322e-05,DYNAMIC,BLOCKED_POSITION_EXISTS,,2026-06-16T15:23:23.288802,2026-06-16T15:23:23.337734,,,,0.0,0.0
SIG_20260616_152323_GBPJPY,GBPJPY,0.6865079365079365,0.8908730158730159,1.9689605095069327e-05,DYNAMIC,GENERATED,,2026-06-16T15:23:23.397953,,,,,0.0,0.0
SIG_20260616_152323_XAUUSD,XAUUSD,0.7976190476190477,0.17261904761904762,0.0005907979224464505,DYNAMIC,TRIGGERED,,2026-06-16T15:23:23.448227,2026-06-16T15:23:23.529145,,,,0.0,0.0
SIG_20260616_152323_EURUSD,EURUSD,0.5853174603174603,0.9325396825396826,2.3346296139273168e-05,DYNAMIC,GENERATED,,2026-06-16T15:23:23.584181,,,,,0.0,0.0
SIG_20260616_152424_EURJPY,EURJPY,0.32142857142857145,0.9146825396825397,1.0486061620426786e-05,DYNAMIC,GENERATED,,2026-06-16T15:24:24.223949,,,,,0.0,0.0
SIG_20260616_152424_USDJPY,USDJPY,0.8809523809523809,0.9603174603174603,1.4511549077601322e-05,DYNAMIC,BLOCKED_POSITION_EXISTS,,2026-06-16T15:24:24.269054,2026-06-16T15:24:24.319813,,,,0.0,0.0
SIG_20260616_152424_GBPJPY,GBPJPY,0.6884920634920635,0.8908730158730159,1.9733157921418586e-05,DYNAMIC,GENERATED,,2026-06-16T15:24:24.381494,,,,,0.0,0.0
SIG_20260616_152424_XAUUSD,XAUUSD,0.7976190476190477,0.17261904761904762,0.0005908284689960892,DYNAMIC,TRIGGERED,,2026-06-16T15:24:24.420291,2026-06-16T15:24:24.475307,,,,0.0,0.0
SIG_20260616_152424_EURUSD,EURUSD,0.5853174603174603,0.9325396825396826,2.335290771006288e-05,DYNAMIC,GENERATED,,2026-06-16T15:24:24.525686,,,,,0.0,0.0
SIG_20260616_152525_EURJPY,EURJPY,0.31746031746031744,0.9146825396825397,1.0471469279370776e-05,DYNAMIC,GENERATED,,2026-06-16T15:25:25.148250,,,,,0.0,0.0
SIG_20260616_152525_USDJPY,USDJPY,0.8809523809523809,0.9603174603174603,1.4508592766882567e-05,DYNAMIC,BLOCKED_POSITION_EXISTS,,2026-06-16T15:25:25.198687,2026-06-16T15:25:25.248327,,,,0.0,0.0
SIG_20260616_152525_GBPJPY,GBPJPY,0.6865079365079365,0.8908730158730159,1.9682951522220017e-05,DYNAMIC,GENERATED,,2026-06-16T15:25:25.330470,,,,,0.0,0.0
SIG_20260616_152525_XAUUSD,XAUUSD,0.7976190476190477,0.17261904761904762,0.0005907820421831283,DYNAMIC,BLOCKED_SPREAD,,2026-06-16T15:25:25.372701,2026-06-16T15:25:25.430172,,,,0.0,0.0
SIG_20260616_152525_EURUSD,EURUSD,0.5853174603174603,0.9345238095238095,2.3315468081201094e-05,DYNAMIC,GENERATED,,2026-06-16T15:25:25.509617,,,,,0.0,0.0
SIG_20260616_152626_EURJPY,EURJPY,0.32142857142857145,0.9146825396825397,1.0483027521355001e-05,DYNAMIC,GENERATED,,2026-06-16T15:26:26.089867,,,,,0.0,0.0
SIG_20260616_152626_USDJPY,USDJPY,0.8809523809523809,0.9603174603174603,1.4513143907257558e-05,DYNAMIC,BLOCKED_POSITION_EXISTS,,2026-06-16T15:26:26.104219,2026-06-16T15:26:26.137515,,,,0.0,0.0
SIG_20260616_152626_GBPJPY,GBPJPY,0.6904761904761905,0.8908730158730159,1.974102200236175e-05,DYNAMIC,GENERATED,,2026-06-16T15:26:26.171180,,,,,0.0,0.0
SIG_20260616_152626_XAUUSD,XAUUSD,0.7976190476190477,0.17261904761904762,0.0005908596020983026,DYNAMIC,TRIGGERED,,2026-06-16T15:26:26.194255,2026-06-16T15:26:26.219663,,,,0.0,0.0
SIG_20260616_152626_EURUSD,EURUSD,0.5853174603174603,0.9345238095238095,2.335290771006288e-05,DYNAMIC,GENERATED,,2026-06-16T15:26:26.237419,,,,,0.0,0.0
SIG_20260616_152726_EURJPY,EURJPY,0.31547619047619047,0.9146825396825397,1.04558662767459e-05,DYNAMIC,GENERATED,,2026-06-16T15:27:26.827162,,,,,0.0,0.0
SIG_20260616_152726_USDJPY,USDJPY,0.8809523809523809,0.9603174603174603,1.4510032030324405e-05,DYNAMIC,BLOCKED_POSITION_EXISTS,,2026-06-16T15:27:26.878380,2026-06-16T15:27:26.934039,,,,0.0,0.0
SIG_20260616_152727_GBPJPY,GBPJPY,0.6845238095238095,0.8908730158730159,1.9676470859809116e-05,DYNAMIC,GENERATED,,2026-06-16T15:27:27.022645,,,,,0.0,0.0
SIG_20260616_152727_XAUUSD,XAUUSD,0.7976190476190477,0.17261904761904762,0.0005908962676852694,DYNAMIC,TRIGGERED,,2026-06-16T15:27:27.076441,2026-06-16T15:27:27.109727,,,,0.0,0.0
SIG_20260616_152727_EURUSD,EURUSD,0.5853174603174603,0.9345238095238095,2.3309748401857905e-05,DYNAMIC,GENERATED,,2026-06-16T15:27:27.160419,,,,,0.0,0.0
SIG_20260616_152827_EURJPY,EURJPY,0.31746031746031744,0.9146825396825397,1.0468724252788705e-05,DYNAMIC,GENERATED,,2026-06-16T15:28:27.839416,,,,,0.0,0.0
SIG_20260616_152827_USDJPY,USDJPY,0.8809523809523809,0.9761904761904762,1.4508592766882567e-05,DYNAMIC,BLOCKED_POSITION_EXISTS,,2026-06-16T15:28:27.880852,2026-06-16T15:28:27.946186,,,,0.0,0.0
SIG_20260616_152828_GBPJPY,GBPJPY,0.6865079365079365,0.8908730158730159,1.9710603324470555e-05,DYNAMIC,GENERATED,,2026-06-16T15:28:28.019751,,,,,0.0,0.0
SIG_20260616_152828_XAUUSD,XAUUSD,0.7976190476190477,0.17261904761904762,0.0005908853338660374,DYNAMIC,TRIGGERED,,2026-06-16T15:28:28.069583,2026-06-16T15:28:28.124585,,,,0.0,0.0
SIG_20260616_152828_EURUSD,EURUSD,0.5853174603174603,0.9345238095238095,2.3315468081201094e-05,DYNAMIC,GENERATED,,2026-06-16T15:28:28.171447,,,,,0.0,0.0
SIG_20260616_152930_EURJPY,EURJPY,0.31746031746031744,0.9146825396825397,1.0466037037907156e-05,DYNAMIC,GENERATED,,2026-06-16T15:29:30.454176,,,,,0.0,0.0
SIG_20260616_152930_USDJPY,USDJPY,0.8809523809523809,0.9761904761904762,1.450594759732519e-05,DYNAMIC,BLOCKED_POSITION_EXISTS,,2026-06-16T15:29:30.503702,2026-06-16T15:29:30.568498,,,,0.0,0.0
SIG_20260616_152930_GBPJPY,GBPJPY,0.6904761904761905,0.8908730158730159,1.974102200236175e-05,DYNAMIC,GENERATED,,2026-06-16T15:29:30.650784,,,,,0.0,0.0
SIG_20260616_152930_XAUUSD,XAUUSD,0.7976190476190477,0.17261904761904762,0.0005908480233481495,DYNAMIC,TRIGGERED,,2026-06-16T15:29:30.701034,2026-06-16T15:29:30.769752,,,,0.0,0.0
SIG_20260616_152930_EURUSD,EURUSD,0.5853174603174603,0.9345238095238095,2.3309748401857905e-05,DYNAMIC,GENERATED,,2026-06-16T15:29:30.824837,,,,,0.0,0.0
SIG_20260616_153031_EURJPY,EURJPY,0.29365079365079366,0.5595238095238095,1.0398008804616898e-05,DYNAMIC,GENERATED,,2026-06-16T15:30:31.600517,,,,,0.0,0.0
SIG_20260616_153031_USDJPY,USDJPY,0.7936507936507936,0.9642857142857143,1.3073466564197462e-05,DYNAMIC,BLOCKED_POSITION_EXISTS,,2026-06-16T15:30:31.681935,2026-06-16T15:30:31.768825,,,,0.0,0.0
SIG_20260616_153031_GBPJPY,GBPJPY,0.6924603174603174,0.5753968253968254,1.980508078917875e-05,DYNAMIC,GENERATED,,2026-06-16T15:30:31.877536,,,,,0.0,0.0
SIG_20260616_153031_XAUUSD,XAUUSD,0.7936507936507936,0.07341269841269842,0.0005880931637548348,DYNAMIC,TRIGGERED,,2026-06-16T15:30:31.962867,2026-06-16T15:30:32.046846,,,,0.0,0.0
SIG_20260616_153032_EURUSD,EURUSD,0.5773809523809523,0.9027777777777778,2.260607946488131e-05,DYNAMIC,GENERATED,,2026-06-16T15:30:32.111845,,,,,0.0,0.0
SIG_20260616_153132_EURJPY,EURJPY,0.29563492063492064,0.5595238095238095,1.0401245518018104e-05,DYNAMIC,GENERATED,,2026-06-16T15:31:32.981879,,,,,0.0,0.0
SIG_20260616_153133_USDJPY,USDJPY,0.7936507936507936,0.9543650793650794,1.307342766791317e-05,DYNAMIC,BLOCKED_POSITION_EXISTS,,2026-06-16T15:31:33.034382,2026-06-16T15:31:33.098380,,,,0.0,0.0
SIG_20260616_153133_GBPJPY,GBPJPY,0.6944444444444444,0.5753968253968254,1.981098047476552e-05,DYNAMIC,GENERATED,,2026-06-16T15:31:33.180807,,,,,0.0,0.0
SIG_20260616_153133_XAUUSD,XAUUSD,0.7936507936507936,0.07341269841269842,0.0005880863826184506,DYNAMIC,TRIGGERED,,2026-06-16T15:31:33.229974,2026-06-16T15:31:33.282016,,,,0.0,0.0
SIG_20260616_153133_EURUSD,EURUSD,0.5773809523809523,0.9027777777777778,2.2612097476018908e-05,DYNAMIC,GENERATED,,2026-06-16T15:31:33.331702,,,,,0.0,0.0
SIG_20260616_153233_EURJPY,EURJPY,0.29563492063492064,0.5595238095238095,1.0399598286226272e-05,DYNAMIC,GENERATED,,2026-06-16T15:32:33.970282,,,,,0.0,0.0
SIG_20260616_153234_USDJPY,USDJPY,0.7936507936507936,0.9642857142857143,1.3074400111409273e-05,DYNAMIC,BLOCKED_POSITION_EXISTS,,2026-06-16T15:32:34.011550,2026-06-16T15:32:34.068216,,,,0.0,0.0
SIG_20260616_153234_GBPJPY,GBPJPY,0.6924603174603174,0.5753968253968254,1.9804929498650576e-05,DYNAMIC,GENERATED,,2026-06-16T15:32:34.139896,,,,,0.0,0.0
SIG_20260616_153234_XAUUSD,XAUUSD,0.7936507936507936,0.07341269841269842,0.0005880977464218281,DYNAMIC,TRIGGERED,,2026-06-16T15:32:34.189420,2026-06-16T15:32:34.243796,,,,0.0,0.0
SIG_20260616_153234_EURUSD,EURUSD,0.5773809523809523,0.9027777777777778,2.2609720052896038e-05,DYNAMIC,GENERATED,,2026-06-16T15:32:34.293841,,,,,0.0,0.0
SIG_20260616_153334_EURJPY,EURJPY,0.2916666666666667,0.49206349206349204,1.0397748699490902e-05,DYNAMIC,GENERATED,,2026-06-16T15:33:34.957088,,,,,0.0,0.0
SIG_20260616_153335_USDJPY,USDJPY,0.7936507936507936,0.9642857142857143,1.3074050027869099e-05,DYNAMIC,BLOCKED_POSITION_EXISTS,,2026-06-16T15:33:35.012895,2026-06-16T15:33:35.078692,,,,0.0,0.0
SIG_20260616_153335_GBPJPY,GBPJPY,0.6944444444444444,0.5753968253968254,1.9810981462025138e-05,DYNAMIC,GENERATED,,2026-06-16T15:33:35.166661,,,,,0.0,0.0
SIG_20260616_153335_XAUUSD,XAUUSD,0.7936507936507936,0.07341269841269842,0.0005882511149034719,DYNAMIC,TRIGGERED,,2026-06-16T15:33:35.228210,2026-06-16T15:33:35.294864,,,,0.0,0.0
SIG_20260616_153335_EURUSD,EURUSD,0.5773809523809523,0.9027777777777778,2.260637666854826e-05,DYNAMIC,GENERATED,,2026-06-16T15:33:35.362925,,,,,0.0,0.0
SIG_20260616_153436_EURJPY,EURJPY,0.29563492063492064,0.5595238095238095,1.03995984453263e-05,DYNAMIC,GENERATED,,2026-06-16T15:34:36.077211,,,,,0.0,0.0
SIG_20260616_153436_USDJPY,USDJPY,0.7936507936507936,0.9642857142857143,1.3074050027869099e-05,DYNAMIC,BLOCKED_POSITION_EXISTS,,2026-06-16T15:34:36.263018,2026-06-16T15:34:36.386440,,,,0.0,0.0
SIG_20260616_153436_GBPJPY,GBPJPY,0.6944444444444444,0.5753968253968254,1.9815196456603114e-05,DYNAMIC,GENERATED,,2026-06-16T15:34:36.656549,,,,,0.0,0.0
SIG_20260616_153436_XAUUSD,XAUUSD,0.7936507936507936,0.07341269841269842,0.000588207112284387,DYNAMIC,TRIGGERED,,2026-06-16T15:34:36.736143,2026-06-16T15:34:36.799456,,,,0.0,0.0
SIG_20260616_153436_EURUSD,EURUSD,0.5773809523809523,0.9027777777777778,2.2606748201953566e-05,DYNAMIC,GENERATED,,2026-06-16T15:34:36.861809,,,,,0.0,0.0
SIG_20260616_153537_EURJPY,EURJPY,0.29365079365079366,0.5595238095238095,1.039777760068194e-05,DYNAMIC,GENERATED,,2026-06-16T15:35:37.770532,,,,,0.0,0.0
SIG_20260616_153537_USDJPY,USDJPY,0.7936507936507936,0.9642857142857143,1.3074400111409273e-05,DYNAMIC,BLOCKED_POSITION_EXISTS,,2026-06-16T15:35:37.829097,2026-06-16T15:35:37.900108,,,,0.0,0.0
SIG_20260616_153537_GBPJPY,GBPJPY,0.6924603174603174,0.5753968253968254,1.980492949322493e-05,DYNAMIC,GENERATED,,2026-06-16T15:35:37.987648,,,,,0.0,0.0
SIG_20260616_153538_XAUUSD,XAUUSD,0.7936507936507936,0.07341269841269842,0.0005880855826688779,DYNAMIC,TRIGGERED,,2026-06-16T15:35:38.046353,2026-06-16T15:35:38.118093,,,,0.0,0.0
SIG_20260616_153538_EURUSD,EURUSD,0.5773809523809523,0.9027777777777778,2.2607268259054844e-05,DYNAMIC,GENERATED,,2026-06-16T15:35:38.183590,,,,,0.0,0.0
SIG_20260616_153638_EURJPY,EURJPY,0.29563492063492064,0.5595238095238095,1.0400089796649915e-05,DYNAMIC,GENERATED,,2026-06-16T15:36:38.901714,,,,,0.0,0.0
SIG_20260616_153638_USDJPY,USDJPY,0.7936507936507936,0.9642857142857143,1.3076578463444688e-05,DYNAMIC,BLOCKED_POSITION_EXISTS,,2026-06-16T15:36:38.949547,2026-06-16T15:36:39.032522,,,,0.0,0.0
SIG_20260616_153639_GBPJPY,GBPJPY,0.6924603174603174,0.5119047619047619,1.9804734984324164e-05,DYNAMIC,GENERATED,,2026-06-16T15:36:39.123823,,,,,0.0,0.0
SIG_20260616_153639_XAUUSD,XAUUSD,0.7936507936507936,0.07341269841269842,0.0005880581214011077,DYNAMIC,TRIGGERED,,2026-06-16T15:36:39.166773,2026-06-16T15:36:39.229344,,,,0.0,0.0
SIG_20260616_153639_EURUSD,EURUSD,0.5773809523809523,0.9027777777777778,2.260637666854826e-05,DYNAMIC,GENERATED,,2026-06-16T15:36:39.283366,,,,,0.0,0.0
SIG_20260616_153740_EURJPY,EURJPY,0.29365079365079366,0.5595238095238095,1.039777760037118e-05,DYNAMIC,GENERATED,,2026-06-16T15:37:40.001267,,,,,0.0,0.0
SIG_20260616_153740_USDJPY,USDJPY,0.7936507936507936,0.9642857142857143,1.30790291870013e-05,DYNAMIC,BLOCKED_POSITION_EXISTS,,2026-06-16T15:37:40.056033,2026-06-16T15:37:40.110214,,,,0.0,0.0
SIG_20260616_153740_GBPJPY,GBPJPY,0.6944444444444444,0.5753968253968254,1.980579395753637e-05,DYNAMIC,GENERATED,,2026-06-16T15:37:40.175608,,,,,0.0,0.0
SIG_20260616_153740_XAUUSD,XAUUSD,0.7936507936507936,0.07341269841269842,0.000588062649280653,DYNAMIC,TRIGGERED,,2026-06-16T15:37:40.216782,2026-06-16T15:37:40.271633,,,,0.0,0.0
SIG_20260616_153740_EURUSD,EURUSD,0.5773809523809523,0.9027777777777778,2.261350904422311e-05,DYNAMIC,GENERATED,,2026-06-16T15:37:40.321843,,,,,0.0,0.0
SIG_20260616_153841_EURJPY,EURJPY,0.29563492063492064,0.5595238095238095,1.0400089570118882e-05,DYNAMIC,GENERATED,,2026-06-16T15:38:41.179983,,,,,0.0,0.0
SIG_20260616_153841_USDJPY,USDJPY,0.7936507936507936,0.9642857142857143,1.3078134470568021e-05,DYNAMIC,BLOCKED_POSITION_EXISTS,,2026-06-16T15:38:41.288429,2026-06-16T15:38:41.395367,,,,0.0,0.0
SIG_20260616_153841_GBPJPY,GBPJPY,0.6924603174603174,0.5753968253968254,1.9805513009076508e-05,DYNAMIC,GENERATED,,2026-06-16T15:38:41.549369,,,,,0.0,0.0
SIG_20260616_153841_XAUUSD,XAUUSD,0.7936507936507936,0.07341269841269842,0.0005880596466080823,DYNAMIC,TRIGGERED,,2026-06-16T15:38:41.638312,2026-06-16T15:38:41.750934,,,,0.0,0.0
SIG_20260616_153841_EURUSD,EURUSD,0.5773809523809523,0.9027777777777778,2.2618635129306914e-05,DYNAMIC,GENERATED,,2026-06-16T15:38:41.832221,,,,,0.0,0.0
SIG_20260616_153943_EURJPY,EURJPY,0.2996031746031746,0.5595238095238095,1.0411735146538878e-05,DYNAMIC,GENERATED,,2026-06-16T15:39:43.043684,,,,,0.0,0.0
SIG_20260616_153943_USDJPY,USDJPY,0.7936507936507936,0.9642857142857143,1.3080001713957064e-05,DYNAMIC,BLOCKED_POSITION_EXISTS,,2026-06-16T15:39:43.133170,2026-06-16T15:39:43.233398,,,,0.0,0.0
SIG_20260616_153943_GBPJPY,GBPJPY,0.6924603174603174,0.5753968253968254,1.9804756596625197e-05,DYNAMIC,GENERATED,,2026-06-16T15:39:43.374741,,,,,0.0,0.0
SIG_20260616_153943_XAUUSD,XAUUSD,0.7936507936507936,0.07341269841269842,0.0005880596466080823,DYNAMIC,TRIGGERED,,2026-06-16T15:39:43.488442,2026-06-16T15:39:43.602458,,,,0.0,0.0
SIG_20260616_153943_EURUSD,EURUSD,0.5773809523809523,0.9027777777777778,2.2645377536198007e-05,DYNAMIC,GENERATED,,2026-06-16T15:39:43.702011,,,,,0.0,0.0
SIG_20260616_154044_EURJPY,EURJPY,0.31547619047619047,0.5595238095238095,1.0453687872270811e-05,DYNAMIC,GENERATED,,2026-06-16T15:40:44.800507,,,,,0.0,0.0
SIG_20260616_154044_USDJPY,USDJPY,0.7936507936507936,0.9642857142857143,1.3086031557530152e-05,DYNAMIC,BLOCKED_POSITION_EXISTS,,2026-06-16T15:40:44.886293,2026-06-16T15:40:45.004181,,,,0.0,0.0
SIG_20260616_154045_GBPJPY,GBPJPY,0.6944444444444444,0.5753968253968254,1.9822908563828787e-05,DYNAMIC,GENERATED,,2026-06-16T15:40:45.154614,,,,,0.0,0.0
SIG_20260616_154045_XAUUSD,XAUUSD,0.7936507936507936,0.07341269841269842,0.000588062649280653,DYNAMIC,TRIGGERED,,2026-06-16T15:40:45.246501,2026-06-16T15:40:45.358428,,,,0.0,0.0
SIG_20260616_154045_EURUSD,EURUSD,0.5793650793650794,0.9107142857142857,2.272492200367028e-05,DYNAMIC,GENERATED,,2026-06-16T15:40:45.454593,,,,,0.0,0.0
SIG_20260616_154146_EURJPY,EURJPY,0.31746031746031744,0.5595238095238095,1.0464319506920284e-05,DYNAMIC,GENERATED,,2026-06-16T15:41:46.527343,,,,,0.0,0.0
SIG_20260616_154146_USDJPY,USDJPY,0.7936507936507936,0.9642857142857143,1.3084669956122885e-05,DYNAMIC,BLOCKED_POSITION_EXISTS,,2026-06-16T15:41:46.621743,2026-06-16T15:41:46.730870,,,,0.0,0.0
SIG_20260616_154146_GBPJPY,GBPJPY,0.6944444444444444,0.5753968253968254,1.9816166722371343e-05,DYNAMIC,GENERATED,,2026-06-16T15:41:46.873418,,,,,0.0,0.0
SIG_20260616_154146_XAUUSD,XAUUSD,0.7936507936507936,0.07341269841269842,0.0005880768099036163,DYNAMIC,TRIGGERED,,2026-06-16T15:41:46.960715,2026-06-16T15:41:47.082291,,,,0.0,0.0
SIG_20260616_154147_EURUSD,EURUSD,0.5813492063492064,0.9107142857142857,2.2743413323380793e-05,DYNAMIC,GENERATED,,2026-06-16T15:41:47.163267,,,,,0.0,0.0
SIG_20260616_154248_EURJPY,EURJPY,0.3333333333333333,0.5595238095238095,1.0560251502134528e-05,DYNAMIC,GENERATED,,2026-06-16T15:42:48.256414,,,,,0.0,0.0
SIG_20260616_154248_USDJPY,USDJPY,0.7936507936507936,0.9642857142857143,1.3097741788163948e-05,DYNAMIC,BLOCKED_POSITION_EXISTS,,2026-06-16T15:42:48.355896,2026-06-16T15:42:48.451946,,,,0.0,0.0
SIG_20260616_154248_GBPJPY,GBPJPY,0.6944444444444444,0.5753968253968254,1.9890489489375764e-05,DYNAMIC,GENERATED,,2026-06-16T15:42:48.608330,,,,,0.0,0.0
SIG_20260616_154248_XAUUSD,XAUUSD,0.7936507936507936,0.07341269841269842,0.0005880958655055781,DYNAMIC,TRIGGERED,,2026-06-16T15:42:48.703808,2026-06-16T15:42:48.839063,,,,0.0,0.0
SIG_20260616_154248_EURUSD,EURUSD,0.5813492063492064,0.9107142857142857,2.290082481813701e-05,DYNAMIC,GENERATED,,2026-06-16T15:42:48.928698,,,,,0.0,0.0
SIG_20260616_154350_EURJPY,EURJPY,0.3253968253968254,0.5595238095238095,1.0501758877640903e-05,DYNAMIC,GENERATED,,2026-06-16T15:43:50.038741,,,,,0.0,0.0
SIG_20260616_154350_USDJPY,USDJPY,0.7936507936507936,0.9642857142857143,1.3092256170305552e-05,DYNAMIC,BLOCKED_POSITION_EXISTS,,2026-06-16T15:43:50.126915,2026-06-16T15:43:50.240416,,,,0.0,0.0
SIG_20260616_154350_GBPJPY,GBPJPY,0.6944444444444444,0.5753968253968254,1.985045704807248e-05,DYNAMIC,GENERATED,,2026-06-16T15:43:50.375263,,,,,0.0,0.0
SIG_20260616_154350_XAUUSD,XAUUSD,0.7936507936507936,0.07341269841269842,0.0005880690250693746,DYNAMIC,TRIGGERED,,2026-06-16T15:43:50.472064,2026-06-16T15:43:50.579207,,,,0.0,0.0
SIG_20260616_154350_EURUSD,EURUSD,0.5813492063492064,0.9107142857142857,2.2814699025977824e-05,DYNAMIC,GENERATED,,2026-06-16T15:43:50.667835,,,,,0.0,0.0
SIG_20260616_154451_EURJPY,EURJPY,0.3333333333333333,0.5595238095238095,1.0569032034813916e-05,DYNAMIC,GENERATED,,2026-06-16T15:44:51.755257,,,,,0.0,0.0
SIG_20260616_154451_USDJPY,USDJPY,0.7936507936507936,0.9642857142857143,1.3086031557530152e-05,DYNAMIC,BLOCKED_POSITION_EXISTS,,2026-06-16T15:44:51.848474,2026-06-16T15:44:51.960571,,,,0.0,0.0
SIG_20260616_154452_GBPJPY,GBPJPY,0.6944444444444444,0.5753968253968254,1.988778911622658e-05,DYNAMIC,GENERATED,,2026-06-16T15:44:52.104739,,,,,0.0,0.0
SIG_20260616_154452_XAUUSD,XAUUSD,0.7936507936507936,0.07341269841269842,0.0005880871820370592,DYNAMIC,TRIGGERED,,2026-06-16T15:44:52.199729,2026-06-16T15:44:52.322494,,,,0.0,0.0
SIG_20260616_154452_EURUSD,EURUSD,0.5813492063492064,0.9107142857142857,2.291025345458925e-05,DYNAMIC,GENERATED,,2026-06-16T15:44:52.406226,,,,,0.0,0.0
SIG_20260616_154553_EURJPY,EURJPY,0.3353174603174603,0.5595238095238095,1.062145248451968e-05,DYNAMIC,GENERATED,,2026-06-16T15:45:53.512228,,,,,0.0,0.0
SIG_20260616_154553_USDJPY,USDJPY,0.7936507936507936,0.9642857142857143,1.3087470978196024e-05,DYNAMIC,BLOCKED_POSITION_EXISTS,,2026-06-16T15:45:53.594624,2026-06-16T15:45:53.704431,,,,0.0,0.0
SIG_20260616_154553_GBPJPY,GBPJPY,0.6964285714285714,0.5753968253968254,1.9907598630921713e-05,DYNAMIC,GENERATED,,2026-06-16T15:45:53.845436,,,,,0.0,0.0
SIG_20260616_154553_XAUUSD,XAUUSD,0.7936507936507936,0.07341269841269842,0.000588057501775964,DYNAMIC,TRIGGERED,,2026-06-16T15:45:53.933467,2026-06-16T15:45:54.046532,,,,0.0,0.0
SIG_20260616_154554_EURUSD,EURUSD,0.5813492063492064,0.9107142857142857,2.2969940671809397e-05,DYNAMIC,GENERATED,,2026-06-16T15:45:54.140714,,,,,0.0,0.0
SIG_20260616_154655_EURJPY,EURJPY,0.3392857142857143,0.5595238095238095,1.0636961145157317e-05,DYNAMIC,GENERATED,,2026-06-16T15:46:55.235905,,,,,0.0,0.0
SIG_20260616_154655_USDJPY,USDJPY,0.7936507936507936,0.9642857142857143,1.3110814458411305e-05,DYNAMIC,BLOCKED_POSITION_EXISTS,,2026-06-16T15:46:55.314832,2026-06-16T15:46:55.405161,,,,0.0,0.0
SIG_20260616_154655_GBPJPY,GBPJPY,0.6964285714285714,0.5753968253968254,1.990172284439221e-05,DYNAMIC,GENERATED,,2026-06-16T15:46:55.532985,,,,,0.0,0.0
SIG_20260616_154655_XAUUSD,XAUUSD,0.7936507936507936,0.07341269841269842,0.0005880569774723478,DYNAMIC,TRIGGERED,,2026-06-16T15:46:55.605188,2026-06-16T15:46:55.695522,,,,0.0,0.0
SIG_20260616_154655_EURUSD,EURUSD,0.5813492063492064,0.9206349206349206,2.3057830283787273e-05,DYNAMIC,GENERATED,,2026-06-16T15:46:55.755299,,,,,0.0,0.0
SIG_20260616_154756_EURJPY,EURJPY,0.3551587301587302,0.6666666666666666,1.070419009479998e-05,DYNAMIC,GENERATED,,2026-06-16T15:47:56.780128,,,,,0.0,0.0
SIG_20260616_154756_USDJPY,USDJPY,0.7936507936507936,0.9642857142857143,1.3095835421367537e-05,DYNAMIC,BLOCKED_POSITION_EXISTS,,2026-06-16T15:47:56.882478,2026-06-16T15:47:56.984387,,,,0.0,0.0
SIG_20260616_154757_GBPJPY,GBPJPY,0.6984126984126984,0.5753968253968254,1.9953565388776992e-05,DYNAMIC,GENERATED,,2026-06-16T15:47:57.143243,,,,,0.0,0.0
SIG_20260616_154757_XAUUSD,XAUUSD,0.7936507936507936,0.07341269841269842,0.000588057501775964,DYNAMIC,TRIGGERED,,2026-06-16T15:47:57.242270,2026-06-16T15:47:57.345459,,,,0.0,0.0
SIG_20260616_154757_EURUSD,EURUSD,0.5813492063492064,0.9206349206349206,2.3105334532982658e-05,DYNAMIC,GENERATED,,2026-06-16T15:47:57.457756,,,,,0.0,0.0
SIG_20260616_154858_EURJPY,EURJPY,0.3611111111111111,0.6666666666666666,1.0728446420856712e-05,DYNAMIC,GENERATED,,2026-06-16T15:48:58.584254,,,,,0.0,0.0
SIG_20260616_154858_USDJPY,USDJPY,0.7936507936507936,0.9642857142857143,1.3106145564434712e-05,DYNAMIC,BLOCKED_POSITION_EXISTS,,2026-06-16T15:48:58.687101,2026-06-16T15:48:58.799738,,,,0.0,0.0
SIG_20260616_154858_GBPJPY,GBPJPY,0.6984126984126984,0.5753968253968254,1.9964516422064265e-05,DYNAMIC,GENERATED,,2026-06-16T15:48:58.983393,,,,,0.0,0.0
SIG_20260616_154859_XAUUSD,XAUUSD,0.7936507936507936,0.07341269841269842,0.0005880564266822061,DYNAMIC,TRIGGERED,,2026-06-16T15:48:59.082291,2026-06-16T15:48:59.199783,,,,0.0,0.0
SIG_20260616_154859_EURUSD,EURUSD,0.5833333333333334,0.9206349206349206,2.3168051333744227e-05,DYNAMIC,GENERATED,,2026-06-16T15:48:59.297821,,,,,0.0,0.0
SIG_20260616_155000_EURJPY,EURJPY,0.35714285714285715,0.6666666666666666,1.0710167619415727e-05,DYNAMIC,GENERATED,,2026-06-16T15:50:00.387687,,,,,0.0,0.0
SIG_20260616_155000_USDJPY,USDJPY,0.7936507936507936,0.9642857142857143,1.3092256170305552e-05,DYNAMIC,BLOCKED_POSITION_EXISTS,,2026-06-16T15:50:00.484103,2026-06-16T15:50:00.602583,,,,0.0,0.0
SIG_20260616_155000_GBPJPY,GBPJPY,0.6984126984126984,0.5753968253968254,1.9913647150375914e-05,DYNAMIC,GENERATED,,2026-06-16T15:50:00.734490,,,,,0.0,0.0
SIG_20260616_155000_XAUUSD,XAUUSD,0.7936507936507936,0.07341269841269842,0.0005880914048797476,DYNAMIC,TRIGGERED,,2026-06-16T15:50:00.822718,2026-06-16T15:50:00.921690,,,,0.0,0.0
SIG_20260616_155001_EURUSD,EURUSD,0.5813492063492064,0.9206349206349206,2.3069483898136478e-05,DYNAMIC,GENERATED,,2026-06-16T15:50:01.019749,,,,,0.0,0.0
SIG_20260616_155102_EURJPY,EURJPY,0.36706349206349204,0.6666666666666666,1.0779728729989451e-05,DYNAMIC,GENERATED,,2026-06-16T15:51:02.098545,,,,,0.0,0.0
SIG_20260616_155102_USDJPY,USDJPY,0.7936507936507936,0.9642857142857143,1.3094006882566708e-05,DYNAMIC,BLOCKED_POSITION_EXISTS,,2026-06-16T15:51:02.179034,2026-06-16T15:51:02.278788,,,,0.0,0.0
SIG_20260616_155102_GBPJPY,GBPJPY,0.6984126984126984,0.5753968253968254,1.9957172559206262e-05,DYNAMIC,GENERATED,,2026-06-16T15:51:02.414972,,,,,0.0,0.0
SIG_20260616_155102_XAUUSD,XAUUSD,0.7936507936507936,0.07341269841269842,0.0005881006232107402,DYNAMIC,TRIGGERED,,2026-06-16T15:51:02.507768,2026-06-16T15:51:02.626134,,,,0.0,0.0
SIG_20260616_155102_EURUSD,EURUSD,0.5833333333333334,0.9206349206349206,2.3181039520805323e-05,DYNAMIC,GENERATED,,2026-06-16T15:51:02.703931,,,,,0.0,0.0
SIG_20260616_155203_EURJPY,EURJPY,0.39880952380952384,0.6666666666666666,1.1038867009778098e-05,DYNAMIC,GENERATED,,2026-06-16T15:52:03.774039,,,,,0.0,0.0
SIG_20260616_155203_USDJPY,USDJPY,0.7936507936507936,0.9642857142857143,1.3110814458411305e-05,DYNAMIC,BLOCKED_POSITION_EXISTS,,2026-06-16T15:52:03.858926,2026-06-16T15:52:03.961467,,,,0.0,0.0
SIG_20260616_155204_GBPJPY,GBPJPY,0.7003968253968254,0.5753968253968254,2.00294838319049e-05,DYNAMIC,GENERATED,,2026-06-16T15:52:04.098908,,,,,0.0,0.0
SIG_20260616_155204_XAUUSD,XAUUSD,0.7936507936507936,0.07341269841269842,0.0005880712279339563,DYNAMIC,TRIGGERED,,2026-06-16T15:52:04.183818,2026-06-16T15:52:04.297435,,,,0.0,0.0
SIG_20260616_155204_EURUSD,EURUSD,0.5972222222222222,0.9206349206349206,2.3587752830249328e-05,DYNAMIC,GENERATED,,2026-06-16T15:52:04.393528,,,,,0.0,0.0
SIG_20260616_155305_EURJPY,EURJPY,0.38492063492063494,0.6666666666666666,1.09163221035996e-05,DYNAMIC,GENERATED,,2026-06-16T15:53:05.416211,,,,,0.0,0.0
SIG_20260616_155305_USDJPY,USDJPY,0.7936507936507936,0.9642857142857143,1.310392787109166e-05,DYNAMIC,BLOCKED_POSITION_EXISTS,,2026-06-16T15:53:05.509357,2026-06-16T15:53:05.616750,,,,0.0,0.0
SIG_20260616_155305_GBPJPY,GBPJPY,0.6984126984126984,0.5753968253968254,1.9936177170703015e-05,DYNAMIC,GENERATED,,2026-06-16T15:53:05.757046,,,,,0.0,0.0
SIG_20260616_155305_XAUUSD,XAUUSD,0.7936507936507936,0.07341269841269842,0.0005880571416488171,DYNAMIC,TRIGGERED,,2026-06-16T15:53:05.846650,2026-06-16T15:53:05.957002,,,,0.0,0.0
SIG_20260616_155306_EURUSD,EURUSD,0.5873015873015873,0.9206349206349206,2.3440176779729235e-05,DYNAMIC,GENERATED,,2026-06-16T15:53:06.054446,,,,,0.0,0.0
SIG_20260616_155407_EURJPY,EURJPY,0.37103174603174605,0.6666666666666666,1.0806754594001411e-05,DYNAMIC,GENERATED,,2026-06-16T15:54:07.010052,,,,,0.0,0.0
SIG_20260616_155407_USDJPY,USDJPY,0.7936507936507936,0.9642857142857143,1.3121086316306328e-05,DYNAMIC,BLOCKED_POSITION_EXISTS,,2026-06-16T15:54:07.112226,2026-06-16T15:54:07.201300,,,,0.0,0.0
SIG_20260616_155407_GBPJPY,GBPJPY,0.6984126984126984,0.5753968253968254,1.9913647150375914e-05,DYNAMIC,GENERATED,,2026-06-16T15:54:07.348994,,,,,0.0,0.0
SIG_20260616_155407_XAUUSD,XAUUSD,0.7936507936507936,0.07341269841269842,0.0005880913914387883,DYNAMIC,TRIGGERED,,2026-06-16T15:54:07.424705,2026-06-16T15:54:07.542537,,,,0.0,0.0
SIG_20260616_155407_EURUSD,EURUSD,0.5833333333333334,0.9206349206349206,2.334846147177344e-05,DYNAMIC,GENERATED,,2026-06-16T15:54:07.634651,,,,,0.0,0.0
SIG_20260616_155508_EURJPY,EURJPY,0.37103174603174605,0.6666666666666666,1.0793126275742375e-05,DYNAMIC,GENERATED,,2026-06-16T15:55:08.652481,,,,,0.0,0.0
SIG_20260616_155508_USDJPY,USDJPY,0.7936507936507936,0.9642857142857143,1.3106145564434712e-05,DYNAMIC,BLOCKED_POSITION_EXISTS,,2026-06-16T15:55:08.736657,2026-06-16T15:55:08.851461,,,,0.0,0.0
SIG_20260616_155508_GBPJPY,GBPJPY,0.6984126984126984,0.5753968253968254,1.9916736183444477e-05,DYNAMIC,GENERATED,,2026-06-16T15:55:08.975923,,,,,0.0,0.0
SIG_20260616_155509_XAUUSD,XAUUSD,0.7936507936507936,0.07341269841269842,0.0005880768038081016,DYNAMIC,TRIGGERED,,2026-06-16T15:55:09.064846,2026-06-16T15:55:09.161475,,,,0.0,0.0
SIG_20260616_155509_EURUSD,EURUSD,0.5833333333333334,0.9206349206349206,2.3290282296396548e-05,DYNAMIC,GENERATED,,2026-06-16T15:55:09.258113,,,,,0.0,0.0
SIG_20260616_155610_EURJPY,EURJPY,0.37103174603174605,0.6666666666666666,1.0799911588773437e-05,DYNAMIC,GENERATED,,2026-06-16T15:56:10.283996,,,,,0.0,0.0
SIG_20260616_155610_USDJPY,USDJPY,0.7936507936507936,0.9642857142857143,1.3121086316306328e-05,DYNAMIC,BLOCKED_POSITION_EXISTS,,2026-06-16T15:56:10.364576,2026-06-16T15:56:10.466609,,,,0.0,0.0
SIG_20260616_155610_GBPJPY,GBPJPY,0.6984126984126984,0.5753968253968254,1.9957172559206262e-05,DYNAMIC,GENERATED,,2026-06-16T15:56:10.597581,,,,,0.0,0.0
SIG_20260616_155610_XAUUSD,XAUUSD,0.7936507936507936,0.07341269841269842,0.0005881655735098116,DYNAMIC,TRIGGERED,,2026-06-16T15:56:10.677226,2026-06-16T15:56:10.780076,,,,0.0,0.0
SIG_20260616_155610_EURUSD,EURUSD,0.5853174603174603,0.9206349206349206,2.3363376826985997e-05,DYNAMIC,GENERATED,,2026-06-16T15:56:10.834357,,,,,0.0,0.0
SIG_20260616_155711_EURJPY,EURJPY,0.37103174603174605,0.6666666666666666,1.0806754594001411e-05,DYNAMIC,GENERATED,,2026-06-16T15:57:11.813511,,,,,0.0,0.0
SIG_20260616_155711_USDJPY,USDJPY,0.7936507936507936,0.9642857142857143,1.310844109305604e-05,DYNAMIC,BLOCKED_POSITION_EXISTS,,2026-06-16T15:57:11.877429,2026-06-16T15:57:11.968921,,,,0.0,0.0
SIG_20260616_155712_GBPJPY,GBPJPY,0.6984126984126984,0.5753968253968254,1.993282905811747e-05,DYNAMIC,GENERATED,,2026-06-16T15:57:12.094607,,,,,0.0,0.0
SIG_20260616_155712_XAUUSD,XAUUSD,0.7936507936507936,0.07341269841269842,0.0005880559182522395,DYNAMIC,TRIGGERED,,2026-06-16T15:57:12.168209,2026-06-16T15:57:12.236394,,,,0.0,0.0
SIG_20260616_155712_EURUSD,EURUSD,0.5833333333333334,0.9206349206349206,2.3319075427328227e-05,DYNAMIC,GENERATED,,2026-06-16T15:57:12.294272,,,,,0.0,0.0
SIG_20260616_155813_EURJPY,EURJPY,0.36706349206349204,0.6666666666666666,1.0760065126085011e-05,DYNAMIC,GENERATED,,2026-06-16T15:58:13.345148,,,,,0.0,0.0
SIG_20260616_155813_USDJPY,USDJPY,0.7936507936507936,0.9642857142857143,1.310844109305604e-05,DYNAMIC,BLOCKED_POSITION_EXISTS,,2026-06-16T15:58:13.440187,2026-06-16T15:58:13.540827,,,,0.0,0.0
SIG_20260616_155813_GBPJPY,GBPJPY,0.6944444444444444,0.5753968253968254,1.9870095786404156e-05,DYNAMIC,GENERATED,,2026-06-16T15:58:13.702019,,,,,0.0,0.0
SIG_20260616_155813_XAUUSD,XAUUSD,0.7936507936507936,0.07341269841269842,0.0005880569775546223,DYNAMIC,TRIGGERED,,2026-06-16T15:58:13.805160,2026-06-16T15:58:13.933601,,,,0.0,0.0
SIG_20260616_155814_EURUSD,EURUSD,0.5833333333333334,0.9206349206349206,2.3234474897669435e-05,DYNAMIC,GENERATED,,2026-06-16T15:58:14.041964,,,,,0.0,0.0
SIG_20260616_155915_EURJPY,EURJPY,0.35119047619047616,0.6666666666666666,1.068660376157097e-05,DYNAMIC,GENERATED,,2026-06-16T15:59:15.131838,,,,,0.0,0.0
SIG_20260616_155915_USDJPY,USDJPY,0.7936507936507936,0.9642857142857143,1.310392787109166e-05,DYNAMIC,BLOCKED_POSITION_EXISTS,,2026-06-16T15:59:15.209923,2026-06-16T15:59:15.309140,,,,0.0,0.0
SIG_20260616_155915_GBPJPY,GBPJPY,0.6944444444444444,0.5753968253968254,1.984285181798147e-05,DYNAMIC,GENERATED,,2026-06-16T15:59:15.448582,,,,,0.0,0.0
SIG_20260616_155915_XAUUSD,XAUUSD,0.7936507936507936,0.07341269841269842,0.0005880754961403679,DYNAMIC,TRIGGERED,,2026-06-16T15:59:15.541222,2026-06-16T15:59:15.658444,,,,0.0,0.0
SIG_20260616_155915_EURUSD,EURUSD,0.5813492063492064,0.9206349206349206,2.3105334532982658e-05,DYNAMIC,GENERATED,,2026-06-16T15:59:15.729681,,,,,0.0,0.0
SIG_20260616_160016_EURJPY,EURJPY,0.3353174603174603,0.5595238095238095,1.062145248451968e-05,DYNAMIC,GENERATED,,2026-06-16T16:00:16.797356,,,,,0.0,0.0
SIG_20260616_160016_USDJPY,USDJPY,0.7936507936507936,0.9642857142857143,1.3101788011569634e-05,DYNAMIC,BLOCKED_POSITION_EXISTS,,2026-06-16T16:00:16.896617,2026-06-16T16:00:17.028459,,,,0.0,0.0
SIG_20260616_160017_GBPJPY,GBPJPY,0.6944444444444444,0.5753968253968254,1.9816166722371343e-05,DYNAMIC,GENERATED,,2026-06-16T16:00:17.186665,,,,,0.0,0.0
SIG_20260616_160017_XAUUSD,XAUUSD,0.7936507936507936,0.07341269841269842,0.000588116438104103,DYNAMIC,TRIGGERED,,2026-06-16T16:00:17.279585,2026-06-16T16:00:17.407315,,,,0.0,0.0
SIG_20260616_160017_EURUSD,EURUSD,0.5813492063492064,0.9107142857142857,2.3001786864041703e-05,DYNAMIC,GENERATED,,2026-06-16T16:00:17.500901,,,,,0.0,0.0
SIG_20260616_160118_EURJPY,EURJPY,0.3333333333333333,0.5595238095238095,1.0587285856857091e-05,DYNAMIC,GENERATED,,2026-06-16T16:01:18.563031,,,,,0.0,0.0
SIG_20260616_160118_USDJPY,USDJPY,0.7936507936507936,0.9642857142857143,1.3106145564434712e-05,DYNAMIC,BLOCKED_POSITION_EXISTS,,2026-06-16T16:01:18.653920,2026-06-16T16:01:18.767447,,,,0.0,0.0
SIG_20260616_160118_GBPJPY,GBPJPY,0.6944444444444444,0.5753968253968254,1.9808387259449156e-05,DYNAMIC,GENERATED,,2026-06-16T16:01:18.910434,,,,,0.0,0.0
SIG_20260616_160119_XAUUSD,XAUUSD,0.7936507936507936,0.07341269841269842,0.000588065129420153,DYNAMIC,TRIGGERED,,2026-06-16T16:01:19.003222,2026-06-16T16:01:19.115487,,,,0.0,0.0
SIG_20260616_160119_EURUSD,EURUSD,0.5813492063492064,0.9107142857142857,2.2991023137328327e-05,DYNAMIC,GENERATED,,2026-06-16T16:01:19.210794,,,,,0.0,0.0
SIG_20260616_160220_EURJPY,EURJPY,0.3333333333333333,0.5595238095238095,1.0555947833638788e-05,DYNAMIC,GENERATED,,2026-06-16T16:02:20.275516,,,,,0.0,0.0
SIG_20260616_160220_USDJPY,USDJPY,0.7936507936507936,0.9642857142857143,1.3123848887181553e-05,DYNAMIC,BLOCKED_POSITION_EXISTS,,2026-06-16T16:02:20.365217,2026-06-16T16:02:20.490153,,,,0.0,0.0
SIG_20260616_160220_GBPJPY,GBPJPY,0.6944444444444444,0.5753968253968254,1.9806485515603314e-05,DYNAMIC,GENERATED,,2026-06-16T16:02:20.623773,,,,,0.0,0.0
SIG_20260616_160220_XAUUSD,XAUUSD,0.7936507936507936,0.07341269841269842,0.0005881270718703082,DYNAMIC,TRIGGERED,,2026-06-16T16:02:20.712835,2026-06-16T16:02:20.822460,,,,0.0,0.0
SIG_20260616_160220_EURUSD,EURUSD,0.5813492063492064,0.9107142857142857,2.298040773863943e-05,DYNAMIC,GENERATED,,2026-06-16T16:02:20.910056,,,,,0.0,0.0
SIG_20260616_160321_EURJPY,EURJPY,0.33134920634920634,0.5595238095238095,1.0543383230695669e-05,DYNAMIC,GENERATED,,2026-06-16T16:03:21.890026,,,,,0.0,0.0
SIG_20260616_160321_USDJPY,USDJPY,0.7956349206349206,0.9642857142857143,1.3163072101304523e-05,DYNAMIC,BLOCKED_POSITION_EXISTS,,2026-06-16T16:03:21.986289,2026-06-16T16:03:22.088694,,,,0.0,0.0
SIG_20260616_160322_GBPJPY,GBPJPY,0.6924603174603174,0.5753968253968254,1.9804929498650576e-05,DYNAMIC,GENERATED,,2026-06-16T16:03:22.224396,,,,,0.0,0.0
SIG_20260616_160322_XAUUSD,XAUUSD,0.7936507936507936,0.07341269841269842,0.0005880660405187758,DYNAMIC,TRIGGERED,,2026-06-16T16:03:22.307393,2026-06-16T16:03:22.439427,,,,0.0,0.0
SIG_20260616_160322_EURUSD,EURUSD,0.5813492063492064,0.9206349206349206,2.3057830283787273e-05,DYNAMIC,GENERATED,,2026-06-16T16:03:22.535774,,,,,0.0,0.0
SIG_20260616_160423_EURJPY,EURJPY,0.32936507936507936,0.5595238095238095,1.0535295506830018e-05,DYNAMIC,GENERATED,,2026-06-16T16:04:23.591197,,,,,0.0,0.0
SIG_20260616_160423_USDJPY,USDJPY,0.7956349206349206,0.9642857142857143,1.3182724138375616e-05,DYNAMIC,BLOCKED_POSITION_EXISTS,,2026-06-16T16:04:23.691282,2026-06-16T16:04:23.816027,,,,0.0,0.0
SIG_20260616_160424_GBPJPY,GBPJPY,0.6924603174603174,0.5753968253968254,1.9804756596625197e-05,DYNAMIC,GENERATED,,2026-06-16T16:04:24.068719,,,,,0.0,0.0
SIG_20260616_160424_XAUUSD,XAUUSD,0.7936507936507936,0.07341269841269842,0.0005882552063716075,DYNAMIC,TRIGGERED,,2026-06-16T16:04:24.170728,2026-06-16T16:04:24.293194,,,,0.0,0.0
SIG_20260616_160424_EURUSD,EURUSD,0.5813492063492064,0.9206349206349206,2.311758132908745e-05,DYNAMIC,GENERATED,,2026-06-16T16:04:24.401743,,,,,0.0,0.0
SIG_20260616_160525_EURJPY,EURJPY,0.33134920634920634,0.5595238095238095,1.0547513696988558e-05,DYNAMIC,GENERATED,,2026-06-16T16:05:25.509603,,,,,0.0,0.0
SIG_20260616_160525_USDJPY,USDJPY,0.7956349206349206,0.9642857142857143,1.320887631691183e-05,DYNAMIC,BLOCKED_POSITION_EXISTS,,2026-06-16T16:05:25.610773,2026-06-16T16:05:25.765699,,,,0.0,0.0
SIG_20260616_160525_GBPJPY,GBPJPY,0.6924603174603174,0.5753968253968254,1.9804821434733983e-05,DYNAMIC,GENERATED,,2026-06-16T16:05:25.920754,,,,,0.0,0.0
SIG_20260616_160526_XAUUSD,XAUUSD,0.7936507936507936,0.07341269841269842,0.000588276300131794,DYNAMIC,TRIGGERED,,2026-06-16T16:05:26.031082,2026-06-16T16:05:26.154851,,,,0.0,0.0
SIG_20260616_160526_EURUSD,EURUSD,0.5833333333333334,0.9206349206349206,2.3181039520805323e-05,DYNAMIC,GENERATED,,2026-06-16T16:05:26.251766,,,,,0.0,0.0
SIG_20260616_160627_EURJPY,EURJPY,0.3333333333333333,0.5595238095238095,1.0555947833638788e-05,DYNAMIC,GENERATED,,2026-06-16T16:06:27.365179,,,,,0.0,0.0
SIG_20260616_160627_USDJPY,USDJPY,0.7956349206349206,0.9642857142857143,1.320887631691183e-05,DYNAMIC,BLOCKED_POSITION_EXISTS,,2026-06-16T16:06:27.459851,2026-06-16T16:06:27.582279,,,,0.0,0.0
SIG_20260616_160627_GBPJPY,GBPJPY,0.6944444444444444,0.5753968253968254,1.9806118126579488e-05,DYNAMIC,GENERATED,,2026-06-16T16:06:27.740047,,,,,0.0,0.0
SIG_20260616_160627_XAUUSD,XAUUSD,0.7936507936507936,0.07341269841269842,0.0005881467030355893,DYNAMIC,TRIGGERED,,2026-06-16T16:06:27.836061,2026-06-16T16:06:27.960342,,,,0.0,0.0
SIG_20260616_160628_EURUSD,EURUSD,0.5833333333333334,0.9206349206349206,2.3181039520805323e-05,DYNAMIC,GENERATED,,2026-06-16T16:06:28.054223,,,,,0.0,0.0
SIG_20260616_160729_EURJPY,EURJPY,0.3333333333333333,0.5595238095238095,1.05646129028366e-05,DYNAMIC,GENERATED,,2026-06-16T16:07:29.166622,,,,,0.0,0.0
SIG_20260616_160729_USDJPY,USDJPY,0.7956349206349206,0.9642857142857143,1.3191130034704483e-05,DYNAMIC,BLOCKED_POSITION_EXISTS,,2026-06-16T16:07:29.266188,2026-06-16T16:07:29.405138,,,,0.0,0.0
SIG_20260616_160729_GBPJPY,GBPJPY,0.6944444444444444,0.5753968253968254,1.9808387259449156e-05,DYNAMIC,GENERATED,,2026-06-16T16:07:29.563570,,,,,0.0,0.0
SIG_20260616_160729_XAUUSD,XAUUSD,0.7936507936507936,0.07341269841269842,0.0005880568238873793,DYNAMIC,TRIGGERED,,2026-06-16T16:07:29.663668,2026-06-16T16:07:29.797704,,,,0.0,0.0
SIG_20260616_160729_EURUSD,EURUSD,0.5833333333333334,0.9206349206349206,2.3155211417209685e-05,DYNAMIC,GENERATED,,2026-06-16T16:07:29.905004,,,,,0.0,0.0
SIG_20260616_160831_EURJPY,EURJPY,0.3333333333333333,0.5595238095238095,1.0555947833638788e-05,DYNAMIC,GENERATED,,2026-06-16T16:08:31.047314,,,,,0.0,0.0
SIG_20260616_160831_USDJPY,USDJPY,0.7956349206349206,0.9642857142857143,1.3191130034704483e-05,DYNAMIC,BLOCKED_POSITION_EXISTS,,2026-06-16T16:08:31.153589,2026-06-16T16:08:31.282760,,,,0.0,0.0
SIG_20260616_160831_GBPJPY,GBPJPY,0.6924603174603174,0.5753968253968254,1.9804756596826154e-05,DYNAMIC,GENERATED,,2026-06-16T16:08:31.441281,,,,,0.0,0.0
SIG_20260616_160831_XAUUSD,XAUUSD,0.7936507936507936,0.07341269841269842,0.0005880638422395565,DYNAMIC,TRIGGERED,,2026-06-16T16:08:31.530510,2026-06-16T16:08:31.656882,,,,0.0,0.0
SIG_20260616_160831_EURUSD,EURUSD,0.5833333333333334,0.9206349206349206,2.3168051333744227e-05,DYNAMIC,GENERATED,,2026-06-16T16:08:31.749623,,,,,0.0,0.0
SIG_20260616_160932_EURJPY,EURJPY,0.3333333333333333,0.5595238095238095,1.0578043488869941e-05,DYNAMIC,GENERATED,,2026-06-16T16:09:32.845947,,,,,0.0,0.0
SIG_20260616_160932_USDJPY,USDJPY,0.7956349206349206,0.9642857142857143,1.3204322931522497e-05,DYNAMIC,BLOCKED_POSITION_EXISTS,,2026-06-16T16:09:32.948390,2026-06-16T16:09:33.076032,,,,0.0,0.0
SIG_20260616_160933_GBPJPY,GBPJPY,0.6944444444444444,0.5753968253968254,1.9807846996530552e-05,DYNAMIC,GENERATED,,2026-06-16T16:09:33.249419,,,,,0.0,0.0
SIG_20260616_160933_XAUUSD,XAUUSD,0.7936507936507936,0.07341269841269842,0.0005880558070313954,DYNAMIC,TRIGGERED,,2026-06-16T16:09:33.376102,2026-06-16T16:09:33.515557,,,,0.0,0.0
SIG_20260616_160933_EURUSD,EURUSD,0.5833333333333334,0.9206349206349206,2.3220893666824337e-05,DYNAMIC,GENERATED,,2026-06-16T16:09:33.623948,,,,,0.0,0.0
SIG_20260616_161034_EURJPY,EURJPY,0.3333333333333333,0.5595238095238095,1.0596759131329553e-05,DYNAMIC,GENERATED,,2026-06-16T16:10:34.738818,,,,,0.0,0.0
SIG_20260616_161034_USDJPY,USDJPY,0.7956349206349206,0.9742063492063492,1.3204322931522497e-05,DYNAMIC,BLOCKED_POSITION_EXISTS,,2026-06-16T16:10:34.840845,2026-06-16T16:10:34.971425,,,,0.0,0.0
SIG_20260616_161035_GBPJPY,GBPJPY,0.6944444444444444,0.5753968253968254,1.981519431690427e-05,DYNAMIC,GENERATED,,2026-06-16T16:10:35.140127,,,,,0.0,0.0
SIG_20260616_161035_XAUUSD,XAUUSD,0.7936507936507936,0.07341269841269842,0.0005880564267146532,DYNAMIC,TRIGGERED,,2026-06-16T16:10:35.242894,2026-06-16T16:10:35.367954,,,,0.0,0.0
SIG_20260616_161035_EURUSD,EURUSD,0.5833333333333334,0.9206349206349206,2.3276108083075664e-05,DYNAMIC,GENERATED,,2026-06-16T16:10:35.471576,,,,,0.0,0.0
SIG_20260616_161136_EURJPY,EURJPY,0.3392857142857143,0.5595238095238095,1.0636961145157317e-05,DYNAMIC,GENERATED,,2026-06-16T16:11:36.623666,,,,,0.0,0.0
SIG_20260616_161136_USDJPY,USDJPY,0.7956349206349206,0.9742063492063492,1.3199847423663407e-05,DYNAMIC,BLOCKED_POSITION_EXISTS,,2026-06-16T16:11:36.726745,2026-06-16T16:11:36.863793,,,,0.0,0.0
SIG_20260616_161137_GBPJPY,GBPJPY,0.6944444444444444,0.5753968253968254,1.9846568036451466e-05,DYNAMIC,GENERATED,,2026-06-16T16:11:37.042485,,,,,0.0,0.0
SIG_20260616_161137_XAUUSD,XAUUSD,0.7936507936507936,0.07341269841269842,0.0005880571417486678,DYNAMIC,TRIGGERED,,2026-06-16T16:11:37.182022,2026-06-16T16:11:37.309541,,,,0.0,0.0
SIG_20260616_161137_EURUSD,EURUSD,0.5833333333333334,0.9206349206349206,2.334846147177344e-05,DYNAMIC,GENERATED,,2026-06-16T16:11:37.407104,,,,,0.0,0.0
SIG_20260616_161238_EURJPY,EURJPY,0.3373015873015873,0.5595238095238095,1.0626564319199188e-05,DYNAMIC,GENERATED,,2026-06-16T16:12:38.557122,,,,,0.0,0.0
SIG_20260616_161238_USDJPY,USDJPY,0.7976190476190477,0.9841269841269841,1.3213507581287884e-05,DYNAMIC,BLOCKED_POSITION_EXISTS,,2026-06-16T16:12:38.658358,2026-06-16T16:12:38.806816,,,,0.0,0.0
SIG_20260616_161238_GBPJPY,GBPJPY,0.6944444444444444,0.5753968253968254,1.9860935515536094e-05,DYNAMIC,GENERATED,,2026-06-16T16:12:38.965437,,,,,0.0,0.0
SIG_20260616_161239_XAUUSD,XAUUSD,0.7936507936507936,0.07341269841269842,0.0005880559765156805,DYNAMIC,TRIGGERED,,2026-06-16T16:12:39.069667,2026-06-16T16:12:39.205374,,,,0.0,0.0
SIG_20260616_161239_EURUSD,EURUSD,0.5833333333333334,0.9206349206349206,2.3333694337277156e-05,DYNAMIC,GENERATED,,2026-06-16T16:12:39.310614,,,,,0.0,0.0
SIG_20260616_161340_EURJPY,EURJPY,0.34523809523809523,0.6666666666666666,1.066396324677396e-05,DYNAMIC,GENERATED,,2026-06-16T16:13:40.435551,,,,,0.0,0.0
SIG_20260616_161340_USDJPY,USDJPY,0.7956349206349206,0.9841269841269841,1.320887631691183e-05,DYNAMIC,BLOCKED_POSITION_EXISTS,,2026-06-16T16:13:40.538340,2026-06-16T16:13:40.671427,,,,0.0,0.0
SIG_20260616_161340_GBPJPY,GBPJPY,0.6984126984126984,0.5753968253968254,1.9913647150375914e-05,DYNAMIC,GENERATED,,2026-06-16T16:13:40.836060,,,,,0.0,0.0
SIG_20260616_161340_XAUUSD,XAUUSD,0.7936507936507936,0.07341269841269842,0.0005881175465224037,DYNAMIC,TRIGGERED,,2026-06-16T16:13:40.938082,2026-06-16T16:13:41.075922,,,,0.0,0.0
SIG_20260616_161341_EURUSD,EURUSD,0.5873015873015873,0.9206349206349206,2.339365218423885e-05,DYNAMIC,GENERATED,,2026-06-16T16:13:41.172689,,,,,0.0,0.0
SIG_20260616_161442_EURJPY,EURJPY,0.34523809523809523,0.6666666666666666,1.0669536808805973e-05,DYNAMIC,GENERATED,,2026-06-16T16:14:42.240932,,,,,0.0,0.0
SIG_20260616_161442_USDJPY,USDJPY,0.7956349206349206,0.9841269841269841,1.320887631691183e-05,DYNAMIC,BLOCKED_POSITION_EXISTS,,2026-06-16T16:14:42.367190,2026-06-16T16:14:42.506458,,,,0.0,0.0
SIG_20260616_161442_GBPJPY,GBPJPY,0.6964285714285714,0.5753968253968254,1.9910601299334425e-05,DYNAMIC,GENERATED,,2026-06-16T16:14:42.671147,,,,,0.0,0.0
SIG_20260616_161442_XAUUSD,XAUUSD,0.7936507936507936,0.07341269841269842,0.000588150856864934,DYNAMIC,TRIGGERED,,2026-06-16T16:14:42.802752,2026-06-16T16:14:42.937671,,,,0.0,0.0
SIG_20260616_161443_EURUSD,EURUSD,0.5873015873015873,0.9206349206349206,2.337844039908469e-05,DYNAMIC,GENERATED,,2026-06-16T16:14:43.043290,,,,,0.0,0.0
SIG_20260616_161544_EURJPY,EURJPY,0.34523809523809523,0.6666666666666666,1.0669536808805973e-05,DYNAMIC,GENERATED,,2026-06-16T16:15:44.145773,,,,,0.0,0.0
SIG_20260616_161544_USDJPY,USDJPY,0.7956349206349206,0.9841269841269841,1.3204322931522497e-05,DYNAMIC,BLOCKED_POSITION_EXISTS,,2026-06-16T16:15:44.245386,2026-06-16T16:15:44.370382,,,,0.0,0.0
SIG_20260616_161544_GBPJPY,GBPJPY,0.6944444444444444,0.5753968253968254,1.9882517932869184e-05,DYNAMIC,GENERATED,,2026-06-16T16:15:44.529058,,,,,0.0,0.0
SIG_20260616_161544_XAUUSD,XAUUSD,0.7936507936507936,0.07341269841269842,0.0005883309642371352,DYNAMIC,TRIGGERED,,2026-06-16T16:15:44.631070,2026-06-16T16:15:44.775274,,,,0.0,0.0
SIG_20260616_161544_EURUSD,EURUSD,0.5873015873015873,0.9206349206349206,2.337844039908469e-05,DYNAMIC,GENERATED,,2026-06-16T16:15:44.876300,,,,,0.0,0.0
SIG_20260616_161646_EURJPY,EURJPY,0.3611111111111111,0.6666666666666666,1.073465476076615e-05,DYNAMIC,GENERATED,,2026-06-16T16:16:46.047027,,,,,0.0,0.0
SIG_20260616_161646_USDJPY,USDJPY,0.7956349206349206,0.9841269841269841,1.316684677697653e-05,DYNAMIC,BLOCKED_POSITION_EXISTS,,2026-06-16T16:16:46.142031,2026-06-16T16:16:46.264991,,,,0.0,0.0
SIG_20260616_161646_GBPJPY,GBPJPY,0.6964285714285714,0.5753968253968254,1.990172284439221e-05,DYNAMIC,GENERATED,,2026-06-16T16:16:46.417661,,,,,0.0,0.0
SIG_20260616_161646_XAUUSD,XAUUSD,0.7936507936507936,0.07341269841269842,0.0005882654285530396,DYNAMIC,TRIGGERED,,2026-06-16T16:16:46.513392,2026-06-16T16:16:46.638077,,,,0.0,0.0
SIG_20260616_161646_EURUSD,EURUSD,0.5873015873015873,0.9206349206349206,2.337844039908469e-05,DYNAMIC,GENERATED,,2026-06-16T16:16:46.721206,,,,,0.0,0.0
SIG_20260616_161747_EURJPY,EURJPY,0.36706349206349204,0.6666666666666666,1.0773116499127456e-05,DYNAMIC,GENERATED,,2026-06-16T16:17:47.805458,,,,,0.0,0.0
SIG_20260616_161747_USDJPY,USDJPY,0.7936507936507936,0.9841269841269841,1.3155756337374924e-05,DYNAMIC,BLOCKED_POSITION_EXISTS,,2026-06-16T16:17:47.878056,2026-06-16T16:17:47.963102,,,,0.0,0.0
SIG_20260616_161748_GBPJPY,GBPJPY,0.6984126984126984,0.5753968253968254,1.9950001393149726e-05,DYNAMIC,GENERATED,,2026-06-16T16:17:48.075181,,,,,0.0,0.0
SIG_20260616_161748_XAUUSD,XAUUSD,0.7936507936507936,0.07341269841269842,0.0005883407016939622,DYNAMIC,TRIGGERED,,2026-06-16T16:17:48.152525,2026-06-16T16:17:48.256357,,,,0.0,0.0
SIG_20260616_161748_EURUSD,EURUSD,0.5873015873015873,0.9206349206349206,2.3455981378801355e-05,DYNAMIC,GENERATED,,2026-06-16T16:17:48.335197,,,,,0.0,0.0
SIG_20260616_161849_EURJPY,EURJPY,0.37896825396825395,0.6666666666666666,1.0834703518277202e-05,DYNAMIC,GENERATED,,2026-06-16T16:18:49.360546,,,,,0.0,0.0
SIG_20260616_161849_USDJPY,USDJPY,0.7936507936507936,0.9841269841269841,1.3115794705150779e-05,DYNAMIC,BLOCKED_POSITION_EXISTS,,2026-06-16T16:18:49.453331,2026-06-16T16:18:49.575365,,,,0.0,0.0
SIG_20260616_161849_GBPJPY,GBPJPY,0.6984126984126984,0.5753968253968254,1.9964516422064265e-05,DYNAMIC,GENERATED,,2026-06-16T16:18:49.721575,,,,,0.0,0.0
SIG_20260616_161849_XAUUSD,XAUUSD,0.7936507936507936,0.07341269841269842,0.000588216072395808,DYNAMIC,TRIGGERED,,2026-06-16T16:18:49.827483,2026-06-16T16:18:49.959910,,,,0.0,0.0
SIG_20260616_161850_EURUSD,EURUSD,0.5833333333333334,0.9206349206349206,2.3319075427328227e-05,DYNAMIC,GENERATED,,2026-06-16T16:18:50.062701,,,,,0.0,0.0
SIG_20260616_161951_EURJPY,EURJPY,0.35714285714285715,0.6666666666666666,1.0710167619415727e-05,DYNAMIC,GENERATED,,2026-06-16T16:19:51.060350,,,,,0.0,0.0
SIG_20260616_161951_USDJPY,USDJPY,0.7936507936507936,0.9841269841269841,1.3115794705150779e-05,DYNAMIC,BLOCKED_POSITION_EXISTS,,2026-06-16T16:19:51.176289,2026-06-16T16:19:51.311535,,,,0.0,0.0
SIG_20260616_161951_GBPJPY,GBPJPY,0.6944444444444444,0.5753968253968254,1.9867740929688525e-05,DYNAMIC,GENERATED,,2026-06-16T16:19:51.479037,,,,,0.0,0.0
SIG_20260616_161951_XAUUSD,XAUUSD,0.7936507936507936,0.07341269841269842,0.0005882216460210768,DYNAMIC,TRIGGERED,,2026-06-16T16:19:51.576643,2026-06-16T16:19:51.707208,,,,0.0,0.0
SIG_20260616_161951_EURUSD,EURUSD,0.5833333333333334,0.9206349206349206,2.3194175974560507e-05,DYNAMIC,GENERATED,,2026-06-16T16:19:51.806210,,,,,0.0,0.0
SIG_20260616_162052_EURJPY,EURJPY,0.376984126984127,0.6666666666666666,1.0827629753563597e-05,DYNAMIC,GENERATED,,2026-06-16T16:20:52.941786,,,,,0.0,0.0
SIG_20260616_162053_USDJPY,USDJPY,0.7936507936507936,0.9841269841269841,1.3087470978196024e-05,DYNAMIC,BLOCKED_POSITION_EXISTS,,2026-06-16T16:20:53.034426,2026-06-16T16:20:53.174282,,,,0.0,0.0
SIG_20260616_162053_GBPJPY,GBPJPY,0.6964285714285714,0.5753968253968254,1.9907598630921713e-05,DYNAMIC,GENERATED,,2026-06-16T16:20:53.332052,,,,,0.0,0.0
SIG_20260616_162053_XAUUSD,XAUUSD,0.7936507936507936,0.07341269841269842,0.0005886639672659372,DYNAMIC,TRIGGERED,,2026-06-16T16:20:53.426515,2026-06-16T16:20:53.539050,,,,0.0,0.0
SIG_20260616_162053_EURUSD,EURUSD,0.5833333333333334,0.9246031746031746,2.3194175974560507e-05,DYNAMIC,GENERATED,,2026-06-16T16:20:53.634245,,,,,0.0,0.0
SIG_20260616_162154_EURJPY,EURJPY,0.38293650793650796,0.6666666666666666,1.087835751248091e-05,DYNAMIC,GENERATED,,2026-06-16T16:21:54.665234,,,,,0.0,0.0
SIG_20260616_162154_USDJPY,USDJPY,0.7936507936507936,0.9841269841269841,1.3095835421367537e-05,DYNAMIC,BLOCKED_POSITION_EXISTS,,2026-06-16T16:21:54.767429,2026-06-16T16:21:54.916502,,,,0.0,0.0
SIG_20260616_162155_GBPJPY,GBPJPY,0.6984126984126984,0.5753968253968254,1.9950001393149726e-05,DYNAMIC,GENERATED,,2026-06-16T16:21:55.049996,,,,,0.0,0.0
SIG_20260616_162155_XAUUSD,XAUUSD,0.7936507936507936,0.07341269841269842,0.0005885163835130259,DYNAMIC,TRIGGERED,,2026-06-16T16:21:55.128461,2026-06-16T16:21:55.203081,,,,0.0,0.0
SIG_20260616_162155_EURUSD,EURUSD,0.5833333333333334,0.9246031746031746,2.3333694337277156e-05,DYNAMIC,GENERATED,,2026-06-16T16:21:55.259063,,,,,0.0,0.0
SIG_20260616_162256_EURJPY,EURJPY,0.36507936507936506,0.6666666666666666,1.0747244544151148e-05,DYNAMIC,GENERATED,,2026-06-16T16:22:56.315935,,,,,0.0,0.0
SIG_20260616_162256_USDJPY,USDJPY,0.7936507936507936,0.9841269841269841,1.3106145564434712e-05,DYNAMIC,BLOCKED_POSITION_EXISTS,,2026-06-16T16:22:56.410091,2026-06-16T16:22:56.529617,,,,0.0,0.0
SIG_20260616_162256_GBPJPY,GBPJPY,0.6984126984126984,0.5753968253968254,1.994300292870976e-05,DYNAMIC,GENERATED,,2026-06-16T16:22:56.688203,,,,,0.0,0.0
SIG_20260616_162256_XAUUSD,XAUUSD,0.7936507936507936,0.07341269841269842,0.0005884331218056161,DYNAMIC,TRIGGERED,,2026-06-16T16:22:56.785204,2026-06-16T16:22:56.944832,,,,0.0,0.0
SIG_20260616_162257_EURUSD,EURUSD,0.5833333333333334,0.9246031746031746,2.3220893666824337e-05,DYNAMIC,GENERATED,,2026-06-16T16:22:57.041433,,,,,0.0,0.0
SIG_20260616_162358_EURJPY,EURJPY,0.3611111111111111,0.6666666666666666,1.0728446420856712e-05,DYNAMIC,GENERATED,,2026-06-16T16:23:58.091088,,,,,0.0,0.0
SIG_20260616_162358_USDJPY,USDJPY,0.7936507936507936,0.9841269841269841,1.3101788011569634e-05,DYNAMIC,BLOCKED_POSITION_EXISTS,,2026-06-16T16:23:58.180688,2026-06-16T16:23:58.307344,,,,0.0,0.0
SIG_20260616_162358_GBPJPY,GBPJPY,0.6984126984126984,0.5753968253968254,1.992626236879043e-05,DYNAMIC,GENERATED,,2026-06-16T16:23:58.462152,,,,,0.0,0.0
SIG_20260616_162358_XAUUSD,XAUUSD,0.7936507936507936,0.07341269841269842,0.0005883213959953313,DYNAMIC,TRIGGERED,,2026-06-16T16:23:58.546354,2026-06-16T16:23:58.653211,,,,0.0,0.0
SIG_20260616_162358_EURUSD,EURUSD,0.5833333333333334,0.9246031746031746,2.3181039520805323e-05,DYNAMIC,GENERATED,,2026-06-16T16:23:58.750447,,,,,0.0,0.0
SIG_20260616_162459_EURJPY,EURJPY,0.36507936507936506,0.6666666666666666,1.0747244544151148e-05,DYNAMIC,GENERATED,,2026-06-16T16:24:59.824332,,,,,0.0,0.0
SIG_20260616_162459_USDJPY,USDJPY,0.7936507936507936,0.9841269841269841,1.310392787109166e-05,DYNAMIC,BLOCKED_POSITION_EXISTS,,2026-06-16T16:24:59.927463,2026-06-16T16:25:00.068458,,,,0.0,0.0
SIG_20260616_162500_GBPJPY,GBPJPY,0.6984126984126984,0.5753968253968254,1.9950001393149726e-05,DYNAMIC,GENERATED,,2026-06-16T16:25:00.228455,,,,,0.0,0.0
SIG_20260616_162500_XAUUSD,XAUUSD,0.7936507936507936,0.07341269841269842,0.0005883213959953313,DYNAMIC,TRIGGERED,,2026-06-16T16:25:00.321111,2026-06-16T16:25:00.452590,,,,0.0,0.0
SIG_20260616_162500_EURUSD,EURUSD,0.5833333333333334,0.9246031746031746,2.3234474897669435e-05,DYNAMIC,GENERATED,,2026-06-16T16:25:00.561579,,,,,0.0,0.0
SIG_20260616_162601_EURJPY,EURJPY,0.34523809523809523,0.6666666666666666,1.0680857067134765e-05,DYNAMIC,GENERATED,,2026-06-16T16:26:01.667278,,,,,0.0,0.0
SIG_20260616_162601_USDJPY,USDJPY,0.7936507936507936,0.9841269841269841,1.3132603678478512e-05,DYNAMIC,BLOCKED_POSITION_EXISTS,,2026-06-16T16:26:01.774128,2026-06-16T16:26:01.922177,,,,0.0,0.0
SIG_20260616_162602_GBPJPY,GBPJPY,0.6984126984126984,0.5753968253968254,1.994300292870976e-05,DYNAMIC,GENERATED,,2026-06-16T16:26:02.101995,,,,,0.0,0.0
SIG_20260616_162602_XAUUSD,XAUUSD,0.7936507936507936,0.07341269841269842,0.0005884796850099553,DYNAMIC,TRIGGERED,,2026-06-16T16:26:02.208007,2026-06-16T16:26:02.334469,,,,0.0,0.0
SIG_20260616_162602_EURUSD,EURUSD,0.5833333333333334,0.9246031746031746,2.3220893666824337e-05,DYNAMIC,GENERATED,,2026-06-16T16:26:02.428205,,,,,0.0,0.0
SIG_20260616_162703_EURJPY,EURJPY,0.34523809523809523,0.6666666666666666,1.066396324677396e-05,DYNAMIC,GENERATED,,2026-06-16T16:27:03.524354,,,,,0.0,0.0
SIG_20260616_162703_USDJPY,USDJPY,0.7936507936507936,0.9841269841269841,1.315221524620317e-05,DYNAMIC,BLOCKED_POSITION_EXISTS,,2026-06-16T16:27:03.626822,2026-06-16T16:27:03.752920,,,,0.0,0.0
SIG_20260616_162703_GBPJPY,GBPJPY,0.6984126984126984,0.5753968253968254,1.998758414328719e-05,DYNAMIC,GENERATED,,2026-06-16T16:27:03.915747,,,,,0.0,0.0
SIG_20260616_162704_XAUUSD,XAUUSD,0.7936507936507936,0.07341269841269842,0.0005883073609210185,DYNAMIC,TRIGGERED,,2026-06-16T16:27:04.015087,2026-06-16T16:27:04.174460,,,,0.0,0.0
SIG_20260616_162704_EURUSD,EURUSD,0.5833333333333334,0.9246031746031746,2.3234474897669435e-05,DYNAMIC,GENERATED,,2026-06-16T16:27:04.270007,,,,,0.0,0.0
SIG_20260616_162805_EURJPY,EURJPY,0.34523809523809523,0.6666666666666666,1.0680857067134765e-05,DYNAMIC,GENERATED,,2026-06-16T16:28:05.390240,,,,,0.0,0.0
SIG_20260616_162805_USDJPY,USDJPY,0.7936507936507936,0.9841269841269841,1.3135677639989981e-05,DYNAMIC,BLOCKED_POSITION_EXISTS,,2026-06-16T16:28:05.506928,2026-06-16T16:28:05.653028,,,,0.0,0.0
SIG_20260616_162805_GBPJPY,GBPJPY,0.7083333333333334,0.6527777777777778,2.026511243990569e-05,DYNAMIC,GENERATED,,2026-06-16T16:28:05.827877,,,,,0.0,0.0
SIG_20260616_162805_XAUUSD,XAUUSD,0.7936507936507936,0.07341269841269842,0.000588187954584464,DYNAMIC,TRIGGERED,,2026-06-16T16:28:05.937747,2026-06-16T16:28:06.082773,,,,0.0,0.0
SIG_20260616_162806_EURUSD,EURUSD,0.5833333333333334,0.9246031746031746,2.3234474897669435e-05,DYNAMIC,GENERATED,,2026-06-16T16:28:06.202771,,,,,0.0,0.0
SIG_20260616_162907_EURJPY,EURJPY,0.36706349206349204,0.6666666666666666,1.0773116499127456e-05,DYNAMIC,GENERATED,,2026-06-16T16:29:07.315776,,,,,0.0,0.0
SIG_20260616_162907_USDJPY,USDJPY,0.7956349206349206,0.9841269841269841,1.3174629723019084e-05,DYNAMIC,BLOCKED_POSITION_EXISTS,,2026-06-16T16:29:07.428724,2026-06-16T16:29:07.559224,,,,0.0,0.0
SIG_20260616_162907_GBPJPY,GBPJPY,0.7281746031746031,0.6527777777777778,2.0512183543320282e-05,DYNAMIC,GENERATED,,2026-06-16T16:29:07.722041,,,,,0.0,0.0
SIG_20260616_162907_XAUUSD,XAUUSD,0.7936507936507936,0.07341269841269842,0.0005886568150172558,DYNAMIC,TRIGGERED,,2026-06-16T16:29:07.815368,2026-06-16T16:29:07.947704,,,,0.0,0.0
SIG_20260616_162908_EURUSD,EURUSD,0.5873015873015873,0.9246031746031746,2.3471934171778188e-05,DYNAMIC,GENERATED,,2026-06-16T16:29:08.046130,,,,,0.0,0.0
SIG_20260616_163009_EURJPY,EURJPY,0.3333333333333333,0.3611111111111111,1.0600886285196939e-05,DYNAMIC,GENERATED,,2026-06-16T16:30:09.095450,,,,,0.0,0.0
SIG_20260616_163009_USDJPY,USDJPY,0.7936507936507936,0.9702380952380952,1.3145436056390022e-05,DYNAMIC,BLOCKED_POSITION_EXISTS,,2026-06-16T16:30:09.202404,2026-06-16T16:30:09.334593,,,,0.0,0.0
SIG_20260616_163009_GBPJPY,GBPJPY,0.7123015873015873,0.4742063492063492,2.03324222185681e-05,DYNAMIC,GENERATED,,2026-06-16T16:30:09.489778,,,,,0.0,0.0
SIG_20260616_163009_XAUUSD,XAUUSD,0.7837301587301587,0.11904761904761904,0.0005726759800689877,DYNAMIC,TRIGGERED,,2026-06-16T16:30:09.578292,2026-06-16T16:30:09.704795,,,,0.0,0.0
SIG_20260616_163009_EURUSD,EURUSD,0.5793650793650794,0.9186507936507936,2.304763251754485e-05,DYNAMIC,GENERATED,,2026-06-16T16:30:09.799270,,,,,0.0,0.0
SIG_20260616_163110_EURJPY,EURJPY,0.3333333333333333,0.3611111111111111,1.0600280140333633e-05,DYNAMIC,GENERATED,,2026-06-16T16:31:10.876579,,,,,0.0,0.0
SIG_20260616_163110_USDJPY,USDJPY,0.7936507936507936,0.9702380952380952,1.3152791411787123e-05,DYNAMIC,BLOCKED_POSITION_EXISTS,,2026-06-16T16:31:10.984074,2026-06-16T16:31:11.128057,,,,0.0,0.0
SIG_20260616_163111_GBPJPY,GBPJPY,0.7162698412698413,0.4742063492063492,2.035728364605232e-05,DYNAMIC,GENERATED,,2026-06-16T16:31:11.292524,,,,,0.0,0.0
SIG_20260616_163111_XAUUSD,XAUUSD,0.7837301587301587,0.11904761904761904,0.0005727033945259656,DYNAMIC,TRIGGERED,,2026-06-16T16:31:11.401143,2026-06-16T16:31:11.543066,,,,0.0,0.0
SIG_20260616_163111_EURUSD,EURUSD,0.5793650793650794,0.9186507936507936,2.3056607372099613e-05,DYNAMIC,GENERATED,,2026-06-16T16:31:11.674353,,,,,0.0,0.0
SIG_20260616_163212_EURJPY,EURJPY,0.3333333333333333,0.3611111111111111,1.0603657553238753e-05,DYNAMIC,GENERATED,,2026-06-16T16:32:12.757983,,,,,0.0,0.0
SIG_20260616_163212_USDJPY,USDJPY,0.7956349206349206,0.9702380952380952,1.3159601513341564e-05,DYNAMIC,BLOCKED_POSITION_EXISTS,,2026-06-16T16:32:12.863837,2026-06-16T16:32:13.013332,,,,0.0,0.0
SIG_20260616_163213_GBPJPY,GBPJPY,0.7162698412698413,0.4742063492063492,2.038847275137183e-05,DYNAMIC,GENERATED,,2026-06-16T16:32:13.183826,,,,,0.0,0.0
SIG_20260616_163213_XAUUSD,XAUUSD,0.7837301587301587,0.11904761904761904,0.0005727672041721454,DYNAMIC,TRIGGERED,,2026-06-16T16:32:13.286433,2026-06-16T16:32:13.434319,,,,0.0,0.0
SIG_20260616_163213_EURUSD,EURUSD,0.5793650793650794,0.9186507936507936,2.307441058152718e-05,DYNAMIC,GENERATED,,2026-06-16T16:32:13.535066,,,,,0.0,0.0
SIG_20260616_163314_EURJPY,EURJPY,0.3353174603174603,0.3611111111111111,1.0619680160775969e-05,DYNAMIC,GENERATED,,2026-06-16T16:33:14.590112,,,,,0.0,0.0
SIG_20260616_163314_USDJPY,USDJPY,0.7956349206349206,0.9702380952380952,1.3161196979778061e-05,DYNAMIC,BLOCKED_POSITION_EXISTS,,2026-06-16T16:33:14.696856,2026-06-16T16:33:14.833468,,,,0.0,0.0
SIG_20260616_163315_GBPJPY,GBPJPY,0.7242063492063492,0.4742063492063492,2.045375265383032e-05,DYNAMIC,GENERATED,,2026-06-16T16:33:15.010118,,,,,0.0,0.0
SIG_20260616_163315_XAUUSD,XAUUSD,0.7837301587301587,0.11904761904761904,0.0005728625985340127,DYNAMIC,TRIGGERED,,2026-06-16T16:33:15.103102,2026-06-16T16:33:15.250435,,,,0.0,0.0
SIG_20260616_163315_EURUSD,EURUSD,0.5793650793650794,0.9186507936507936,2.311439855948565e-05,DYNAMIC,GENERATED,,2026-06-16T16:33:15.338629,,,,,0.0,0.0
SIG_20260616_163416_EURJPY,EURJPY,0.3353174603174603,0.3611111111111111,1.0608507432699352e-05,DYNAMIC,GENERATED,,2026-06-16T16:34:16.449228,,,,,0.0,0.0
SIG_20260616_163416_USDJPY,USDJPY,0.7976190476190477,0.9702380952380952,1.3176761820136065e-05,DYNAMIC,BLOCKED_POSITION_EXISTS,,2026-06-16T16:34:16.552054,2026-06-16T16:34:16.699242,,,,0.0,0.0
SIG_20260616_163416_GBPJPY,GBPJPY,0.7222222222222222,0.4742063492063492,2.0429228265889484e-05,DYNAMIC,GENERATED,,2026-06-16T16:34:16.872950,,,,,0.0,0.0
SIG_20260616_163416_XAUUSD,XAUUSD,0.7837301587301587,0.11904761904761904,0.0005728852381439243,DYNAMIC,TRIGGERED,,2026-06-16T16:34:16.971668,2026-06-16T16:34:17.118845,,,,0.0,0.0
SIG_20260616_163417_EURUSD,EURUSD,0.5793650793650794,0.9186507936507936,2.3110021137111498e-05,DYNAMIC,GENERATED,,2026-06-16T16:34:17.224149,,,,,0.0,0.0
SIG_20260616_163518_EURJPY,EURJPY,0.3353174603174603,0.3611111111111111,1.0605822649130929e-05,DYNAMIC,GENERATED,,2026-06-16T16:35:18.334578,,,,,0.0,0.0
SIG_20260616_163518_USDJPY,USDJPY,0.7956349206349206,0.9702380952380952,1.3174543898653024e-05,DYNAMIC,BLOCKED_POSITION_EXISTS,,2026-06-16T16:35:18.439911,2026-06-16T16:35:18.585590,,,,0.0,0.0
SIG_20260616_163518_GBPJPY,GBPJPY,0.7182539682539683,0.4742063492063492,2.0410037209916927e-05,DYNAMIC,GENERATED,,2026-06-16T16:35:18.747012,,,,,0.0,0.0
SIG_20260616_163518_XAUUSD,XAUUSD,0.7837301587301587,0.11904761904761904,0.0005735719891919308,DYNAMIC,TRIGGERED,,2026-06-16T16:35:18.846821,2026-06-16T16:35:18.981115,,,,0.0,0.0
SIG_20260616_163519_EURUSD,EURUSD,0.5793650793650794,0.9186507936507936,2.3101711614036965e-05,DYNAMIC,GENERATED,,2026-06-16T16:35:19.084255,,,,,0.0,0.0
SIG_20260616_163620_EURJPY,EURJPY,0.3353174603174603,0.3611111111111111,1.0604321510345632e-05,DYNAMIC,GENERATED,,2026-06-16T16:36:20.213965,,,,,0.0,0.0
SIG_20260616_163620_USDJPY,USDJPY,0.7976190476190477,0.9702380952380952,1.3179057541947976e-05,DYNAMIC,BLOCKED_POSITION_EXISTS,,2026-06-16T16:36:20.329854,2026-06-16T16:36:20.482711,,,,0.0,0.0
SIG_20260616_163620_GBPJPY,GBPJPY,0.7222222222222222,0.4742063492063492,2.043510017678282e-05,DYNAMIC,GENERATED,,2026-06-16T16:36:20.662461,,,,,0.0,0.0
SIG_20260616_163620_XAUUSD,XAUUSD,0.7837301587301587,0.11904761904761904,0.0005737502096974708,DYNAMIC,TRIGGERED,,2026-06-16T16:36:20.770477,2026-06-16T16:36:20.906686,,,,0.0,0.0
SIG_20260616_163621_EURUSD,EURUSD,0.5793650793650794,0.9186507936507936,2.3105792156573806e-05,DYNAMIC,GENERATED,,2026-06-16T16:36:21.006299,,,,,0.0,0.0
SIG_20260616_163722_EURJPY,EURJPY,0.3353174603174603,0.3611111111111111,1.0605043208666148e-05,DYNAMIC,GENERATED,,2026-06-16T16:37:22.021853,,,,,0.0,0.0
SIG_20260616_163722_USDJPY,USDJPY,0.7976190476190477,0.9702380952380952,1.3183882380734044e-05,DYNAMIC,BLOCKED_POSITION_EXISTS,,2026-06-16T16:37:22.131857,2026-06-16T16:37:22.272589,,,,0.0,0.0
SIG_20260616_163722_GBPJPY,GBPJPY,0.7222222222222222,0.4742063492063492,2.044423202122173e-05,DYNAMIC,GENERATED,,2026-06-16T16:37:22.444457,,,,,0.0,0.0
SIG_20260616_163722_XAUUSD,XAUUSD,0.7837301587301587,0.11904761904761904,0.0005741494585967044,DYNAMIC,TRIGGERED,,2026-06-16T16:37:22.546712,2026-06-16T16:37:22.672984,,,,0.0,0.0
SIG_20260616_163722_EURUSD,EURUSD,0.5793650793650794,0.9186507936507936,2.3105792156573806e-05,DYNAMIC,GENERATED,,2026-06-16T16:37:22.776220,,,,,0.0,0.0
SIG_20260616_163823_EURJPY,EURJPY,0.3353174603174603,0.3611111111111111,1.0618207741976154e-05,DYNAMIC,GENERATED,,2026-06-16T16:38:23.911157,,,,,0.0,0.0
SIG_20260616_163824_USDJPY,USDJPY,0.7976190476190477,0.9702380952380952,1.3181431062632659e-05,DYNAMIC,BLOCKED_POSITION_EXISTS,,2026-06-16T16:38:24.017513,2026-06-16T16:38:24.176702,,,,0.0,0.0
SIG_20260616_163824_GBPJPY,GBPJPY,0.7261904761904762,0.4742063492063492,2.0484647443258242e-05,DYNAMIC,GENERATED,,2026-06-16T16:38:24.352798,,,,,0.0,0.0
SIG_20260616_163824_XAUUSD,XAUUSD,0.7837301587301587,0.11904761904761904,0.0005747089933652739,DYNAMIC,TRIGGERED,,2026-06-16T16:38:24.466296,2026-06-16T16:38:24.612631,,,,0.0,0.0
SIG_20260616_163824_EURUSD,EURUSD,0.5813492063492064,0.9206349206349206,2.3154762304914507e-05,DYNAMIC,GENERATED,,2026-06-16T16:38:24.725180,,,,,0.0,0.0
SIG_20260616_163925_EURJPY,EURJPY,0.3353174603174603,0.3611111111111111,1.0621210333821315e-05,DYNAMIC,GENERATED,,2026-06-16T16:39:25.855646,,,,,0.0,0.0
SIG_20260616_163925_USDJPY,USDJPY,0.7976190476190477,0.9702380952380952,1.3194465598191928e-05,DYNAMIC,BLOCKED_POSITION_EXISTS,,2026-06-16T16:39:25.969475,2026-06-16T16:39:26.124351,,,,0.0,0.0
SIG_20260616_163926_GBPJPY,GBPJPY,0.7281746031746031,0.4742063492063492,2.0503323393973767e-05,DYNAMIC,GENERATED,,2026-06-16T16:39:26.303035,,,,,0.0,0.0
SIG_20260616_163926_XAUUSD,XAUUSD,0.7837301587301587,0.11904761904761904,0.0005762442547836404,DYNAMIC,TRIGGERED,,2026-06-16T16:39:26.419174,2026-06-16T16:39:26.544660,,,,0.0,0.0
SIG_20260616_163926_EURUSD,EURUSD,0.5813492063492064,0.9206349206349206,2.3178507487576648e-05,DYNAMIC,GENERATED,,2026-06-16T16:39:26.639540,,,,,0.0,0.0
SIG_20260616_164027_EURJPY,EURJPY,0.3353174603174603,0.3611111111111111,1.0606659832670978e-05,DYNAMIC,GENERATED,,2026-06-16T16:40:27.806162,,,,,0.0,0.0
SIG_20260616_164027_USDJPY,USDJPY,0.7976190476190477,0.9702380952380952,1.3206293457856751e-05,DYNAMIC,BLOCKED_POSITION_EXISTS,,2026-06-16T16:40:27.924705,2026-06-16T16:40:28.077171,,,,0.0,0.0
SIG_20260616_164028_GBPJPY,GBPJPY,0.7261904761904762,0.4742063492063492,2.0484647443258242e-05,DYNAMIC,GENERATED,,2026-06-16T16:40:28.252690,,,,,0.0,0.0
SIG_20260616_164028_XAUUSD,XAUUSD,0.7837301587301587,0.11904761904761904,0.0005757088211186204,DYNAMIC,TRIGGERED,,2026-06-16T16:40:28.359117,2026-06-16T16:40:28.488969,,,,0.0,0.0
SIG_20260616_164028_EURUSD,EURUSD,0.5813492063492064,0.9206349206349206,2.314919720974916e-05,DYNAMIC,GENERATED,,2026-06-16T16:40:28.587489,,,,,0.0,0.0
SIG_20260616_164129_EURJPY,EURJPY,0.3353174603174603,0.3611111111111111,1.0609517851049307e-05,DYNAMIC,GENERATED,,2026-06-16T16:41:29.633072,,,,,0.0,0.0
SIG_20260616_164129_USDJPY,USDJPY,0.7996031746031746,0.9702380952380952,1.3215981093011358e-05,DYNAMIC,BLOCKED_POSITION_EXISTS,,2026-06-16T16:41:29.739834,2026-06-16T16:41:29.872066,,,,0.0,0.0
SIG_20260616_164130_GBPJPY,GBPJPY,0.7261904761904762,0.4742063492063492,2.0488296219168807e-05,DYNAMIC,GENERATED,,2026-06-16T16:41:30.036050,,,,,0.0,0.0
SIG_20260616_164130_XAUUSD,XAUUSD,0.7837301587301587,0.11904761904761904,0.0005755582468937644,DYNAMIC,TRIGGERED,,2026-06-16T16:41:30.113468,2026-06-16T16:41:30.196641,,,,0.0,0.0
SIG_20260616_164130_EURUSD,EURUSD,0.5813492063492064,0.9206349206349206,2.3172348463936892e-05,DYNAMIC,GENERATED,,2026-06-16T16:41:30.266266,,,,,0.0,0.0
SIG_20260616_164231_EURJPY,EURJPY,0.3333333333333333,0.3611111111111111,1.0602502858943306e-05,DYNAMIC,GENERATED,,2026-06-16T16:42:31.240823,,,,,0.0,0.0
SIG_20260616_164231_USDJPY,USDJPY,0.7976190476190477,0.9702380952380952,1.3197305881540545e-05,DYNAMIC,BLOCKED_POSITION_EXISTS,,2026-06-16T16:42:31.342126,2026-06-16T16:42:31.496045,,,,0.0,0.0
SIG_20260616_164231_GBPJPY,GBPJPY,0.7242063492063492,0.4742063492063492,2.045375265383032e-05,DYNAMIC,GENERATED,,2026-06-16T16:42:31.678692,,,,,0.0,0.0
SIG_20260616_164231_XAUUSD,XAUUSD,0.7837301587301587,0.11904761904761904,0.0005757571681019764,DYNAMIC,TRIGGERED,,2026-06-16T16:42:31.798815,2026-06-16T16:42:31.943360,,,,0.0,0.0
SIG_20260616_164232_EURUSD,EURUSD,0.5793650793650794,0.9186507936507936,2.3118924427532005e-05,DYNAMIC,GENERATED,,2026-06-16T16:42:32.038307,,,,,0.0,0.0
SIG_20260616_164333_EURJPY,EURJPY,0.3333333333333333,0.3611111111111111,1.0600193544178256e-05,DYNAMIC,GENERATED,,2026-06-16T16:43:33.137643,,,,,0.0,0.0
SIG_20260616_164333_USDJPY,USDJPY,0.7976190476190477,0.9702380952380952,1.3206293457856751e-05,DYNAMIC,BLOCKED_POSITION_EXISTS,,2026-06-16T16:43:33.232842,2026-06-16T16:43:33.362356,,,,0.0,0.0
SIG_20260616_164333_GBPJPY,GBPJPY,0.7222222222222222,0.4742063492063492,2.044114487519252e-05,DYNAMIC,GENERATED,,2026-06-16T16:43:33.550903,,,,,0.0,0.0
SIG_20260616_164333_XAUUSD,XAUUSD,0.7837301587301587,0.11904761904761904,0.0005766836374071745,DYNAMIC,TRIGGERED,,2026-06-16T16:43:33.667029,2026-06-16T16:43:33.829189,,,,0.0,0.0
SIG_20260616_164333_EURUSD,EURUSD,0.5793650793650794,0.9186507936507936,2.3110021137111498e-05,DYNAMIC,GENERATED,,2026-06-16T16:43:33.942721,,,,,0.0,0.0
SIG_20260616_164435_EURJPY,EURJPY,0.3333333333333333,0.3611111111111111,1.0602502632835626e-05,DYNAMIC,GENERATED,,2026-06-16T16:44:35.046434,,,,,0.0,0.0
SIG_20260616_164435_USDJPY,USDJPY,0.7996031746031746,0.9702380952380952,1.3215981093011358e-05,DYNAMIC,BLOCKED_POSITION_EXISTS,,2026-06-16T16:44:35.155052,2026-06-16T16:44:35.309855,,,,0.0,0.0
SIG_20260616_164435_GBPJPY,GBPJPY,0.7162698412698413,0.4742063492063492,2.0386292638663767e-05,DYNAMIC,GENERATED,,2026-06-16T16:44:35.498222,,,,,0.0,0.0
SIG_20260616_164435_XAUUSD,XAUUSD,0.7837301587301587,0.11904761904761904,0.0005750650096736868,DYNAMIC,TRIGGERED,,2026-06-16T16:44:35.605222,2026-06-16T16:44:35.753112,,,,0.0,0.0
SIG_20260616_164435_EURUSD,EURUSD,0.5793650793650794,0.9186507936507936,2.3090360576075858e-05,DYNAMIC,GENERATED,,2026-06-16T16:44:35.859719,,,,,0.0,0.0
SIG_20260616_164536_EURJPY,EURJPY,0.3353174603174603,0.3611111111111111,1.0605043208666148e-05,DYNAMIC,GENERATED,,2026-06-16T16:45:36.888905,,,,,0.0,0.0
SIG_20260616_164536_USDJPY,USDJPY,0.8035714285714286,0.9702380952380952,1.3245236997773226e-05,DYNAMIC,BLOCKED_POSITION_EXISTS,,2026-06-16T16:45:36.979053,2026-06-16T16:45:37.084617,,,,0.0,0.0
SIG_20260616_164537_GBPJPY,GBPJPY,0.7222222222222222,0.4742063492063492,2.044423202122173e-05,DYNAMIC,GENERATED,,2026-06-16T16:45:37.228834,,,,,0.0,0.0
SIG_20260616_164537_XAUUSD,XAUUSD,0.7837301587301587,0.11904761904761904,0.0005771778574460351,DYNAMIC,TRIGGERED,,2026-06-16T16:45:37.315611,2026-06-16T16:45:37.454680,,,,0.0,0.0
SIG_20260616_164537_EURUSD,EURUSD,0.5813492063492064,0.9206349206349206,2.3184815002927898e-05,DYNAMIC,GENERATED,,2026-06-16T16:45:37.549923,,,,,0.0,0.0
SIG_20260616_164638_EURJPY,EURJPY,0.3373015873015873,0.3611111111111111,1.0626147387738397e-05,DYNAMIC,GENERATED,,2026-06-16T16:46:38.583589,,,,,0.0,0.0
SIG_20260616_164638_USDJPY,USDJPY,0.7976190476190477,0.9702380952380952,1.3191703104981127e-05,DYNAMIC,BLOCKED_POSITION_EXISTS,,2026-06-16T16:46:38.695648,2026-06-16T16:46:38.846781,,,,0.0,0.0
SIG_20260616_164639_GBPJPY,GBPJPY,0.7261904761904762,0.4742063492063492,2.0481041873260023e-05,DYNAMIC,GENERATED,,2026-06-16T16:46:39.041670,,,,,0.0,0.0
SIG_20260616_164639_XAUUSD,XAUUSD,0.7837301587301587,0.11904761904761904,0.0005768892192546003,DYNAMIC,TRIGGERED,,2026-06-16T16:46:39.150800,2026-06-16T16:46:39.326831,,,,0.0,0.0
SIG_20260616_164639_EURUSD,EURUSD,0.5813492063492064,0.9206349206349206,2.3172348463936892e-05,DYNAMIC,GENERATED,,2026-06-16T16:46:39.436349,,,,,0.0,0.0
SIG_20260616_164740_EURJPY,EURJPY,0.3392857142857143,0.3611111111111111,1.0646358643348993e-05,DYNAMIC,GENERATED,,2026-06-16T16:47:40.513294,,,,,0.0,0.0
SIG_20260616_164740_USDJPY,USDJPY,0.7976190476190477,0.9702380952380952,1.3179057541947976e-05,DYNAMIC,BLOCKED_POSITION_EXISTS,,2026-06-16T16:47:40.619047,2026-06-16T16:47:40.764592,,,,0.0,0.0
SIG_20260616_164740_GBPJPY,GBPJPY,0.7261904761904762,0.4742063492063492,2.0491988201593096e-05,DYNAMIC,GENERATED,,2026-06-16T16:47:40.918958,,,,,0.0,0.0
SIG_20260616_164741_XAUUSD,XAUUSD,0.7837301587301587,0.11904761904761904,0.0005770035253061774,DYNAMIC,BLOCKED_SPREAD,,2026-06-16T16:47:41.021963,2026-06-16T16:47:41.162228,,,,0.0,0.0
SIG_20260616_164741_EURUSD,EURUSD,0.5813492063492064,0.9206349206349206,2.320462853762473e-05,DYNAMIC,GENERATED,,2026-06-16T16:47:41.349477,,,,,0.0,0.0
SIG_20260616_164842_EURJPY,EURJPY,0.3373015873015873,0.3611111111111111,1.0626147387738397e-05,DYNAMIC,GENERATED,,2026-06-16T16:48:42.401435,,,,,0.0,0.0
SIG_20260616_164842_USDJPY,USDJPY,0.7976190476190477,0.9702380952380952,1.3200223953571476e-05,DYNAMIC,BLOCKED_POSITION_EXISTS,,2026-06-16T16:48:42.466352,2026-06-16T16:48:42.537685,,,,0.0,0.0
SIG_20260616_164842_GBPJPY,GBPJPY,0.7182539682539683,0.4742063492063492,2.0410037209916927e-05,DYNAMIC,GENERATED,,2026-06-16T16:48:42.614338,,,,,0.0,0.0
SIG_20260616_164842_XAUUSD,XAUUSD,0.7837301587301587,0.11904761904761904,0.0005771096519147393,DYNAMIC,TRIGGERED,,2026-06-16T16:48:42.668986,2026-06-16T16:48:42.729474,,,,0.0,0.0
SIG_20260616_164842_EURUSD,EURUSD,0.5813492063492064,0.9206349206349206,2.322577863587795e-05,DYNAMIC,GENERATED,,2026-06-16T16:48:42.779243,,,,,0.0,0.0
SIG_20260616_164943_EURJPY,EURJPY,0.34523809523809523,0.3611111111111111,1.0675263181299049e-05,DYNAMIC,GENERATED,,2026-06-16T16:49:43.543138,,,,,0.0,0.0
SIG_20260616_164943_USDJPY,USDJPY,0.7976190476190477,0.9702380952380952,1.3206293457856751e-05,DYNAMIC,BLOCKED_POSITION_EXISTS,,2026-06-16T16:49:43.588840,2026-06-16T16:49:43.645788,,,,0.0,0.0
SIG_20260616_164943_GBPJPY,GBPJPY,0.7162698412698413,0.4742063492063492,2.0400021117598238e-05,DYNAMIC,GENERATED,,2026-06-16T16:49:43.717805,,,,,0.0,0.0
SIG_20260616_164943_XAUUSD,XAUUSD,0.7837301587301587,0.11904761904761904,0.000575550428225281,DYNAMIC,TRIGGERED,,2026-06-16T16:49:43.761549,2026-06-16T16:49:43.818086,,,,0.0,0.0
SIG_20260616_164943_EURUSD,EURUSD,0.5813492063492064,0.9206349206349206,2.3314765714650053e-05,DYNAMIC,GENERATED,,2026-06-16T16:49:43.861095,,,,,0.0,0.0
SIG_20260616_165044_EURJPY,EURJPY,0.35714285714285715,0.3611111111111111,1.0707606641533358e-05,DYNAMIC,GENERATED,,2026-06-16T16:50:44.593649,,,,,0.0,0.0
SIG_20260616_165044_USDJPY,USDJPY,0.7956349206349206,0.9702380952380952,1.3174543898653024e-05,DYNAMIC,BLOCKED_POSITION_EXISTS,,2026-06-16T16:50:44.642097,2026-06-16T16:50:44.709896,,,,0.0,0.0
SIG_20260616_165044_GBPJPY,GBPJPY,0.7222222222222222,0.4742063492063492,2.044423202122173e-05,DYNAMIC,GENERATED,,2026-06-16T16:50:44.793041,,,,,0.0,0.0
SIG_20260616_165044_XAUUSD,XAUUSD,0.7837301587301587,0.11904761904761904,0.0005770999508345328,DYNAMIC,TRIGGERED,,2026-06-16T16:50:44.843241,2026-06-16T16:50:44.911149,,,,0.0,0.0
SIG_20260616_165044_EURUSD,EURUSD,0.5813492063492064,0.9206349206349206,2.3272088937566584e-05,DYNAMIC,GENERATED,,2026-06-16T16:50:44.961921,,,,,0.0,0.0
SIG_20260616_165145_EURJPY,EURJPY,0.3551587301587302,0.3611111111111111,1.0704112270099763e-05,DYNAMIC,GENERATED,,2026-06-16T16:51:45.755147,,,,,0.0,0.0
SIG_20260616_165145_USDJPY,USDJPY,0.7976190476190477,0.9702380952380952,1.3179057541947976e-05,DYNAMIC,BLOCKED_POSITION_EXISTS,,2026-06-16T16:51:45.847194,2026-06-16T16:51:45.976728,,,,0.0,0.0
SIG_20260616_165146_GBPJPY,GBPJPY,0.7222222222222222,0.4742063492063492,2.044114487519252e-05,DYNAMIC,GENERATED,,2026-06-16T16:51:46.130344,,,,,0.0,0.0
SIG_20260616_165146_XAUUSD,XAUUSD,0.7837301587301587,0.11904761904761904,0.0005771583169417388,DYNAMIC,TRIGGERED,,2026-06-16T16:51:46.229326,2026-06-16T16:51:46.355944,,,,0.0,0.0
SIG_20260616_165146_EURUSD,EURUSD,0.5813492063492064,0.9206349206349206,2.328871399670575e-05,DYNAMIC,GENERATED,,2026-06-16T16:51:46.454966,,,,,0.0,0.0
SIG_20260616_165247_EURJPY,EURJPY,0.36507936507936506,0.3611111111111111,1.0749858863720976e-05,DYNAMIC,GENERATED,,2026-06-16T16:52:47.509905,,,,,0.0,0.0
SIG_20260616_165247_USDJPY,USDJPY,0.7976190476190477,0.9702380952380952,1.3203219812828843e-05,DYNAMIC,BLOCKED_POSITION_EXISTS,,2026-06-16T16:52:47.572543,2026-06-16T16:52:47.652055,,,,0.0,0.0
SIG_20260616_165247_GBPJPY,GBPJPY,0.7301587301587301,0.4742063492063492,2.0515047466663063e-05,DYNAMIC,GENERATED,,2026-06-16T16:52:47.752969,,,,,0.0,0.0
SIG_20260616_165247_XAUUSD,XAUUSD,0.7837301587301587,0.11904761904761904,0.0005769748051471018,DYNAMIC,TRIGGERED,,2026-06-16T16:52:47.817539,2026-06-16T16:52:47.902378,,,,0.0,0.0
SIG_20260616_165247_EURUSD,EURUSD,0.5853174603174603,0.9206349206349206,2.342172865072849e-05,DYNAMIC,GENERATED,,2026-06-16T16:52:47.965159,,,,,0.0,0.0
SIG_20260616_165348_EURJPY,EURJPY,0.3630952380952381,0.3611111111111111,1.0741656504043115e-05,DYNAMIC,GENERATED,,2026-06-16T16:53:48.913723,,,,,0.0,0.0
SIG_20260616_165348_USDJPY,USDJPY,0.7976190476190477,0.9702380952380952,1.3203219812828843e-05,DYNAMIC,BLOCKED_POSITION_EXISTS,,2026-06-16T16:53:48.988810,2026-06-16T16:53:49.071537,,,,0.0,0.0
SIG_20260616_165349_GBPJPY,GBPJPY,0.7341269841269841,0.4742063492063492,2.0574902145609067e-05,DYNAMIC,GENERATED,,2026-06-16T16:53:49.185369,,,,,0.0,0.0
SIG_20260616_165349_XAUUSD,XAUUSD,0.7837301587301587,0.11904761904761904,0.0005762879197798694,DYNAMIC,TRIGGERED,,2026-06-16T16:53:49.263678,2026-06-16T16:53:49.357687,,,,0.0,0.0
SIG_20260616_165349_EURUSD,EURUSD,0.5853174603174603,0.9206349206349206,2.345402080944451e-05,DYNAMIC,GENERATED,,2026-06-16T16:53:49.426320,,,,,0.0,0.0
SIG_20260616_165450_EURJPY,EURJPY,0.373015873015873,0.3611111111111111,1.0789630545804055e-05,DYNAMIC,GENERATED,,2026-06-16T16:54:50.452165,,,,,0.0,0.0
SIG_20260616_165450_USDJPY,USDJPY,0.7976190476190477,0.9702380952380952,1.3191703104981127e-05,DYNAMIC,BLOCKED_POSITION_EXISTS,,2026-06-16T16:54:50.574584,2026-06-16T16:54:50.707602,,,,0.0,0.0
SIG_20260616_165450_GBPJPY,GBPJPY,0.746031746031746,0.4742063492063492,2.064843237063331e-05,DYNAMIC,GENERATED,,2026-06-16T16:54:50.868031,,,,,0.0,0.0
SIG_20260616_165450_XAUUSD,XAUUSD,0.7837301587301587,0.11904761904761904,0.0005763938005678556,DYNAMIC,TRIGGERED,,2026-06-16T16:54:50.969976,2026-06-16T16:54:51.102979,,,,0.0,0.0
SIG_20260616_165451_EURUSD,EURUSD,0.5873015873015873,0.9206349206349206,2.347629198169314e-05,DYNAMIC,GENERATED,,2026-06-16T16:54:51.202389,,,,,0.0,0.0
SIG_20260616_165552_EURJPY,EURJPY,0.373015873015873,0.3611111111111111,1.0808809750943716e-05,DYNAMIC,GENERATED,,2026-06-16T16:55:52.289708,,,,,0.0,0.0
SIG_20260616_165552_USDJPY,USDJPY,0.7956349206349206,0.9702380952380952,1.3170341462496514e-05,DYNAMIC,BLOCKED_POSITION_EXISTS,,2026-06-16T16:55:52.395013,2026-06-16T16:55:52.545741,,,,0.0,0.0
SIG_20260616_165552_GBPJPY,GBPJPY,0.7361111111111112,0.4742063492063492,2.0584144282095797e-05,DYNAMIC,GENERATED,,2026-06-16T16:55:52.749591,,,,,0.0,0.0
SIG_20260616_165552_XAUUSD,XAUUSD,0.7837301587301587,0.11904761904761904,0.0005761405435173068,DYNAMIC,TRIGGERED,,2026-06-16T16:55:52.864196,2026-06-16T16:55:53.003342,,,,0.0,0.0
SIG_20260616_165553_EURUSD,EURUSD,0.5853174603174603,0.9206349206349206,2.342172865072849e-05,DYNAMIC,GENERATED,,2026-06-16T16:55:53.101671,,,,,0.0,0.0
SIG_20260616_165654_EURJPY,EURJPY,0.3869047619047619,0.4781746031746032,1.0888970068816909e-05,DYNAMIC,GENERATED,,2026-06-16T16:56:54.185730,,,,,0.0,0.0
SIG_20260616_165654_USDJPY,USDJPY,0.7976190476190477,0.9702380952380952,1.3181431062632659e-05,DYNAMIC,BLOCKED_POSITION_EXISTS,,2026-06-16T16:56:54.285203,2026-06-16T16:56:54.429442,,,,0.0,0.0
SIG_20260616_165654_GBPJPY,GBPJPY,0.746031746031746,0.4742063492063492,2.0675103755323073e-05,DYNAMIC,GENERATED,,2026-06-16T16:56:54.606446,,,,,0.0,0.0
SIG_20260616_165654_XAUUSD,XAUUSD,0.7837301587301587,0.11904761904761904,0.0005762879197798694,DYNAMIC,TRIGGERED,,2026-06-16T16:56:54.737919,2026-06-16T16:56:54.881437,,,,0.0,0.0
SIG_20260616_165654_EURUSD,EURUSD,0.5972222222222222,0.9305555555555556,2.3571321868050206e-05,DYNAMIC,GENERATED,,2026-06-16T16:56:54.984675,,,,,0.0,0.0
SIG_20260616_165756_EURJPY,EURJPY,0.373015873015873,0.3611111111111111,1.0813749072908525e-05,DYNAMIC,GENERATED,,2026-06-16T16:57:56.033481,,,,,0.0,0.0
SIG_20260616_165756_USDJPY,USDJPY,0.7976190476190477,0.9702380952380952,1.3179057541947976e-05,DYNAMIC,BLOCKED_POSITION_EXISTS,,2026-06-16T16:57:56.138340,2026-06-16T16:57:56.276918,,,,0.0,0.0
SIG_20260616_165756_GBPJPY,GBPJPY,0.7341269841269841,0.4742063492063492,2.0565832885777955e-05,DYNAMIC,GENERATED,,2026-06-16T16:57:56.449500,,,,,0.0,0.0
SIG_20260616_165756_XAUUSD,XAUUSD,0.7837301587301587,0.11904761904761904,0.0005753584156039659,DYNAMIC,TRIGGERED,,2026-06-16T16:57:56.557560,2026-06-16T16:57:56.711896,,,,0.0,0.0
SIG_20260616_165756_EURUSD,EURUSD,0.5853174603174603,0.9206349206349206,2.345402080944451e-05,DYNAMIC,GENERATED,,2026-06-16T16:57:56.831123,,,,,0.0,0.0
SIG_20260616_165857_EURJPY,EURJPY,0.373015873015873,0.3611111111111111,1.0794338636545297e-05,DYNAMIC,GENERATED,,2026-06-16T16:58:57.893815,,,,,0.0,0.0
SIG_20260616_165858_USDJPY,USDJPY,0.7976190476190477,0.9702380952380952,1.3181431062632659e-05,DYNAMIC,BLOCKED_POSITION_EXISTS,,2026-06-16T16:58:58.001452,2026-06-16T16:58:58.149484,,,,0.0,0.0
SIG_20260616_165858_GBPJPY,GBPJPY,0.7361111111111112,0.4742063492063492,2.0588830180591277e-05,DYNAMIC,GENERATED,,2026-06-16T16:58:58.324035,,,,,0.0,0.0
SIG_20260616_165858_XAUUSD,XAUUSD,0.7837301587301587,0.11904761904761904,0.0005745670163373878,DYNAMIC,TRIGGERED,,2026-06-16T16:58:58.424592,2026-06-16T16:58:58.583295,,,,0.0,0.0
SIG_20260616_165858_EURUSD,EURUSD,0.5853174603174603,0.9206349206349206,2.342172865072849e-05,DYNAMIC,GENERATED,,2026-06-16T16:58:58.687069,,,,,0.0,0.0
SIG_20260616_165959_EURJPY,EURJPY,0.37896825396825395,0.3611111111111111,1.0828913903347936e-05,DYNAMIC,GENERATED,,2026-06-16T16:59:59.815376,,,,,0.0,0.0
SIG_20260616_165959_USDJPY,USDJPY,0.7976190476190477,0.9702380952380952,1.3183882380734044e-05,DYNAMIC,BLOCKED_POSITION_EXISTS,,2026-06-16T16:59:59.922338,2026-06-16T17:00:00.075533,,,,0.0,0.0
SIG_20260616_170000_GBPJPY,GBPJPY,0.7321428571428571,0.4742063492063492,2.0531284516615573e-05,DYNAMIC,GENERATED,,2026-06-16T17:00:00.232047,,,,,0.0,0.0
SIG_20260616_170000_XAUUSD,XAUUSD,0.7837301587301587,0.11904761904761904,0.0005751730446849554,DYNAMIC,TRIGGERED,,2026-06-16T17:00:00.336627,2026-06-16T17:00:00.479427,,,,0.0,0.0
SIG_20260616_170000_EURUSD,EURUSD,0.5912698412698413,0.9206349206349206,2.3487650499272815e-05,DYNAMIC,GENERATED,,2026-06-16T17:00:00.575544,,,,,0.0,0.0
SIG_20260616_170101_EURJPY,EURJPY,0.373015873015873,0.3611111111111111,1.0803928238182998e-05,DYNAMIC,GENERATED,,2026-06-16T17:01:01.591552,,,,,0.0,0.0
SIG_20260616_170101_USDJPY,USDJPY,0.7976190476190477,0.9702380952380952,1.3179057541947976e-05,DYNAMIC,BLOCKED_POSITION_EXISTS,,2026-06-16T17:01:01.688511,2026-06-16T17:01:01.823300,,,,0.0,0.0
SIG_20260616_170101_GBPJPY,GBPJPY,0.7321428571428571,0.4742063492063492,2.0531284516615573e-05,DYNAMIC,GENERATED,,2026-06-16T17:01:01.989419,,,,,0.0,0.0
SIG_20260616_170102_XAUUSD,XAUUSD,0.7837301587301587,0.11904761904761904,0.0005763760474135297,DYNAMIC,TRIGGERED,,2026-06-16T17:01:02.091968,2026-06-16T17:01:02.217664,,,,0.0,0.0
SIG_20260616_170102_EURUSD,EURUSD,0.5853174603174603,0.9206349206349206,2.3432344095467657e-05,DYNAMIC,GENERATED,,2026-06-16T17:01:02.317194,,,,,0.0,0.0
SIG_20260616_170203_EURJPY,EURJPY,0.36706349206349204,0.3611111111111111,1.0780387779818268e-05,DYNAMIC,GENERATED,,2026-06-16T17:02:03.296299,,,,,0.0,0.0
SIG_20260616_170203_USDJPY,USDJPY,0.7976190476190477,0.9702380952380952,1.3186411494796766e-05,DYNAMIC,BLOCKED_POSITION_EXISTS,,2026-06-16T17:02:03.408181,2026-06-16T17:02:03.552339,,,,0.0,0.0
SIG_20260616_170203_GBPJPY,GBPJPY,0.7301587301587301,0.4742063492063492,2.0519041911550197e-05,DYNAMIC,GENERATED,,2026-06-16T17:02:03.711658,,,,,0.0,0.0
SIG_20260616_170203_XAUUSD,XAUUSD,0.7837301587301587,0.11904761904761904,0.0005768044951974952,DYNAMIC,TRIGGERED,,2026-06-16T17:02:03.801467,2026-06-16T17:02:03.944541,,,,0.0,0.0
SIG_20260616_170204_EURUSD,EURUSD,0.5853174603174603,0.9206349206349206,2.3390773919417597e-05,DYNAMIC,GENERATED,,2026-06-16T17:02:04.034391,,,,,0.0,0.0
SIG_20260616_170305_EURJPY,EURJPY,0.3630952380952381,0.3611111111111111,1.0741656504043115e-05,DYNAMIC,GENERATED,,2026-06-16T17:03:05.085563,,,,,0.0,0.0
SIG_20260616_170305_USDJPY,USDJPY,0.7976190476190477,0.9702380952380952,1.3183882380734044e-05,DYNAMIC,BLOCKED_POSITION_EXISTS,,2026-06-16T17:03:05.205221,2026-06-16T17:03:05.365380,,,,0.0,0.0
SIG_20260616_170305_GBPJPY,GBPJPY,0.7242063492063492,0.4742063492063492,2.0470484392712924e-05,DYNAMIC,GENERATED,,2026-06-16T17:03:05.535358,,,,,0.0,0.0
SIG_20260616_170305_XAUUSD,XAUUSD,0.7837301587301587,0.11904761904761904,0.00057813351243911,DYNAMIC,TRIGGERED,,2026-06-16T17:03:05.650075,2026-06-16T17:03:05.807794,,,,0.0,0.0
SIG_20260616_170305_EURUSD,EURUSD,0.5833333333333334,0.9206349206349206,2.3361156511813718e-05,DYNAMIC,GENERATED,,2026-06-16T17:03:05.917416,,,,,0.0,0.0
SIG_20260616_170406_EURJPY,EURJPY,0.3551587301587302,0.3611111111111111,1.0700675684574741e-05,DYNAMIC,GENERATED,,2026-06-16T17:04:06.963456,,,,,0.0,0.0
SIG_20260616_170407_USDJPY,USDJPY,0.7956349206349206,0.9702380952380952,1.3174543898653024e-05,DYNAMIC,BLOCKED_POSITION_EXISTS,,2026-06-16T17:04:07.048649,2026-06-16T17:04:07.166056,,,,0.0,0.0
SIG_20260616_170407_GBPJPY,GBPJPY,0.7261904761904762,0.4742063492063492,2.0488296219168807e-05,DYNAMIC,GENERATED,,2026-06-16T17:04:07.287062,,,,,0.0,0.0
SIG_20260616_170407_XAUUSD,XAUUSD,0.7837301587301587,0.11904761904761904,0.0005771096519147393,DYNAMIC,TRIGGERED,,2026-06-16T17:04:07.366052,2026-06-16T17:04:07.470183,,,,0.0,0.0
SIG_20260616_170407_EURUSD,EURUSD,0.5813492063492064,0.9206349206349206,2.328871399670575e-05,DYNAMIC,GENERATED,,2026-06-16T17:04:07.540813,,,,,0.0,0.0
SIG_20260616_170508_EURJPY,EURJPY,0.35714285714285715,0.3611111111111111,1.0707606641533358e-05,DYNAMIC,GENERATED,,2026-06-16T17:05:08.416055,,,,,0.0,0.0
SIG_20260616_170508_USDJPY,USDJPY,0.7976190476190477,0.9702380952380952,1.3194465598191928e-05,DYNAMIC,BLOCKED_POSITION_EXISTS,,2026-06-16T17:05:08.487615,2026-06-16T17:05:08.579931,,,,0.0,0.0
SIG_20260616_170508_GBPJPY,GBPJPY,0.7261904761904762,0.4742063492063492,2.0495723391133954e-05,DYNAMIC,GENERATED,,2026-06-16T17:05:08.685259,,,,,0.0,0.0
SIG_20260616_170508_XAUUSD,XAUUSD,0.7837301587301587,0.11904761904761904,0.0005775267075859231,DYNAMIC,TRIGGERED,,2026-06-16T17:05:08.755195,2026-06-16T17:05:08.867770,,,,0.0,0.0
SIG_20260616_170508_EURUSD,EURUSD,0.5813492063492064,0.9206349206349206,2.3323746737118273e-05,DYNAMIC,GENERATED,,2026-06-16T17:05:08.945518,,,,,0.0,0.0
SIG_20260616_170609_EURJPY,EURJPY,0.35912698412698413,0.3611111111111111,1.0718436480602422e-05,DYNAMIC,GENERATED,,2026-06-16T17:06:09.807902,,,,,0.0,0.0
SIG_20260616_170609_USDJPY,USDJPY,0.7996031746031746,0.9702380952380952,1.3212674099404018e-05,DYNAMIC,BLOCKED_POSITION_EXISTS,,2026-06-16T17:06:09.923654,2026-06-16T17:06:10.089513,,,,0.0,0.0
SIG_20260616_170610_GBPJPY,GBPJPY,0.7440476190476191,0.4742063492063492,2.0612907999690558e-05,DYNAMIC,GENERATED,,2026-06-16T17:06:10.274312,,,,,0.0,0.0
SIG_20260616_170610_XAUUSD,XAUUSD,0.7837301587301587,0.11904761904761904,0.0005776082755390754,DYNAMIC,TRIGGERED,,2026-06-16T17:06:10.392135,2026-06-16T17:06:10.574998,,,,0.0,0.0
SIG_20260616_170610_EURUSD,EURUSD,0.5853174603174603,0.9206349206349206,2.3390773919417597e-05,DYNAMIC,GENERATED,,2026-06-16T17:06:10.674134,,,,,0.0,0.0
SIG_20260616_170711_EURJPY,EURJPY,0.373015873015873,0.3611111111111111,1.0799104533694637e-05,DYNAMIC,GENERATED,,2026-06-16T17:07:11.680126,,,,,0.0,0.0
SIG_20260616_170711_USDJPY,USDJPY,0.7996031746031746,0.9702380952380952,1.3209444887200256e-05,DYNAMIC,BLOCKED_POSITION_EXISTS,,2026-06-16T17:07:11.780508,2026-06-16T17:07:11.876173,,,,0.0,0.0
SIG_20260616_170711_GBPJPY,GBPJPY,0.746031746031746,0.4742063492063492,2.0686074923488324e-05,DYNAMIC,GENERATED,,2026-06-16T17:07:11.985330,,,,,0.0,0.0
SIG_20260616_170712_XAUUSD,XAUUSD,0.7837301587301587,0.11904761904761904,0.000580219508795529,DYNAMIC,TRIGGERED,,2026-06-16T17:07:12.062243,2026-06-16T17:07:12.152797,,,,0.0,0.0
SIG_20260616_170712_EURUSD,EURUSD,0.5952380952380952,0.9305555555555556,2.3522617823931198e-05,DYNAMIC,GENERATED,,2026-06-16T17:07:12.222177,,,,,0.0,0.0
SIG_20260616_170813_EURJPY,EURJPY,0.38293650793650796,0.3611111111111111,1.0849943062668787e-05,DYNAMIC,GENERATED,,2026-06-16T17:08:13.200258,,,,,0.0,0.0
SIG_20260616_170813_USDJPY,USDJPY,0.7976190476190477,0.9702380952380952,1.3203219812828843e-05,DYNAMIC,BLOCKED_POSITION_EXISTS,,2026-06-16T17:08:13.322850,2026-06-16T17:08:13.485157,,,,0.0,0.0
SIG_20260616_170813_GBPJPY,GBPJPY,0.746031746031746,0.5555555555555556,2.0731688941208568e-05,DYNAMIC,GENERATED,,2026-06-16T17:08:13.690448,,,,,0.0,0.0
SIG_20260616_170813_XAUUSD,XAUUSD,0.7837301587301587,0.11904761904761904,0.0005797090970983999,DYNAMIC,TRIGGERED,,2026-06-16T17:08:13.808955,2026-06-16T17:08:13.989812,,,,0.0,0.0
SIG_20260616_170814_EURUSD,EURUSD,0.5972222222222222,0.9305555555555556,2.3583869501939315e-05,DYNAMIC,GENERATED,,2026-06-16T17:08:14.130096,,,,,0.0,0.0
SIG_20260616_194028_EURJPY,EURJPY,0.38492063492063494,0.4781746031746032,1.0866322003836681e-05,DYNAMIC,GENERATED,,2026-06-16T19:40:28.818542,,,,,0.0,0.0
SIG_20260616_194028_USDJPY,USDJPY,0.7936507936507936,0.9940476190476191,1.3082516734002912e-05,DYNAMIC,BLOCKED_POSITION_EXISTS,,2026-06-16T19:40:28.905843,2026-06-16T19:40:29.006503,,,,0.0,0.0
SIG_20260616_194029_GBPJPY,GBPJPY,0.748015873015873,0.5555555555555556,2.0786312375603344e-05,DYNAMIC,GENERATED,,2026-06-16T19:40:29.252873,,,,,0.0,0.0
SIG_20260616_194029_XAUUSD,XAUUSD,0.7837301587301587,0.11904761904761904,0.0005786065084817495,DYNAMIC,TRIGGERED,,2026-06-16T19:40:29.318608,2026-06-16T19:40:29.420160,,,,0.0,0.0
SIG_20260616_194029_EURUSD,EURUSD,0.5972222222222222,0.9305555555555556,2.3583869501939315e-05,DYNAMIC,GENERATED,,2026-06-16T19:40:29.492391,,,,,0.0,0.0
SIG_20260616_194130_EURJPY,EURJPY,0.3412698412698413,0.24206349206349206,1.0636698769642366e-05,DYNAMIC,GENERATED,,2026-06-16T19:41:30.017883,,,,,0.0,0.0
SIG_20260616_194130_USDJPY,USDJPY,0.7916666666666666,0.9940476190476191,1.3043540833005811e-05,DYNAMIC,BLOCKED_POSITION_EXISTS,,2026-06-16T19:41:30.044841,2026-06-16T19:41:30.083359,,,,0.0,0.0
SIG_20260616_194130_GBPJPY,GBPJPY,0.7003968253968254,0.5674603174603174,2.0126026171681254e-05,DYNAMIC,GENERATED,,2026-06-16T19:41:30.129575,,,,,0.0,0.0
SIG_20260616_194130_XAUUSD,XAUUSD,0.7738095238095238,0.5753968253968254,0.00056496342457846,DYNAMIC,TRIGGERED,,2026-06-16T19:41:30.159586,2026-06-16T19:41:30.200091,,,,0.0,0.0
SIG_20260616_194130_EURUSD,EURUSD,0.5753968253968254,0.9087301587301587,2.327831294315704e-05,DYNAMIC,GENERATED,,2026-06-16T19:41:30.227937,,,,,0.0,0.0
SIG_20260616_194230_EURJPY,EURJPY,0.37103174603174605,0.24206349206349206,1.0755083916902413e-05,DYNAMIC,GENERATED,,2026-06-16T19:42:30.816362,,,,,0.0,0.0
SIG_20260616_194230_USDJPY,USDJPY,0.7916666666666666,0.9940476190476191,1.303899383399815e-05,DYNAMIC,BLOCKED_POSITION_EXISTS,,2026-06-16T19:42:30.921857,2026-06-16T19:42:31.080516,,,,0.0,0.0
SIG_20260616_194231_GBPJPY,GBPJPY,0.7023809523809523,0.5674603174603174,2.0225634379859804e-05,DYNAMIC,GENERATED,,2026-06-16T19:42:31.259226,,,,,0.0,0.0
SIG_20260616_194231_XAUUSD,XAUUSD,0.7738095238095238,0.5753968253968254,0.0005657254459567537,DYNAMIC,TRIGGERED,,2026-06-16T19:42:31.365817,2026-06-16T19:42:31.513503,,,,0.0,0.0
SIG_20260616_194231_EURUSD,EURUSD,0.5773809523809523,0.9166666666666666,2.3364675670023975e-05,DYNAMIC,GENERATED,,2026-06-16T19:42:31.611860,,,,,0.0,0.0
SIG_20260616_194332_EURJPY,EURJPY,0.3630952380952381,0.24206349206349206,1.0721783140410724e-05,DYNAMIC,GENERATED,,2026-06-16T19:43:32.666829,,,,,0.0,0.0
SIG_20260616_194332_USDJPY,USDJPY,0.7916666666666666,0.9940476190476191,1.3048787223398733e-05,DYNAMIC,BLOCKED_POSITION_EXISTS,,2026-06-16T19:43:32.784249,2026-06-16T19:43:32.961288,,,,0.0,0.0
SIG_20260616_194333_GBPJPY,GBPJPY,0.7023809523809523,0.5674603174603174,2.0187184620074452e-05,DYNAMIC,GENERATED,,2026-06-16T19:43:33.165838,,,,,0.0,0.0
SIG_20260616_194333_XAUUSD,XAUUSD,0.7738095238095238,0.5753968253968254,0.00056502071774602,DYNAMIC,TRIGGERED,,2026-06-16T19:43:33.289653,2026-06-16T19:43:33.468322,,,,0.0,0.0
SIG_20260616_194333_EURUSD,EURUSD,0.5753968253968254,0.9087301587301587,2.3312906073828294e-05,DYNAMIC,GENERATED,,2026-06-16T19:43:33.585746,,,,,0.0,0.0
SIG_20260616_194434_EURJPY,EURJPY,0.36706349206349204,0.24206349206349206,1.0742162775687731e-05,DYNAMIC,GENERATED,,2026-06-16T19:44:34.463873,,,,,0.0,0.0
SIG_20260616_194434_USDJPY,USDJPY,0.7916666666666666,0.9940476190476191,1.3048787223398733e-05,DYNAMIC,BLOCKED_POSITION_EXISTS,,2026-06-16T19:44:34.526380,2026-06-16T19:44:34.614734,,,,0.0,0.0
SIG_20260616_194434_GBPJPY,GBPJPY,0.7023809523809523,0.5674603174603174,2.023801119293615e-05,DYNAMIC,GENERATED,,2026-06-16T19:44:34.721605,,,,,0.0,0.0
SIG_20260616_194434_XAUUSD,XAUUSD,0.7738095238095238,0.5753968253968254,0.000565453280363875,DYNAMIC,TRIGGERED,,2026-06-16T19:44:34.807446,2026-06-16T19:44:34.891801,,,,0.0,0.0
SIG_20260616_194434_EURUSD,EURUSD,0.5753968253968254,0.9087301587301587,2.332778323372369e-05,DYNAMIC,GENERATED,,2026-06-16T19:44:34.953669,,,,,0.0,0.0
SIG_20260616_194535_EURJPY,EURJPY,0.34325396825396826,0.24206349206349206,1.0657516279954514e-05,DYNAMIC,GENERATED,,2026-06-16T19:45:35.649861,,,,,0.0,0.0
SIG_20260616_194535_USDJPY,USDJPY,0.7936507936507936,0.9940476190476191,1.307676591408138e-05,DYNAMIC,BLOCKED_POSITION_EXISTS,,2026-06-16T19:45:35.713104,2026-06-16T19:45:35.803615,,,,0.0,0.0
SIG_20260616_194535_GBPJPY,GBPJPY,0.7003968253968254,0.5674603174603174,2.0128856366637116e-05,DYNAMIC,GENERATED,,2026-06-16T19:45:35.900535,,,,,0.0,0.0
SIG_20260616_194535_XAUUSD,XAUUSD,0.7738095238095238,0.5753968253968254,0.0005648858648804591,DYNAMIC,TRIGGERED,,2026-06-16T19:45:35.966911,2026-06-16T19:45:36.048751,,,,0.0,0.0
SIG_20260616_194536_EURUSD,EURUSD,0.5753968253968254,0.9087301587301587,2.3273848671766982e-05,DYNAMIC,GENERATED,,2026-06-16T19:45:36.136008,,,,,0.0,0.0
SIG_20260616_194636_EURJPY,EURJPY,0.3551587301587302,0.24206349206349206,1.0692180542667539e-05,DYNAMIC,GENERATED,,2026-06-16T19:46:36.829416,,,,,0.0,0.0
SIG_20260616_194636_USDJPY,USDJPY,0.7936507936507936,0.9940476190476191,1.307132584758936e-05,DYNAMIC,BLOCKED_POSITION_EXISTS,,2026-06-16T19:46:36.900300,2026-06-16T19:46:36.989768,,,,0.0,0.0
SIG_20260616_194637_GBPJPY,GBPJPY,0.7023809523809523,0.5674603174603174,2.018357711433056e-05,DYNAMIC,GENERATED,,2026-06-16T19:46:37.132195,,,,,0.0,0.0
SIG_20260616_194637_XAUUSD,XAUUSD,0.7738095238095238,0.5753968253968254,0.0005648313321904297,DYNAMIC,TRIGGERED,,2026-06-16T19:46:37.222429,2026-06-16T19:46:37.324151,,,,0.0,0.0
SIG_20260616_194637_EURUSD,EURUSD,0.5753968253968254,0.9087301587301587,2.328255378264776e-05,DYNAMIC,GENERATED,,2026-06-16T19:46:37.396665,,,,,0.0,0.0
SIG_20260616_194738_EURJPY,EURJPY,0.35912698412698413,0.24206349206349206,1.0702848106205971e-05,DYNAMIC,GENERATED,,2026-06-16T19:47:38.178362,,,,,0.0,0.0
SIG_20260616_194738_USDJPY,USDJPY,0.7936507936507936,0.9940476190476191,1.3074007035930246e-05,DYNAMIC,BLOCKED_POSITION_EXISTS,,2026-06-16T19:47:38.271895,2026-06-16T19:47:38.393420,,,,0.0,0.0
SIG_20260616_194738_GBPJPY,GBPJPY,0.7023809523809523,0.5674603174603174,2.01730136723945e-05,DYNAMIC,GENERATED,,2026-06-16T19:47:38.531331,,,,,0.0,0.0
SIG_20260616_194738_XAUUSD,XAUUSD,0.7738095238095238,0.5753968253968254,0.0005652191825134927,DYNAMIC,TRIGGERED,,2026-06-16T19:47:38.602022,2026-06-16T19:47:38.702589,,,,0.0,0.0
SIG_20260616_194738_EURUSD,EURUSD,0.5753968253968254,0.9087301587301587,2.3286124902757022e-05,DYNAMIC,GENERATED,,2026-06-16T19:47:38.785083,,,,,0.0,0.0
SIG_20260616_194839_EURJPY,EURJPY,0.35119047619047616,0.24206349206349206,1.0682033102628823e-05,DYNAMIC,GENERATED,,2026-06-16T19:48:39.517920,,,,,0.0,0.0
SIG_20260616_194839_USDJPY,USDJPY,0.7936507936507936,0.9940476190476191,1.307960248059009e-05,DYNAMIC,BLOCKED_POSITION_EXISTS,,2026-06-16T19:48:39.583405,2026-06-16T19:48:39.683902,,,,0.0,0.0
SIG_20260616_194839_GBPJPY,GBPJPY,0.7023809523809523,0.5674603174603174,2.0159533614647567e-05,DYNAMIC,GENERATED,,2026-06-16T19:48:39.799594,,,,,0.0,0.0
SIG_20260616_194839_XAUUSD,XAUUSD,0.7738095238095238,0.5753968253968254,0.0005667580677238488,DYNAMIC,TRIGGERED,,2026-06-16T19:48:39.872291,2026-06-16T19:48:39.965692,,,,0.0,0.0
SIG_20260616_194840_EURUSD,EURUSD,0.5753968253968254,0.9087301587301587,2.327831294315704e-05,DYNAMIC,GENERATED,,2026-06-16T19:48:40.035423,,,,,0.0,0.0
SIG_20260616_194940_EURJPY,EURJPY,0.34523809523809523,0.24206349206349206,1.0660378586434293e-05,DYNAMIC,GENERATED,,2026-06-16T19:49:40.790638,,,,,0.0,0.0
SIG_20260616_194940_USDJPY,USDJPY,0.7936507936507936,0.9940476190476191,1.3088578295731662e-05,DYNAMIC,BLOCKED_POSITION_EXISTS,,2026-06-16T19:49:40.861029,2026-06-16T19:49:40.974780,,,,0.0,0.0
SIG_20260616_194941_GBPJPY,GBPJPY,0.7003968253968254,0.5674603174603174,2.0137606083402718e-05,DYNAMIC,GENERATED,,2026-06-16T19:49:41.098734,,,,,0.0,0.0
SIG_20260616_194941_XAUUSD,XAUUSD,0.7757936507936508,0.5753968253968254,0.0005685712271803183,DYNAMIC,TRIGGERED,,2026-06-16T19:49:41.162039,2026-06-16T19:49:41.256682,,,,0.0,0.0
SIG_20260616_194941_EURUSD,EURUSD,0.5753968253968254,0.9087301587301587,2.3273848671766982e-05,DYNAMIC,GENERATED,,2026-06-16T19:49:41.322476,,,,,0.0,0.0
SIG_20260616_195042_EURJPY,EURJPY,0.35912698412698413,0.24206349206349206,1.0706519539368668e-05,DYNAMIC,GENERATED,,2026-06-16T19:50:42.059481,,,,,0.0,0.0
SIG_20260616_195042_USDJPY,USDJPY,0.7936507936507936,0.9940476190476191,1.3082516734002912e-05,DYNAMIC,BLOCKED_POSITION_EXISTS,,2026-06-16T19:50:42.145143,2026-06-16T19:50:42.237721,,,,0.0,0.0
SIG_20260616_195042_GBPJPY,GBPJPY,0.7023809523809523,0.5674603174603174,2.018357711433056e-05,DYNAMIC,GENERATED,,2026-06-16T19:50:42.356270,,,,,0.0,0.0
SIG_20260616_195042_XAUUSD,XAUUSD,0.7757936507936508,0.5753968253968254,0.0005697016580068961,DYNAMIC,TRIGGERED,,2026-06-16T19:50:42.425875,2026-06-16T19:50:42.512454,,,,0.0,0.0
SIG_20260616_195042_EURUSD,EURUSD,0.5753968253968254,0.9087301587301587,2.328426495589074e-05,DYNAMIC,GENERATED,,2026-06-16T19:50:42.582309,,,,,0.0,0.0
SIG_20260616_195143_EURJPY,EURJPY,0.376984126984127,0.24206349206349206,1.0811968122971386e-05,DYNAMIC,GENERATED,,2026-06-16T19:51:43.335730,,,,,0.0,0.0
SIG_20260616_195143_USDJPY,USDJPY,0.7936507936507936,0.9940476190476191,1.3074007035930246e-05,DYNAMIC,BLOCKED_POSITION_EXISTS,,2026-06-16T19:51:43.403890,2026-06-16T19:51:43.482549,,,,0.0,0.0
SIG_20260616_195143_GBPJPY,GBPJPY,0.7063492063492064,0.5694444444444444,2.031058236496913e-05,DYNAMIC,GENERATED,,2026-06-16T19:51:43.578780,,,,,0.0,0.0
SIG_20260616_195143_XAUUSD,XAUUSD,0.7757936507936508,0.5753968253968254,0.0005683508964603188,DYNAMIC,TRIGGERED,,2026-06-16T19:51:43.640329,2026-06-16T19:51:43.711867,,,,0.0,0.0
SIG_20260616_195143_EURUSD,EURUSD,0.5753968253968254,0.9087301587301587,2.334050263396665e-05,DYNAMIC,GENERATED,,2026-06-16T19:51:43.758034,,,,,0.0,0.0
SIG_20260616_195244_EURJPY,EURJPY,0.37103174603174605,0.24206349206349206,1.0773120973055385e-05,DYNAMIC,GENERATED,,2026-06-16T19:52:44.483200,,,,,0.0,0.0
SIG_20260616_195244_USDJPY,USDJPY,0.7916666666666666,0.9940476190476191,1.3050691433722281e-05,DYNAMIC,BLOCKED_POSITION_EXISTS,,2026-06-16T19:52:44.546708,2026-06-16T19:52:44.643304,,,,0.0,0.0
SIG_20260616_195244_GBPJPY,GBPJPY,0.7023809523809523,0.5674603174603174,2.0202046419153468e-05,DYNAMIC,GENERATED,,2026-06-16T19:52:44.742235,,,,,0.0,0.0
SIG_20260616_195244_XAUUSD,XAUUSD,0.7757936507936508,0.5753968253968254,0.0005674087710137573,DYNAMIC,TRIGGERED,,2026-06-16T19:52:44.785420,2026-06-16T19:52:44.839721,,,,0.0,0.0
SIG_20260616_195244_EURUSD,EURUSD,0.5753968253968254,0.9087301587301587,2.334050263396665e-05,DYNAMIC,GENERATED,,2026-06-16T19:52:44.906770,,,,,0.0,0.0
SIG_20260616_195345_EURJPY,EURJPY,0.3869047619047619,0.24206349206349206,1.0848992079220737e-05,DYNAMIC,GENERATED,,2026-06-16T19:53:45.589656,,,,,0.0,0.0
SIG_20260616_195345_USDJPY,USDJPY,0.7916666666666666,0.9940476190476191,1.3054732965937863e-05,DYNAMIC,BLOCKED_POSITION_EXISTS,,2026-06-16T19:53:45.658410,2026-06-16T19:53:45.748273,,,,0.0,0.0
SIG_20260616_195345_GBPJPY,GBPJPY,0.7023809523809523,0.5674603174603174,2.0250776539490185e-05,DYNAMIC,GENERATED,,2026-06-16T19:53:45.849283,,,,,0.0,0.0
SIG_20260616_195345_XAUUSD,XAUUSD,0.7757936507936508,0.5753968253968254,0.0005674610129115685,DYNAMIC,TRIGGERED,,2026-06-16T19:53:45.913875,2026-06-16T19:53:46.002726,,,,0.0,0.0
SIG_20260616_195346_EURUSD,EURUSD,0.5793650793650794,0.9166666666666666,2.3380963743770453e-05,DYNAMIC,GENERATED,,2026-06-16T19:53:46.064465,,,,,0.0,0.0
SIG_20260616_195446_EURJPY,EURJPY,0.37896825396825395,0.24206349206349206,1.0822257583134929e-05,DYNAMIC,GENERATED,,2026-06-16T19:54:46.802007,,,,,0.0,0.0
SIG_20260616_195446_USDJPY,USDJPY,0.7936507936507936,0.9940476190476191,1.307676591408138e-05,DYNAMIC,BLOCKED_POSITION_EXISTS,,2026-06-16T19:54:46.870012,2026-06-16T19:54:46.968615,,,,0.0,0.0
SIG_20260616_195447_GBPJPY,GBPJPY,0.7023809523809523,0.5674603174603174,2.0250776539490185e-05,DYNAMIC,GENERATED,,2026-06-16T19:54:47.077679,,,,,0.0,0.0
SIG_20260616_195447_XAUUSD,XAUUSD,0.7757936507936508,0.5753968253968254,0.0005677065168473612,DYNAMIC,TRIGGERED,,2026-06-16T19:54:47.150317,2026-06-16T19:54:47.247433,,,,0.0,0.0
SIG_20260616_195447_EURUSD,EURUSD,0.5753968253968254,0.9087301587301587,2.333611412440797e-05,DYNAMIC,GENERATED,,2026-06-16T19:54:47.295947,,,,,0.0,0.0
SIG_20260616_195548_EURJPY,EURJPY,0.3611111111111111,0.24206349206349206,1.0714035768075804e-05,DYNAMIC,GENERATED,,2026-06-16T19:55:48.059679,,,,,0.0,0.0
SIG_20260616_195548_USDJPY,USDJPY,0.7916666666666666,0.9940476190476191,1.305267334838616e-05,DYNAMIC,BLOCKED_POSITION_EXISTS,,2026-06-16T19:55:48.116040,2026-06-16T19:55:48.188700,,,,0.0,0.0
SIG_20260616_195548_GBPJPY,GBPJPY,0.7023809523809523,0.5674603174603174,2.0180012787401116e-05,DYNAMIC,GENERATED,,2026-06-16T19:55:48.258202,,,,,0.0,0.0
SIG_20260616_195548_XAUUSD,XAUUSD,0.7738095238095238,0.5753968253968254,0.0005669825080428133,DYNAMIC,TRIGGERED,,2026-06-16T19:55:48.314392,2026-06-16T19:55:48.393229,,,,0.0,0.0
SIG_20260616_195548_EURUSD,EURUSD,0.5753968253968254,0.9087301587301587,2.3312906073828294e-05,DYNAMIC,GENERATED,,2026-06-16T19:55:48.478001,,,,,0.0,0.0
SIG_20260616_195649_EURJPY,EURJPY,0.36507936507936506,0.24206349206349206,1.0733837576904474e-05,DYNAMIC,GENERATED,,2026-06-16T19:56:49.261698,,,,,0.0,0.0
SIG_20260616_195649_USDJPY,USDJPY,0.7916666666666666,0.9940476190476191,1.3046960718869459e-05,DYNAMIC,BLOCKED_POSITION_EXISTS,,2026-06-16T19:56:49.342227,2026-06-16T19:56:49.468842,,,,0.0,0.0
SIG_20260616_195649_GBPJPY,GBPJPY,0.7023809523809523,0.5674603174603174,2.0187184620074452e-05,DYNAMIC,GENERATED,,2026-06-16T19:56:49.578468,,,,,0.0,0.0
SIG_20260616_195649_XAUUSD,XAUUSD,0.7757936507936508,0.5753968253968254,0.0005677854864484192,DYNAMIC,TRIGGERED,,2026-06-16T19:56:49.643051,2026-06-16T19:56:49.739373,,,,0.0,0.0
SIG_20260616_195649_EURUSD,EURUSD,0.5753968253968254,0.9087301587301587,2.3323840860293646e-05,DYNAMIC,GENERATED,,2026-06-16T19:56:49.838974,,,,,0.0,0.0
SIG_20260616_195750_EURJPY,EURJPY,0.3551587301587302,0.24206349206349206,1.0685357789587695e-05,DYNAMIC,GENERATED,,2026-06-16T19:57:50.604041,,,,,0.0,0.0
SIG_20260616_195750_USDJPY,USDJPY,0.7916666666666666,0.9940476190476191,1.3048787223398733e-05,DYNAMIC,BLOCKED_POSITION_EXISTS,,2026-06-16T19:57:50.665677,2026-06-16T19:57:50.734682,,,,0.0,0.0
SIG_20260616_195750_GBPJPY,GBPJPY,0.7003968253968254,0.5674603174603174,2.0126026171681254e-05,DYNAMIC,GENERATED,,2026-06-16T19:57:50.853066,,,,,0.0,0.0
SIG_20260616_195750_XAUUSD,XAUUSD,0.7757936507936508,0.5753968253968254,0.0005726161607859451,DYNAMIC,TRIGGERED,,2026-06-16T19:57:50.923075,2026-06-16T19:57:51.016043,,,,0.0,0.0
SIG_20260616_195751_EURUSD,EURUSD,0.5753968253968254,0.9087301587301587,2.3297656106702663e-05,DYNAMIC,GENERATED,,2026-06-16T19:57:51.087523,,,,,0.0,0.0
SIG_20260616_195851_EURJPY,EURJPY,0.37103174603174605,0.24206349206349206,1.0755083916902413e-05,DYNAMIC,GENERATED,,2026-06-16T19:58:51.934389,,,,,0.0,0.0
SIG_20260616_195852_USDJPY,USDJPY,0.7916666666666666,0.9940476190476191,1.3045211921587342e-05,DYNAMIC,BLOCKED_POSITION_EXISTS,,2026-06-16T19:58:52.006019,2026-06-16T19:58:52.116016,,,,0.0,0.0
SIG_20260616_195852_GBPJPY,GBPJPY,0.7023809523809523,0.5674603174603174,2.015305268154166e-05,DYNAMIC,GENERATED,,2026-06-16T19:58:52.230700,,,,,0.0,0.0
SIG_20260616_195852_XAUUSD,XAUUSD,0.7757936507936508,0.5753968253968254,0.0005685266250394817,DYNAMIC,TRIGGERED,,2026-06-16T19:58:52.321566,2026-06-16T19:58:52.412772,,,,0.0,0.0
SIG_20260616_195852_EURUSD,EURUSD,0.5753968253968254,0.9087301587301587,2.334050263396665e-05,DYNAMIC,GENERATED,,2026-06-16T19:58:52.484617,,,,,0.0,0.0
SIG_20260616_195953_EURJPY,EURJPY,0.3333333333333333,0.24206349206349206,1.0590980910694378e-05,DYNAMIC,GENERATED,,2026-06-16T19:59:53.293238,,,,,0.0,0.0
SIG_20260616_195953_USDJPY,USDJPY,0.7916666666666666,0.9940476190476191,1.3061378021386874e-05,DYNAMIC,BLOCKED_POSITION_EXISTS,,2026-06-16T19:59:53.384125,2026-06-16T19:59:53.478011,,,,0.0,0.0
SIG_20260616_195953_GBPJPY,GBPJPY,0.6944444444444444,0.5674603174603174,2.0034927400573293e-05,DYNAMIC,GENERATED,,2026-06-16T19:59:53.603440,,,,,0.0,0.0
SIG_20260616_195953_XAUUSD,XAUUSD,0.7757936507936508,0.5753968253968254,0.0005721705794071484,DYNAMIC,TRIGGERED,,2026-06-16T19:59:53.671777,2026-06-16T19:59:53.772037,,,,0.0,0.0
SIG_20260616_195953_EURUSD,EURUSD,0.5753968253968254,0.9087301587301587,2.329505865646502e-05,DYNAMIC,GENERATED,,2026-06-16T19:59:53.865847,,,,,0.0,0.0
SIG_20260616_200054_EURJPY,EURJPY,0.3333333333333333,0.24206349206349206,1.0599656941888798e-05,DYNAMIC,GENERATED,,2026-06-16T20:00:54.563561,,,,,0.0,0.0
SIG_20260616_200054_USDJPY,USDJPY,0.7936507936507936,0.9940476190476191,1.3094950587645484e-05,DYNAMIC,BLOCKED_POSITION_EXISTS,,2026-06-16T20:00:54.630645,2026-06-16T20:00:54.741057,,,,0.0,0.0
SIG_20260616_200054_GBPJPY,GBPJPY,0.6944444444444444,0.5674603174603174,2.0040265751264125e-05,DYNAMIC,GENERATED,,2026-06-16T20:00:54.857626,,,,,0.0,0.0
SIG_20260616_200054_XAUUSD,XAUUSD,0.7777777777777778,0.6507936507936508,0.000577696745939979,DYNAMIC,TRIGGERED,,2026-06-16T20:00:54.921529,2026-06-16T20:00:55.013816,,,,0.0,0.0
SIG_20260616_200055_EURUSD,EURUSD,0.5753968253968254,0.9166666666666666,2.3297663593459538e-05,DYNAMIC,GENERATED,,2026-06-16T20:00:55.080274,,,,,0.0,0.0
SIG_20260616_200155_EURJPY,EURJPY,0.3333333333333333,0.24206349206349206,1.0597459075365145e-05,DYNAMIC,GENERATED,,2026-06-16T20:01:55.794860,,,,,0.0,0.0
SIG_20260616_200155_USDJPY,USDJPY,0.7936507936507936,0.9940476190476191,1.3091725601141631e-05,DYNAMIC,BLOCKED_POSITION_EXISTS,,2026-06-16T20:01:55.861054,2026-06-16T20:01:55.948517,,,,0.0,0.0
SIG_20260616_200156_GBPJPY,GBPJPY,0.6944444444444444,0.501984126984127,2.0034732873586245e-05,DYNAMIC,GENERATED,,2026-06-16T20:01:56.046131,,,,,0.0,0.0
SIG_20260616_200156_XAUUSD,XAUUSD,0.7757936507936508,0.5753968253968254,0.0005751752757519905,DYNAMIC,TRIGGERED,,2026-06-16T20:01:56.107952,2026-06-16T20:01:56.222668,,,,0.0,0.0
SIG_20260616_200156_EURUSD,EURUSD,0.5753968253968254,0.9166666666666666,2.3300417419624633e-05,DYNAMIC,GENERATED,,2026-06-16T20:01:56.293283,,,,,0.0,0.0
SIG_20260616_200257_EURJPY,EURJPY,0.3353174603174603,0.24206349206349206,1.061240975927069e-05,DYNAMIC,GENERATED,,2026-06-16T20:02:57.144271,,,,,0.0,0.0
SIG_20260616_200257_USDJPY,USDJPY,0.7936507936507936,0.9940476190476191,1.3085508672868042e-05,DYNAMIC,BLOCKED_POSITION_EXISTS,,2026-06-16T20:02:57.257340,2026-06-16T20:02:57.415333,,,,0.0,0.0
SIG_20260616_200257_GBPJPY,GBPJPY,0.6944444444444444,0.5674603174603174,2.003734808358958e-05,DYNAMIC,GENERATED,,2026-06-16T20:02:57.632026,,,,,0.0,0.0
SIG_20260616_200257_XAUUSD,XAUUSD,0.7757936507936508,0.5753968253968254,0.00057467496664158,DYNAMIC,TRIGGERED,,2026-06-16T20:02:57.706076,2026-06-16T20:02:57.804476,,,,0.0,0.0
SIG_20260616_200257_EURUSD,EURUSD,0.5753968253968254,0.9166666666666666,2.3284267174189093e-05,DYNAMIC,GENERATED,,2026-06-16T20:02:57.872031,,,,,0.0,0.0
SIG_20260616_200500_EURJPY,EURJPY,0.3353174603174603,0.24206349206349206,1.0609171033055766e-05,DYNAMIC,GENERATED,,2026-06-16T20:05:00.816932,,,,,0.0,0.0
SIG_20260616_200501_USDJPY,USDJPY,0.7936507936507936,0.9940476190476191,1.3088578295731662e-05,DYNAMIC,BLOCKED_POSITION_EXISTS,,2026-06-16T20:05:01.146753,2026-06-16T20:05:01.568607,,,,0.0,0.0
SIG_20260616_200501_GBPJPY,GBPJPY,0.6944444444444444,0.5674603174603174,2.0037845175154375e-05,DYNAMIC,GENERATED,,2026-06-16T20:05:01.885705,,,,,0.0,0.0
SIG_20260616_200501_XAUUSD,XAUUSD,0.7777777777777778,0.6507936507936508,0.000576307192601249,DYNAMIC,TRIGGERED,,2026-06-16T20:05:01.942588,2026-06-16T20:05:02.027844,,,,0.0,0.0
SIG_20260616_200502_EURUSD,EURUSD,0.5753968253968254,0.9166666666666666,2.32881371419725e-05,DYNAMIC,GENERATED,,2026-06-16T20:05:02.088117,,,,,0.0,0.0
SIG_20260616_202035_EURJPY,EURJPY,0.3353174603174603,0.24206349206349206,1.0609171033055766e-05,DYNAMIC,GENERATED,,2026-06-16T20:20:35.138446,,,,,0.0,0.0
SIG_20260616_202035_USDJPY,USDJPY,0.7936507936507936,0.9940476190476191,1.3088578295731662e-05,DYNAMIC,BLOCKED_POSITION_EXISTS,,2026-06-16T20:20:35.349768,2026-06-16T20:20:35.677014,,,,0.0,0.0
SIG_20260616_202036_GBPJPY,GBPJPY,0.6944444444444444,0.5674603174603174,2.0037845175154375e-05,DYNAMIC,GENERATED,,2026-06-16T20:20:36.089094,,,,,0.0,0.0
SIG_20260616_202036_XAUUSD,XAUUSD,0.7777777777777778,0.6507936507936508,0.000576307192601249,DYNAMIC,TRIGGERED,,2026-06-16T20:20:36.296847,2026-06-16T20:20:36.578557,,,,0.0,0.0
SIG_20260616_202036_EURUSD,EURUSD,0.5753968253968254,0.9166666666666666,2.32881371419725e-05,DYNAMIC,GENERATED,,2026-06-16T20:20:36.776920,,,,,0.0,0.0
SIG_20260616_202138_EURJPY,EURJPY,0.3353174603174603,0.24206349206349206,1.0609171033055766e-05,DYNAMIC,GENERATED,,2026-06-16T20:21:38.049514,,,,,0.0,0.0
SIG_20260616_202138_USDJPY,USDJPY,0.7936507936507936,0.9940476190476191,1.3088578295731662e-05,DYNAMIC,BLOCKED_POSITION_EXISTS,,2026-06-16T20:21:38.151611,2026-06-16T20:21:38.258193,,,,0.0,0.0
SIG_20260616_202138_GBPJPY,GBPJPY,0.6944444444444444,0.5674603174603174,2.0037845175154375e-05,DYNAMIC,GENERATED,,2026-06-16T20:21:38.362670,,,,,0.0,0.0
SIG_20260616_202138_XAUUSD,XAUUSD,0.7777777777777778,0.6507936507936508,0.000576307192601249,DYNAMIC,TRIGGERED,,2026-06-16T20:21:38.427117,2026-06-16T20:21:38.520052,,,,0.0,0.0
SIG_20260616_202138_EURUSD,EURUSD,0.5753968253968254,0.9166666666666666,2.32881371419725e-05,DYNAMIC,GENERATED,,2026-06-16T20:21:38.587569,,,,,0.0,0.0
SIG_20260616_202239_EURJPY,EURJPY,0.3353174603174603,0.24206349206349206,1.0609171033055766e-05,DYNAMIC,GENERATED,,2026-06-16T20:22:39.524343,,,,,0.0,0.0
SIG_20260616_202239_USDJPY,USDJPY,0.7936507936507936,0.9940476190476191,1.3088578295731662e-05,DYNAMIC,BLOCKED_POSITION_EXISTS,,2026-06-16T20:22:39.599464,2026-06-16T20:22:39.705347,,,,0.0,0.0
SIG_20260616_202239_GBPJPY,GBPJPY,0.6944444444444444,0.5674603174603174,2.0037845175154375e-05,DYNAMIC,GENERATED,,2026-06-16T20:22:39.828715,,,,,0.0,0.0
SIG_20260616_202239_XAUUSD,XAUUSD,0.7777777777777778,0.6507936507936508,0.000576307192601249,DYNAMIC,TRIGGERED,,2026-06-16T20:22:39.898444,2026-06-16T20:22:40.024147,,,,0.0,0.0
SIG_20260616_202240_EURUSD,EURUSD,0.5753968253968254,0.9166666666666666,2.32881371419725e-05,DYNAMIC,GENERATED,,2026-06-16T20:22:40.105399,,,,,0.0,0.0
SIG_20260616_202341_EURJPY,EURJPY,0.3353174603174603,0.24206349206349206,1.0609171033055766e-05,DYNAMIC,GENERATED,,2026-06-16T20:23:41.013414,,,,,0.0,0.0
SIG_20260616_202341_USDJPY,USDJPY,0.7936507936507936,0.9940476190476191,1.3088578295731662e-05,DYNAMIC,BLOCKED_POSITION_EXISTS,,2026-06-16T20:23:41.088488,2026-06-16T20:23:41.206223,,,,0.0,0.0
SIG_20260616_202341_GBPJPY,GBPJPY,0.6944444444444444,0.5674603174603174,2.0037845175154375e-05,DYNAMIC,GENERATED,,2026-06-16T20:23:41.361736,,,,,0.0,0.0
SIG_20260616_202341_XAUUSD,XAUUSD,0.7777777777777778,0.6507936507936508,0.000576307192601249,DYNAMIC,TRIGGERED,,2026-06-16T20:23:41.437950,2026-06-16T20:23:41.566514,,,,0.0,0.0
SIG_20260616_202341_EURUSD,EURUSD,0.5753968253968254,0.9166666666666666,2.32881371419725e-05,DYNAMIC,GENERATED,,2026-06-16T20:23:41.641967,,,,,0.0,0.0
SIG_20260616_202442_EURJPY,EURJPY,0.3353174603174603,0.24206349206349206,1.0609171033055766e-05,DYNAMIC,GENERATED,,2026-06-16T20:24:42.600022,,,,,0.0,0.0
SIG_20260616_202442_USDJPY,USDJPY,0.7936507936507936,0.9940476190476191,1.3088578295731662e-05,DYNAMIC,BLOCKED_POSITION_EXISTS,,2026-06-16T20:24:42.670572,2026-06-16T20:24:42.778992,,,,0.0,0.0
SIG_20260616_202442_GBPJPY,GBPJPY,0.6944444444444444,0.5674603174603174,2.0037845175154375e-05,DYNAMIC,GENERATED,,2026-06-16T20:24:42.923205,,,,,0.0,0.0
SIG_20260616_202443_XAUUSD,XAUUSD,0.7777777777777778,0.6507936507936508,0.000576307192601249,DYNAMIC,TRIGGERED,,2026-06-16T20:24:43.034205,2026-06-16T20:24:43.218725,,,,0.0,0.0
SIG_20260616_202443_EURUSD,EURUSD,0.5753968253968254,0.9166666666666666,2.32881371419725e-05,DYNAMIC,GENERATED,,2026-06-16T20:24:43.317755,,,,,0.0,0.0
SIG_20260616_202544_EURJPY,EURJPY,0.5119047619047619,0.3134920634920635,1.1743794813527344e-05,DYNAMIC,GENERATED,,2026-06-16T20:25:44.196914,,,,,0.0,0.0
SIG_20260616_202544_USDJPY,USDJPY,0.7916666666666666,0.998015873015873,1.3026751083296218e-05,DYNAMIC,BLOCKED_POSITION_EXISTS,,2026-06-16T20:25:44.267055,2026-06-16T20:25:44.369321,,,,0.0,0.0
SIG_20260616_202544_GBPJPY,GBPJPY,0.7658730158730159,0.7003968253968254,2.1042163081023654e-05,DYNAMIC,GENERATED,,2026-06-16T20:25:44.489208,,,,,0.0,0.0
SIG_20260616_202544_XAUUSD,XAUUSD,0.7757936507936508,0.5753968253968254,0.0005688909471627847,DYNAMIC,TRIGGERED,,2026-06-16T20:25:44.549489,2026-06-16T20:25:44.643376,,,,0.0,0.0
SIG_20260616_202544_EURUSD,EURUSD,0.621031746031746,0.9365079365079365,2.439810536228703e-05,DYNAMIC,GENERATED,,2026-06-16T20:25:44.707980,,,,,0.0,0.0
SIG_20260616_202645_EURJPY,EURJPY,0.5119047619047619,0.3134920634920635,1.1743794813527344e-05,DYNAMIC,GENERATED,,2026-06-16T20:26:45.553038,,,,,0.0,0.0
SIG_20260616_202645_USDJPY,USDJPY,0.7916666666666666,0.998015873015873,1.3034020508604754e-05,DYNAMIC,BLOCKED_POSITION_EXISTS,,2026-06-16T20:26:45.629333,2026-06-16T20:26:45.779802,,,,0.0,0.0
SIG_20260616_202645_GBPJPY,GBPJPY,0.7698412698412699,0.7003968253968254,2.1127818910074317e-05,DYNAMIC,GENERATED,,2026-06-16T20:26:45.908587,,,,,0.0,0.0
SIG_20260616_202645_XAUUSD,XAUUSD,0.7757936507936508,0.5753968253968254,0.0005690700102795095,DYNAMIC,TRIGGERED,,2026-06-16T20:26:45.982809,2026-06-16T20:26:46.101630,,,,0.0,0.0
SIG_20260616_202646_EURUSD,EURUSD,0.6349206349206349,0.9365079365079365,2.4608112694175815e-05,DYNAMIC,GENERATED,,2026-06-16T20:26:46.192513,,,,,0.0,0.0
SIG_20260616_202747_EURJPY,EURJPY,0.623015873015873,0.3134920634920635,1.2224350026247946e-05,DYNAMIC,GENERATED,,2026-06-16T20:27:47.021497,,,,,0.0,0.0
SIG_20260616_202747_USDJPY,USDJPY,0.7916666666666666,0.998015873015873,1.302954957771835e-05,DYNAMIC,BLOCKED_POSITION_EXISTS,,2026-06-16T20:27:47.090550,2026-06-16T20:27:47.183072,,,,0.0,0.0
SIG_20260616_202747_GBPJPY,GBPJPY,0.7857142857142857,0.7003968253968254,2.170302459389794e-05,DYNAMIC,GENERATED,,2026-06-16T20:27:47.295713,,,,,0.0,0.0
SIG_20260616_202747_XAUUSD,XAUUSD,0.7757936507936508,0.621031746031746,0.000568247517364672,DYNAMIC,TRIGGERED,,2026-06-16T20:27:47.380257,2026-06-16T20:27:47.463780,,,,0.0,0.0
SIG_20260616_202747_EURUSD,EURUSD,0.6448412698412699,0.9365079365079365,2.4730226021723e-05,DYNAMIC,GENERATED,,2026-06-16T20:27:47.526829,,,,,0.0,0.0
SIG_20260616_202848_EURJPY,EURJPY,0.6626984126984127,0.375,1.2525622491750196e-05,DYNAMIC,GENERATED,,2026-06-16T20:28:48.282483,,,,,0.0,0.0
SIG_20260616_202848_USDJPY,USDJPY,0.7916666666666666,0.998015873015873,1.302830582035111e-05,DYNAMIC,BLOCKED_POSITION_EXISTS,,2026-06-16T20:28:48.350820,2026-06-16T20:28:48.465952,,,,0.0,0.0
SIG_20260616_202848_GBPJPY,GBPJPY,0.7896825396825397,0.7003968253968254,2.180035732159762e-05,DYNAMIC,POSITION_CLOSED,57108863885,2026-06-16T20:28:48.589848,2026-06-16T20:28:48.702226,2026-06-16T20:28:48.778349,2026-06-16T20:28:49.278171,2026-06-17T08:54:41.520071,-11.400000000000432,-9.69
SIG_20260616_202849_XAUUSD,XAUUSD,0.7757936507936508,0.621031746031746,0.0005687798492308473,DYNAMIC,GENERATED,,2026-06-16T20:28:49.364051,,,,,0.0,0.0
SIG_20260616_202849_EURUSD,EURUSD,0.6507936507936508,0.9365079365079365,2.508195691855038e-05,DYNAMIC,GENERATED,,2026-06-16T20:28:49.437960,,,,,0.0,0.0
SIG_20260616_202950_EURJPY,EURJPY,0.623015873015873,0.375,1.2210637534660636e-05,DYNAMIC,GENERATED,,2026-06-16T20:29:50.172628,,,,,0.0,0.0
SIG_20260616_202950_USDJPY,USDJPY,0.7916666666666666,0.998015873015873,1.302830582035111e-05,DYNAMIC,BLOCKED_POSITION_EXISTS,,2026-06-16T20:29:50.245679,2026-06-16T20:29:50.369935,,,,0.0,0.0
SIG_20260616_202950_GBPJPY,GBPJPY,0.7857142857142857,0.7003968253968254,2.175134648411549e-05,DYNAMIC,BLOCKED_POSITION_EXISTS,,2026-06-16T20:29:50.495087,2026-06-16T20:29:50.602790,,,,0.0,0.0
SIG_20260616_202950_XAUUSD,XAUUSD,0.7757936507936508,0.621031746031746,0.0005685712271803183,DYNAMIC,GENERATED,,2026-06-16T20:29:50.743069,,,,,0.0,0.0
SIG_20260616_202950_EURUSD,EURUSD,0.6448412698412699,0.9365079365079365,2.4751097251825863e-05,DYNAMIC,GENERATED,,2026-06-16T20:29:50.819216,,,,,0.0,0.0
SIG_20260616_203051_EURJPY,EURJPY,0.5099206349206349,0.7063492063492064,1.172443796503922e-05,DYNAMIC,GENERATED,,2026-06-16T20:30:51.679386,,,,,0.0,0.0
SIG_20260616_203051_USDJPY,USDJPY,0.7916666666666666,0.9900793650793651,1.301538026862751e-05,DYNAMIC,BLOCKED_POSITION_EXISTS,,2026-06-16T20:30:51.762164,2026-06-16T20:30:51.878248,,,,0.0,0.0
SIG_20260616_203051_GBPJPY,GBPJPY,0.7777777777777778,0.8293650793650794,2.1303525678122176e-05,DYNAMIC,BLOCKED_POSITION_EXISTS,,2026-06-16T20:30:51.995128,2026-06-16T20:30:52.119433,,,,0.0,0.0
SIG_20260616_203052_XAUUSD,XAUUSD,0.7738095238095238,0.10119047619047619,0.0005677464970377574,DYNAMIC,GENERATED,,2026-06-16T20:30:52.292629,,,,,0.0,0.0
SIG_20260616_203052_EURUSD,EURUSD,0.626984126984127,0.9305555555555556,2.4518779137510814e-05,DYNAMIC,GENERATED,,2026-06-16T20:30:52.369730,,,,,0.0,0.0
SIG_20260616_203153_EURJPY,EURJPY,0.5099206349206349,0.7063492063492064,1.1716360701770069e-05,DYNAMIC,GENERATED,,2026-06-16T20:31:53.237980,,,,,0.0,0.0
SIG_20260616_203153_USDJPY,USDJPY,0.7936507936507936,0.9900793650793651,1.3031896905223788e-05,DYNAMIC,BLOCKED_POSITION_EXISTS,,2026-06-16T20:31:53.328012,2026-06-16T20:31:53.440890,,,,0.0,0.0
SIG_20260616_203153_GBPJPY,GBPJPY,0.7777777777777778,0.8293650793650794,2.1303159213038907e-05,DYNAMIC,BLOCKED_POSITION_EXISTS,,2026-06-16T20:31:53.554368,2026-06-16T20:31:53.653284,,,,0.0,0.0
SIG_20260616_203153_XAUUSD,XAUUSD,0.7738095238095238,0.10119047619047619,0.0005677314125263925,DYNAMIC,GENERATED,,2026-06-16T20:31:53.810586,,,,,0.0,0.0
SIG_20260616_203153_EURUSD,EURUSD,0.626984126984127,0.9305555555555556,2.452412452899524e-05,DYNAMIC,GENERATED,,2026-06-16T20:31:53.883996,,,,,0.0,0.0
SIG_20260616_203254_EURJPY,EURJPY,0.5099206349206349,0.7063492063492064,1.1719678227067675e-05,DYNAMIC,GENERATED,,2026-06-16T20:32:54.678494,,,,,0.0,0.0
SIG_20260616_203254_USDJPY,USDJPY,0.7916666666666666,0.9900793650793651,1.3021326543176555e-05,DYNAMIC,BLOCKED_POSITION_EXISTS,,2026-06-16T20:32:54.760244,2026-06-16T20:32:54.861700,,,,0.0,0.0
SIG_20260616_203254_GBPJPY,GBPJPY,0.7777777777777778,0.8293650793650794,2.1306004651875174e-05,DYNAMIC,BLOCKED_POSITION_EXISTS,,2026-06-16T20:32:54.988016,2026-06-16T20:32:55.113365,,,,0.0,0.0
SIG_20260616_203255_XAUUSD,XAUUSD,0.7738095238095238,0.10119047619047619,0.0005678922013029851,DYNAMIC,GENERATED,,2026-06-16T20:32:55.249387,,,,,0.0,0.0
SIG_20260616_203255_EURUSD,EURUSD,0.626984126984127,0.9305555555555556,2.4515439161400027e-05,DYNAMIC,GENERATED,,2026-06-16T20:32:55.323858,,,,,0.0,0.0
SIG_20260616_203356_EURJPY,EURJPY,0.5099206349206349,0.7063492063492064,1.1715062563958008e-05,DYNAMIC,GENERATED,,2026-06-16T20:33:56.060434,,,,,0.0,0.0
SIG_20260616_203356_USDJPY,USDJPY,0.7916666666666666,0.9900793650793651,1.3020354958875966e-05,DYNAMIC,BLOCKED_POSITION_EXISTS,,2026-06-16T20:33:56.135357,2026-06-16T20:33:56.242954,,,,0.0,0.0
SIG_20260616_203356_GBPJPY,GBPJPY,0.7777777777777778,0.8293650793650794,2.1302124484425108e-05,DYNAMIC,BLOCKED_POSITION_EXISTS,,2026-06-16T20:33:56.374484,2026-06-16T20:33:56.485726,,,,0.0,0.0
SIG_20260616_203356_XAUUSD,XAUUSD,0.7738095238095238,0.10119047619047619,0.0005677317380723803,DYNAMIC,GENERATED,,2026-06-16T20:33:56.631405,,,,,0.0,0.0
SIG_20260616_203356_EURUSD,EURUSD,0.626984126984127,0.9305555555555556,2.4531845410948007e-05,DYNAMIC,GENERATED,,2026-06-16T20:33:56.710153,,,,,0.0,0.0
SIG_20260616_203457_EURJPY,EURJPY,0.5099206349206349,0.7063492063492064,1.1716360927710185e-05,DYNAMIC,GENERATED,,2026-06-16T20:34:57.457885,,,,,0.0,0.0
SIG_20260616_203457_USDJPY,USDJPY,0.7936507936507936,0.9900793650793651,1.3030303626123066e-05,DYNAMIC,BLOCKED_POSITION_EXISTS,,2026-06-16T20:34:57.525869,2026-06-16T20:34:57.618685,,,,0.0,0.0
SIG_20260616_203457_GBPJPY,GBPJPY,0.7777777777777778,0.8293650793650794,2.130663044773383e-05,DYNAMIC,BLOCKED_POSITION_EXISTS,,2026-06-16T20:34:57.731035,2026-06-16T20:34:57.835465,,,,0.0,0.0
SIG_20260616_203457_XAUUSD,XAUUSD,0.7738095238095238,0.10119047619047619,0.0005677287381239682,DYNAMIC,GENERATED,,2026-06-16T20:34:57.989650,,,,,0.0,0.0
SIG_20260616_203458_EURUSD,EURUSD,0.628968253968254,0.9305555555555556,2.4551074772860852e-05,DYNAMIC,GENERATED,,2026-06-16T20:34:58.058249,,,,,0.0,0.0
SIG_20260616_203558_EURJPY,EURJPY,0.5099206349206349,0.6567460317460317,1.1714023903083929e-05,DYNAMIC,GENERATED,,2026-06-16T20:35:58.845732,,,,,0.0,0.0
SIG_20260616_203558_USDJPY,USDJPY,0.7936507936507936,0.9900793650793651,1.3045225526237437e-05,DYNAMIC,BLOCKED_POSITION_EXISTS,,2026-06-16T20:35:58.963026,2026-06-16T20:35:59.095024,,,,0.0,0.0
SIG_20260616_203559_GBPJPY,GBPJPY,0.7777777777777778,0.8293650793650794,2.130231851295617e-05,DYNAMIC,BLOCKED_POSITION_EXISTS,,2026-06-16T20:35:59.235424,2026-06-16T20:35:59.379592,,,,0.0,0.0
SIG_20260616_203559_XAUUSD,XAUUSD,0.7738095238095238,0.10119047619047619,0.0005677513255026127,DYNAMIC,GENERATED,,2026-06-16T20:35:59.509877,,,,,0.0,0.0
SIG_20260616_203559_EURUSD,EURUSD,0.628968253968254,0.9305555555555556,2.4551074772860852e-05,DYNAMIC,GENERATED,,2026-06-16T20:35:59.587209,,,,,0.0,0.0
SIG_20260616_203700_EURJPY,EURJPY,0.5099206349206349,0.7063492063492064,1.1715062497012806e-05,DYNAMIC,GENERATED,,2026-06-16T20:37:00.337087,,,,,0.0,0.0
SIG_20260616_203700_USDJPY,USDJPY,0.7956349206349206,0.9900793650793651,1.3070870376684444e-05,DYNAMIC,BLOCKED_POSITION_EXISTS,,2026-06-16T20:37:00.407214,2026-06-16T20:37:00.522733,,,,0.0,0.0
SIG_20260616_203700_GBPJPY,GBPJPY,0.7777777777777778,0.8293650793650794,2.130488373510857e-05,DYNAMIC,BLOCKED_POSITION_EXISTS,,2026-06-16T20:37:00.653576,2026-06-16T20:37:00.774953,,,,0.0,0.0
SIG_20260616_203700_XAUUSD,XAUUSD,0.7738095238095238,0.10119047619047619,0.0005677394385879189,DYNAMIC,GENERATED,,2026-06-16T20:37:00.889489,,,,,0.0,0.0
SIG_20260616_203700_EURUSD,EURUSD,0.6309523809523809,0.9305555555555556,2.4557905658887486e-05,DYNAMIC,GENERATED,,2026-06-16T20:37:00.954000,,,,,0.0,0.0
SIG_20260616_203801_EURJPY,EURJPY,0.5099206349206349,0.7063492063492064,1.1715062497012806e-05,DYNAMIC,GENERATED,,2026-06-16T20:38:01.686903,,,,,0.0,0.0
SIG_20260616_203801_USDJPY,USDJPY,0.7956349206349206,0.9900793650793651,1.3104283288188875e-05,DYNAMIC,BLOCKED_POSITION_EXISTS,,2026-06-16T20:38:01.773567,2026-06-16T20:38:01.880584,,,,0.0,0.0
SIG_20260616_203801_GBPJPY,GBPJPY,0.7777777777777778,0.8293650793650794,2.130663044773383e-05,DYNAMIC,BLOCKED_POSITION_EXISTS,,2026-06-16T20:38:01.997403,2026-06-16T20:38:02.089796,,,,0.0,0.0
SIG_20260616_203802_XAUUSD,XAUUSD,0.7738095238095238,0.10119047619047619,0.000567774878019494,DYNAMIC,GENERATED,,2026-06-16T20:38:02.204351,,,,,0.0,0.0
SIG_20260616_203802_EURUSD,EURUSD,0.6309523809523809,0.9305555555555556,2.4595998090868123e-05,DYNAMIC,GENERATED,,2026-06-16T20:38:02.267553,,,,,0.0,0.0
SIG_20260616_203903_EURJPY,EURJPY,0.5099206349206349,0.7063492063492064,1.1714485505344332e-05,DYNAMIC,GENERATED,,2026-06-16T20:39:03.046541,,,,,0.0,0.0
SIG_20260616_203903_USDJPY,USDJPY,0.7956349206349206,0.9900793650793651,1.3104283288188875e-05,DYNAMIC,BLOCKED_POSITION_EXISTS,,2026-06-16T20:39:03.119034,2026-06-16T20:39:03.239903,,,,0.0,0.0
SIG_20260616_203903_GBPJPY,GBPJPY,0.7777777777777778,0.8293650793650794,2.1311287575158714e-05,DYNAMIC,BLOCKED_POSITION_EXISTS,,2026-06-16T20:39:03.380918,2026-06-16T20:39:03.554589,,,,0.0,0.0
SIG_20260616_203903_XAUUSD,XAUUSD,0.7738095238095238,0.10119047619047619,0.0005677275025325014,DYNAMIC,GENERATED,,2026-06-16T20:39:03.674490,,,,,0.0,0.0
SIG_20260616_203903_EURUSD,EURUSD,0.6329365079365079,0.9365079365079365,2.4606097357672096e-05,DYNAMIC,GENERATED,,2026-06-16T20:39:03.745833,,,,,0.0,0.0
SIG_20260616_204004_EURJPY,EURJPY,0.5099206349206349,0.7063492063492064,1.1714139307368175e-05,DYNAMIC,GENERATED,,2026-06-16T20:40:04.482118,,,,,0.0,0.0
SIG_20260616_204004_USDJPY,USDJPY,0.7956349206349206,0.9900793650793651,1.3108051766774065e-05,DYNAMIC,BLOCKED_POSITION_EXISTS,,2026-06-16T20:40:04.559640,2026-06-16T20:40:04.657988,,,,0.0,0.0
SIG_20260616_204004_GBPJPY,GBPJPY,0.7777777777777778,0.8293650793650794,2.1308010316717417e-05,DYNAMIC,BLOCKED_POSITION_EXISTS,,2026-06-16T20:40:04.780827,2026-06-16T20:40:04.886320,,,,0.0,0.0
SIG_20260616_204004_XAUUSD,XAUUSD,0.7738095238095238,0.10119047619047619,0.0005677394385879189,DYNAMIC,GENERATED,,2026-06-16T20:40:04.993150,,,,,0.0,0.0
SIG_20260616_204005_EURUSD,EURUSD,0.6329365079365079,0.9365079365079365,2.4616790975386137e-05,DYNAMIC,GENERATED,,2026-06-16T20:40:05.055415,,,,,0.0,0.0
SIG_20260616_204105_EURJPY,EURJPY,0.5099206349206349,0.7063492063492064,1.1720515847385345e-05,DYNAMIC,GENERATED,,2026-06-16T20:41:05.726663,,,,,0.0,0.0
SIG_20260616_204105_USDJPY,USDJPY,0.7956349206349206,0.9900793650793651,1.3096979330727324e-05,DYNAMIC,BLOCKED_POSITION_EXISTS,,2026-06-16T20:41:05.794923,2026-06-16T20:41:05.927408,,,,0.0,0.0
SIG_20260616_204106_GBPJPY,GBPJPY,0.7777777777777778,0.8293650793650794,2.1331297586854277e-05,DYNAMIC,BLOCKED_POSITION_EXISTS,,2026-06-16T20:41:06.046647,2026-06-16T20:41:06.148752,,,,0.0,0.0
SIG_20260616_204106_XAUUSD,XAUUSD,0.7738095238095238,0.10119047619047619,0.0005678197596367162,DYNAMIC,GENERATED,,2026-06-16T20:41:06.320861,,,,,0.0,0.0
SIG_20260616_204106_EURUSD,EURUSD,0.6408730158730159,0.9365079365079365,2.4652438241307563e-05,DYNAMIC,GENERATED,,2026-06-16T20:41:06.385038,,,,,0.0,0.0
SIG_20260616_204207_EURJPY,EURJPY,0.5119047619047619,0.7063492063492064,1.1739993772791899e-05,DYNAMIC,GENERATED,,2026-06-16T20:42:07.069844,,,,,0.0,0.0
SIG_20260616_204207_USDJPY,USDJPY,0.7956349206349206,0.9900793650793651,1.3128059100152642e-05,DYNAMIC,BLOCKED_POSITION_EXISTS,,2026-06-16T20:42:07.124369,2026-06-16T20:42:07.215903,,,,0.0,0.0
SIG_20260616_204207_GBPJPY,GBPJPY,0.7777777777777778,0.8293650793650794,2.1339815361773643e-05,DYNAMIC,BLOCKED_POSITION_EXISTS,,2026-06-16T20:42:07.373873,2026-06-16T20:42:07.473792,,,,0.0,0.0
SIG_20260616_204207_XAUUSD,XAUUSD,0.7738095238095238,0.10119047619047619,0.0005677302143828247,DYNAMIC,GENERATED,,2026-06-16T20:42:07.574952,,,,,0.0,0.0
SIG_20260616_204207_EURUSD,EURUSD,0.6428571428571429,0.9365079365079365,2.4764965629481414e-05,DYNAMIC,GENERATED,,2026-06-16T20:42:07.640952,,,,,0.0,0.0
SIG_20260616_204308_EURJPY,EURJPY,0.5119047619047619,0.7063492063492064,1.1738291173191503e-05,DYNAMIC,GENERATED,,2026-06-16T20:43:08.344719,,,,,0.0,0.0
SIG_20260616_204308_USDJPY,USDJPY,0.7956349206349206,0.9900793650793651,1.3119823184519472e-05,DYNAMIC,BLOCKED_POSITION_EXISTS,,2026-06-16T20:43:08.424280,2026-06-16T20:43:08.607639,,,,0.0,0.0
SIG_20260616_204308_GBPJPY,GBPJPY,0.7777777777777778,0.8293650793650794,2.1357865310750576e-05,DYNAMIC,BLOCKED_POSITION_EXISTS,,2026-06-16T20:43:08.776146,2026-06-16T20:43:08.892511,,,,0.0,0.0
SIG_20260616_204309_XAUUSD,XAUUSD,0.7738095238095238,0.10119047619047619,0.0005678114841186936,DYNAMIC,GENERATED,,2026-06-16T20:43:09.030656,,,,,0.0,0.0
SIG_20260616_204309_EURUSD,EURUSD,0.6428571428571429,0.9365079365079365,2.4756423214339677e-05,DYNAMIC,GENERATED,,2026-06-16T20:43:09.099920,,,,,0.0,0.0
SIG_20260616_204409_EURJPY,EURJPY,0.5119047619047619,0.7063492063492064,1.1732058050426285e-05,DYNAMIC,GENERATED,,2026-06-16T20:44:09.950941,,,,,0.0,0.0
SIG_20260616_204410_USDJPY,USDJPY,0.7956349206349206,0.9900793650793651,1.3108051766774065e-05,DYNAMIC,BLOCKED_POSITION_EXISTS,,2026-06-16T20:44:10.019387,2026-06-16T20:44:10.128713,,,,0.0,0.0
SIG_20260616_204410_GBPJPY,GBPJPY,0.7777777777777778,0.8293650793650794,2.1343524456827253e-05,DYNAMIC,BLOCKED_POSITION_EXISTS,,2026-06-16T20:44:10.266198,2026-06-16T20:44:10.369691,,,,0.0,0.0
SIG_20260616_204410_XAUUSD,XAUUSD,0.7738095238095238,0.10119047619047619,0.0005679236721956782,DYNAMIC,GENERATED,,2026-06-16T20:44:10.508959,,,,,0.0,0.0
SIG_20260616_204410_EURUSD,EURUSD,0.6428571428571429,0.9365079365079365,2.4723740237976967e-05,DYNAMIC,GENERATED,,2026-06-16T20:44:10.575865,,,,,0.0,0.0
SIG_20260616_204511_EURJPY,EURJPY,0.5119047619047619,0.7063492063492064,1.173064408399279e-05,DYNAMIC,GENERATED,,2026-06-16T20:45:11.252645,,,,,0.0,0.0
SIG_20260616_204511_USDJPY,USDJPY,0.7956349206349206,0.9900793650793651,1.3132293544753347e-05,DYNAMIC,BLOCKED_POSITION_EXISTS,,2026-06-16T20:45:11.328203,2026-06-16T20:45:11.431244,,,,0.0,0.0
SIG_20260616_204511_GBPJPY,GBPJPY,0.7777777777777778,0.8293650793650794,2.1319912308513027e-05,DYNAMIC,BLOCKED_POSITION_EXISTS,,2026-06-16T20:45:11.544878,2026-06-16T20:45:11.643797,,,,0.0,0.0
SIG_20260616_204511_XAUUSD,XAUUSD,0.7738095238095238,0.10119047619047619,0.0005677299412070909,DYNAMIC,GENERATED,,2026-06-16T20:45:11.766130,,,,,0.0,0.0
SIG_20260616_204511_EURUSD,EURUSD,0.6428571428571429,0.9365079365079365,2.4748029471462327e-05,DYNAMIC,GENERATED,,2026-06-16T20:45:11.844950,,,,,0.0,0.0
SIG_20260616_204612_EURJPY,EURJPY,0.5099206349206349,0.7063492063492064,1.1723372453529196e-05,DYNAMIC,GENERATED,,2026-06-16T20:46:12.593111,,,,,0.0,0.0
SIG_20260616_204612_USDJPY,USDJPY,0.7956349206349206,0.9900793650793651,1.3104283288188875e-05,DYNAMIC,BLOCKED_POSITION_EXISTS,,2026-06-16T20:46:12.660335,2026-06-16T20:46:12.769433,,,,0.0,0.0
SIG_20260616_204612_GBPJPY,GBPJPY,0.7777777777777778,0.8293650793650794,2.1308010316717417e-05,DYNAMIC,BLOCKED_POSITION_EXISTS,,2026-06-16T20:46:12.908233,2026-06-16T20:46:13.018173,,,,0.0,0.0
SIG_20260616_204613_XAUUSD,XAUUSD,0.7757936507936508,0.10119047619047619,0.0005683516669076853,DYNAMIC,GENERATED,,2026-06-16T20:46:13.133993,,,,,0.0,0.0
SIG_20260616_204613_EURUSD,EURUSD,0.6428571428571429,0.9365079365079365,2.4686231268715713e-05,DYNAMIC,GENERATED,,2026-06-16T20:46:13.198141,,,,,0.0,0.0
SIG_20260616_204714_EURJPY,EURJPY,0.5099206349206349,0.7063492063492064,1.1720515847385345e-05,DYNAMIC,GENERATED,,2026-06-16T20:47:14.016196,,,,,0.0,0.0
SIG_20260616_204714_USDJPY,USDJPY,0.7956349206349206,0.9900793650793651,1.3067956304923368e-05,DYNAMIC,BLOCKED_POSITION_EXISTS,,2026-06-16T20:47:14.093949,2026-06-16T20:47:14.228989,,,,0.0,0.0
SIG_20260616_204714_GBPJPY,GBPJPY,0.7777777777777778,0.8293650793650794,2.130663044773383e-05,DYNAMIC,BLOCKED_POSITION_EXISTS,,2026-06-16T20:47:14.357047,2026-06-16T20:47:14.461758,,,,0.0,0.0
SIG_20260616_204714_XAUUSD,XAUUSD,0.7757936507936508,0.10119047619047619,0.0005682772876225593,DYNAMIC,GENERATED,,2026-06-16T20:47:14.596443,,,,,0.0,0.0
SIG_20260616_204714_EURUSD,EURUSD,0.6329365079365079,0.9365079365079365,2.462236067543778e-05,DYNAMIC,GENERATED,,2026-06-16T20:47:14.666662,,,,,0.0,0.0
SIG_20260616_204815_EURJPY,EURJPY,0.5099206349206349,0.7063492063492064,1.1718178680482735e-05,DYNAMIC,GENERATED,,2026-06-16T20:48:15.750893,,,,,0.0,0.0
SIG_20260616_204815_USDJPY,USDJPY,0.7956349206349206,0.9900793650793651,1.3096979330727324e-05,DYNAMIC,BLOCKED_POSITION_EXISTS,,2026-06-16T20:48:15.880921,2026-06-16T20:48:16.091550,,,,0.0,0.0
SIG_20260616_204816_GBPJPY,GBPJPY,0.7777777777777778,0.8293650793650794,2.1316354548663226e-05,DYNAMIC,BLOCKED_POSITION_EXISTS,,2026-06-16T20:48:16.352590,2026-06-16T20:48:16.551306,,,,0.0,0.0
SIG_20260616_204816_XAUUSD,XAUUSD,0.7738095238095238,0.10119047619047619,0.0005678866049845634,DYNAMIC,GENERATED,,2026-06-16T20:48:16.781860,,,,,0.0,0.0
SIG_20260616_204816_EURUSD,EURUSD,0.6349206349206349,0.9365079365079365,2.4628078974741252e-05,DYNAMIC,GENERATED,,2026-06-16T20:48:16.908576,,,,,0.0,0.0
SIG_20260616_204918_EURJPY,EURJPY,0.5099206349206349,0.7063492063492064,1.1718178680482735e-05,DYNAMIC,GENERATED,,2026-06-16T20:49:18.091589,,,,,0.0,0.0
SIG_20260616_204918_USDJPY,USDJPY,0.7956349206349206,0.9900793650793651,1.3096979330727324e-05,DYNAMIC,BLOCKED_POSITION_EXISTS,,2026-06-16T20:49:18.221444,2026-06-16T20:49:18.431881,,,,0.0,0.0
SIG_20260616_204918_GBPJPY,GBPJPY,0.7777777777777778,0.8293650793650794,2.1329723449241945e-05,DYNAMIC,BLOCKED_POSITION_EXISTS,,2026-06-16T20:49:18.656830,2026-06-16T20:49:18.848862,,,,0.0,0.0
SIG_20260616_204919_XAUUSD,XAUUSD,0.7757936507936508,0.10119047619047619,0.0005680500744820677,DYNAMIC,GENERATED,,2026-06-16T20:49:19.088573,,,,,0.0,0.0
SIG_20260616_204919_EURUSD,EURUSD,0.6408730158730159,0.9365079365079365,2.4652438241307563e-05,DYNAMIC,GENERATED,,2026-06-16T20:49:19.217545,,,,,0.0,0.0
SIG_20260616_205020_EURJPY,EURJPY,0.5099206349206349,0.7063492063492064,1.1720515847385345e-05,DYNAMIC,GENERATED,,2026-06-16T20:50:20.359515,,,,,0.0,0.0
SIG_20260616_205020_USDJPY,USDJPY,0.7956349206349206,0.9900793650793651,1.3086605915592632e-05,DYNAMIC,BLOCKED_POSITION_EXISTS,,2026-06-16T20:50:20.501890,2026-06-16T20:50:20.715818,,,,0.0,0.0
SIG_20260616_205020_GBPJPY,GBPJPY,0.7777777777777778,0.8293650793650794,2.132385827000128e-05,DYNAMIC,BLOCKED_POSITION_EXISTS,,2026-06-16T20:50:20.979371,2026-06-16T20:50:21.203421,,,,0.0,0.0
SIG_20260616_205021_XAUUSD,XAUUSD,0.7738095238095238,0.10119047619047619,0.0005678141998761961,DYNAMIC,GENERATED,,2026-06-16T20:50:21.458035,,,,,0.0,0.0
SIG_20260616_205021_EURUSD,EURUSD,0.6388888888888888,0.9365079365079365,2.4646125506579217e-05,DYNAMIC,GENERATED,,2026-06-16T20:50:21.599489,,,,,0.0,0.0
SIG_20260616_205122_EURJPY,EURJPY,0.5099206349206349,0.7063492063492064,1.1714283564118167e-05,DYNAMIC,GENERATED,,2026-06-16T20:51:22.812513,,,,,0.0,0.0
SIG_20260616_205122_USDJPY,USDJPY,0.7956349206349206,0.9900793650793651,1.3096979330727324e-05,DYNAMIC,BLOCKED_POSITION_EXISTS,,2026-06-16T20:51:22.955060,2026-06-16T20:51:23.160341,,,,0.0,0.0
SIG_20260616_205123_GBPJPY,GBPJPY,0.7777777777777778,0.8293650793650794,2.1318683255848914e-05,DYNAMIC,BLOCKED_POSITION_EXISTS,,2026-06-16T20:51:23.384573,2026-06-16T20:51:23.584153,,,,0.0,0.0
SIG_20260616_205123_XAUUSD,XAUUSD,0.7757936507936508,0.10119047619047619,0.0005681249532199072,DYNAMIC,GENERATED,,2026-06-16T20:51:23.833163,,,,,0.0,0.0
SIG_20260616_205123_EURUSD,EURUSD,0.6329365079365079,0.9365079365079365,2.4616790975386137e-05,DYNAMIC,GENERATED,,2026-06-16T20:51:23.959033,,,,,0.0,0.0
SIG_20260616_205225_EURJPY,EURJPY,0.5099206349206349,0.7063492063492064,1.1720515847385345e-05,DYNAMIC,GENERATED,,2026-06-16T20:52:25.098620,,,,,0.0,0.0
SIG_20260616_205225_USDJPY,USDJPY,0.7956349206349206,0.9900793650793651,1.3111897909992795e-05,DYNAMIC,BLOCKED_POSITION_EXISTS,,2026-06-16T20:52:25.231276,2026-06-16T20:52:25.433056,,,,0.0,0.0
SIG_20260616_205225_GBPJPY,GBPJPY,0.7777777777777778,0.8293650793650794,2.132819244935155e-05,DYNAMIC,BLOCKED_POSITION_EXISTS,,2026-06-16T20:52:25.675999,2026-06-16T20:52:25.922625,,,,0.0,0.0
SIG_20260616_205226_XAUUSD,XAUUSD,0.7738095238095238,0.10119047619047619,0.0005679155480822744,DYNAMIC,GENERATED,,2026-06-16T20:52:26.156737,,,,,0.0,0.0
SIG_20260616_205226_EURUSD,EURUSD,0.6428571428571429,0.9365079365079365,2.4679175403256913e-05,DYNAMIC,GENERATED,,2026-06-16T20:52:26.300658,,,,,0.0,0.0
SIG_20260616_205327_EURJPY,EURJPY,0.5099206349206349,0.7063492063492064,1.1720515847385345e-05,DYNAMIC,GENERATED,,2026-06-16T20:53:27.465334,,,,,0.0,0.0
SIG_20260616_205327_USDJPY,USDJPY,0.7956349206349206,0.9900793650793651,1.3111897909992795e-05,DYNAMIC,BLOCKED_POSITION_EXISTS,,2026-06-16T20:53:27.605826,2026-06-16T20:53:27.845844,,,,0.0,0.0
SIG_20260616_205328_GBPJPY,GBPJPY,0.7777777777777778,0.8293650793650794,2.133291486278906e-05,DYNAMIC,BLOCKED_POSITION_EXISTS,,2026-06-16T20:53:28.098574,2026-06-16T20:53:28.320716,,,,0.0,0.0
SIG_20260616_205328_XAUUSD,XAUUSD,0.7738095238095238,0.10119047619047619,0.0005677302139480362,DYNAMIC,GENERATED,,2026-06-16T20:53:28.588768,,,,,0.0,0.0
SIG_20260616_205328_EURUSD,EURUSD,0.6428571428571429,0.9365079365079365,2.4679175403256913e-05,DYNAMIC,GENERATED,,2026-06-16T20:53:28.731004,,,,,0.0,0.0
SIG_20260616_205429_EURJPY,EURJPY,0.5099206349206349,0.7063492063492064,1.1715062497012806e-05,DYNAMIC,GENERATED,,2026-06-16T20:54:29.912059,,,,,0.0,0.0
SIG_20260616_205430_USDJPY,USDJPY,0.7956349206349206,0.9900793650793651,1.3128059100152642e-05,DYNAMIC,BLOCKED_POSITION_EXISTS,,2026-06-16T20:54:30.057023,2026-06-16T20:54:30.278345,,,,0.0,0.0
SIG_20260616_205430_GBPJPY,GBPJPY,0.7777777777777778,0.8293650793650794,2.1329723449241945e-05,DYNAMIC,BLOCKED_POSITION_EXISTS,,2026-06-16T20:54:30.524889,2026-06-16T20:54:30.743942,,,,0.0,0.0
SIG_20260616_205430_XAUUSD,XAUUSD,0.7757936507936508,0.10119047619047619,0.0005680478144791442,DYNAMIC,GENERATED,,2026-06-16T20:54:30.982363,,,,,0.0,0.0
SIG_20260616_205431_EURUSD,EURUSD,0.6329365079365079,0.9365079365079365,2.4616790975386137e-05,DYNAMIC,GENERATED,,2026-06-16T20:54:31.123328,,,,,0.0,0.0
SIG_20260616_205532_EURJPY,EURJPY,0.5099206349206349,0.7063492063492064,1.1721409063242147e-05,DYNAMIC,GENERATED,,2026-06-16T20:55:32.303194,,,,,0.0,0.0
SIG_20260616_205532_USDJPY,USDJPY,0.7956349206349206,0.9900793650793651,1.3115821716391923e-05,DYNAMIC,BLOCKED_POSITION_EXISTS,,2026-06-16T20:55:32.446986,2026-06-16T20:55:32.670840,,,,0.0,0.0
SIG_20260616_205532_GBPJPY,GBPJPY,0.7777777777777778,0.8293650793650794,2.1312214710038894e-05,DYNAMIC,BLOCKED_POSITION_EXISTS,,2026-06-16T20:55:32.924642,2026-06-16T20:55:33.141788,,,,0.0,0.0
SIG_20260616_205533_XAUUSD,XAUUSD,0.7738095238095238,0.10119047619047619,0.0005677520661769289,DYNAMIC,GENERATED,,2026-06-16T20:55:33.394556,,,,,0.0,0.0
SIG_20260616_205533_EURUSD,EURUSD,0.6309523809523809,0.9305555555555556,2.4573350007435588e-05,DYNAMIC,GENERATED,,2026-06-16T20:55:33.531844,,,,,0.0,0.0
SIG_20260616_205634_EURJPY,EURJPY,0.5119047619047619,0.7063492063492064,1.1733524294274138e-05,DYNAMIC,GENERATED,,2026-06-16T20:56:34.656735,,,,,0.0,0.0
SIG_20260616_205634_USDJPY,USDJPY,0.7956349206349206,0.9900793650793651,1.3119823184519472e-05,DYNAMIC,BLOCKED_POSITION_EXISTS,,2026-06-16T20:56:34.790519,2026-06-16T20:56:34.992723,,,,0.0,0.0
SIG_20260616_205635_GBPJPY,GBPJPY,0.7777777777777778,0.8293650793650794,2.1302318487932323e-05,DYNAMIC,BLOCKED_POSITION_EXISTS,,2026-06-16T20:56:35.236599,2026-06-16T20:56:35.453390,,,,0.0,0.0
SIG_20260616_205635_XAUUSD,XAUUSD,0.7738095238095238,0.10119047619047619,0.0005677427794619607,DYNAMIC,GENERATED,,2026-06-16T20:56:35.689688,,,,,0.0,0.0
SIG_20260616_205635_EURUSD,EURUSD,0.628968253968254,0.9305555555555556,2.4551074772860852e-05,DYNAMIC,GENERATED,,2026-06-16T20:56:35.827102,,,,,0.0,0.0
SIG_20260616_205736_EURJPY,EURJPY,0.5119047619047619,0.7063492063492064,1.1738283614268858e-05,DYNAMIC,GENERATED,,2026-06-16T20:57:36.969334,,,,,0.0,0.0
SIG_20260616_205737_USDJPY,USDJPY,0.7956349206349206,0.9900793650793651,1.3123902312924061e-05,DYNAMIC,BLOCKED_POSITION_EXISTS,,2026-06-16T20:57:37.115133,2026-06-16T20:57:37.335412,,,,0.0,0.0
SIG_20260616_205737_GBPJPY,GBPJPY,0.7777777777777778,0.8293650793650794,2.1303159213038907e-05,DYNAMIC,BLOCKED_POSITION_EXISTS,,2026-06-16T20:57:37.586979,2026-06-16T20:57:37.808163,,,,0.0,0.0
SIG_20260616_205738_XAUUSD,XAUUSD,0.7738095238095238,0.10119047619047619,0.0005677583033222664,DYNAMIC,GENERATED,,2026-06-16T20:57:38.066205,,,,,0.0,0.0
SIG_20260616_205738_EURUSD,EURUSD,0.628968253968254,0.9305555555555556,2.4551074772860852e-05,DYNAMIC,GENERATED,,2026-06-16T20:57:38.198730,,,,,0.0,0.0
SIG_20260616_205839_EURJPY,EURJPY,0.5099206349206349,0.7063492063492064,1.1717514638931768e-05,DYNAMIC,GENERATED,,2026-06-16T20:58:39.261773,,,,,0.0,0.0
SIG_20260616_205839_USDJPY,USDJPY,0.7956349206349206,0.9900793650793651,1.3111897909992795e-05,DYNAMIC,BLOCKED_POSITION_EXISTS,,2026-06-16T20:58:39.419320,2026-06-16T20:58:39.614618,,,,0.0,0.0
SIG_20260616_205839_GBPJPY,GBPJPY,0.7777777777777778,0.8293650793650794,2.1306005201198754e-05,DYNAMIC,BLOCKED_POSITION_EXISTS,,2026-06-16T20:58:39.826960,2026-06-16T20:58:40.031464,,,,0.0,0.0
SIG_20260616_205840_XAUUSD,XAUUSD,0.7738095238095238,0.10119047619047619,0.0005677389198867171,DYNAMIC,GENERATED,,2026-06-16T20:58:40.273998,,,,,0.0,0.0
SIG_20260616_205840_EURUSD,EURUSD,0.6309523809523809,0.9305555555555556,2.4581963531399335e-05,DYNAMIC,GENERATED,,2026-06-16T20:58:40.407511,,,,,0.0,0.0
SIG_20260616_205941_EURJPY,EURJPY,0.5099206349206349,0.7063492063492064,1.1716360927710185e-05,DYNAMIC,GENERATED,,2026-06-16T20:59:41.435309,,,,,0.0,0.0
SIG_20260616_205941_USDJPY,USDJPY,0.7956349206349206,0.9900793650793651,1.3115821716391923e-05,DYNAMIC,BLOCKED_POSITION_EXISTS,,2026-06-16T20:59:41.583582,2026-06-16T20:59:41.807204,,,,0.0,0.0
SIG_20260616_205942_GBPJPY,GBPJPY,0.7777777777777778,0.8293650793650794,2.132385827000128e-05,DYNAMIC,BLOCKED_POSITION_EXISTS,,2026-06-16T20:59:42.090424,2026-06-16T20:59:42.301483,,,,0.0,0.0
SIG_20260616_205942_XAUUSD,XAUUSD,0.7738095238095238,0.10119047619047619,0.0005678811048207034,DYNAMIC,GENERATED,,2026-06-16T20:59:42.550754,,,,,0.0,0.0
SIG_20260616_205942_EURUSD,EURUSD,0.6408730158730159,0.9365079365079365,2.4652438241307563e-05,DYNAMIC,GENERATED,,2026-06-16T20:59:42.690303,,,,,0.0,0.0
SIG_20260616_210043_EURJPY,EURJPY,0.5099206349206349,0.7063492063492064,1.1722362534459898e-05,DYNAMIC,GENERATED,,2026-06-16T21:00:43.896689,,,,,0.0,0.0
SIG_20260616_210044_USDJPY,USDJPY,0.7956349206349206,0.9900793650793651,1.3140995400263218e-05,DYNAMIC,BLOCKED_POSITION_EXISTS,,2026-06-16T21:00:44.050331,2026-06-16T21:00:44.288580,,,,0.0,0.0
SIG_20260616_210044_GBPJPY,GBPJPY,0.7777777777777778,0.8293650793650794,2.132525986033208e-05,DYNAMIC,BLOCKED_POSITION_EXISTS,,2026-06-16T21:00:44.542283,2026-06-16T21:00:44.757718,,,,0.0,0.0
SIG_20260616_210045_XAUUSD,XAUUSD,0.7738095238095238,0.10119047619047619,0.0005678088111104847,DYNAMIC,GENERATED,,2026-06-16T21:00:45.017051,,,,,0.0,0.0
SIG_20260616_210045_EURUSD,EURUSD,0.6428571428571429,0.9365079365079365,2.473168798712447e-05,DYNAMIC,GENERATED,,2026-06-16T21:00:45.160012,,,,,0.0,0.0
SIG_20260616_210146_EURJPY,EURJPY,0.5099206349206349,0.7063492063492064,1.1715870272456616e-05,DYNAMIC,GENERATED,,2026-06-16T21:01:46.326064,,,,,0.0,0.0
SIG_20260616_210146_USDJPY,USDJPY,0.7956349206349206,0.9900793650793651,1.3096979330727324e-05,DYNAMIC,BLOCKED_POSITION_EXISTS,,2026-06-16T21:01:46.447925,2026-06-16T21:01:46.650495,,,,0.0,0.0
SIG_20260616_210146_GBPJPY,GBPJPY,0.7777777777777778,0.8293650793650794,2.1319912308513027e-05,DYNAMIC,BLOCKED_POSITION_EXISTS,,2026-06-16T21:01:46.870410,2026-06-16T21:01:47.069495,,,,0.0,0.0
SIG_20260616_210147_XAUUSD,XAUUSD,0.7738095238095238,0.10119047619047619,0.0005679806448695198,DYNAMIC,GENERATED,,2026-06-16T21:01:47.302805,,,,,0.0,0.0
SIG_20260616_210147_EURUSD,EURUSD,0.6309523809523809,0.9305555555555556,2.4577582487076387e-05,DYNAMIC,GENERATED,,2026-06-16T21:01:47.469549,,,,,0.0,0.0
SIG_20260616_210248_EURJPY,EURJPY,0.5099206349206349,0.7063492063492064,1.1718178144920878e-05,DYNAMIC,GENERATED,,2026-06-16T21:02:48.622589,,,,,0.0,0.0
SIG_20260616_210248_USDJPY,USDJPY,0.7956349206349206,0.9900793650793651,1.3070870376684444e-05,DYNAMIC,BLOCKED_POSITION_EXISTS,,2026-06-16T21:02:48.761745,2026-06-16T21:02:48.978632,,,,0.0,0.0
SIG_20260616_210249_GBPJPY,GBPJPY,0.7777777777777778,0.8293650793650794,2.130729881937314e-05,DYNAMIC,BLOCKED_POSITION_EXISTS,,2026-06-16T21:02:49.226611,2026-06-16T21:02:49.449639,,,,0.0,0.0
SIG_20260616_210249_XAUUSD,XAUUSD,0.7757936507936508,0.10119047619047619,0.0005680118387961239,DYNAMIC,GENERATED,,2026-06-16T21:02:49.688209,,,,,0.0,0.0
SIG_20260616_210249_EURUSD,EURUSD,0.628968253968254,0.9305555555555556,2.454788213846978e-05,DYNAMIC,GENERATED,,2026-06-16T21:02:49.823480,,,,,0.0,0.0
SIG_20260616_210351_EURJPY,EURJPY,0.5119047619047619,0.7063492063492064,1.173663949846556e-05,DYNAMIC,GENERATED,,2026-06-16T21:03:51.052048,,,,,0.0,0.0
SIG_20260616_210351_USDJPY,USDJPY,0.7936507936507936,0.9900793650793651,1.3041028851317032e-05,DYNAMIC,BLOCKED_POSITION_EXISTS,,2026-06-16T21:03:51.190892,2026-06-16T21:03:51.421178,,,,0.0,0.0
SIG_20260616_210351_GBPJPY,GBPJPY,0.7777777777777778,0.8293650793650794,2.130231851295617e-05,DYNAMIC,BLOCKED_POSITION_EXISTS,,2026-06-16T21:03:51.690167,2026-06-16T21:03:51.899630,,,,0.0,0.0
SIG_20260616_210352_XAUUSD,XAUUSD,0.7757936507936508,0.10119047619047619,0.0005681133689224493,DYNAMIC,GENERATED,,2026-06-16T21:03:52.142759,,,,,0.0,0.0
SIG_20260616_210352_EURUSD,EURUSD,0.626984126984127,0.9365079365079365,2.4515439161400027e-05,DYNAMIC,GENERATED,,2026-06-16T21:03:52.286378,,,,,0.0,0.0
SIG_20260616_210453_EURJPY,EURJPY,0.5119047619047619,0.7063492063492064,1.1741744868643472e-05,DYNAMIC,GENERATED,,2026-06-16T21:04:53.519912,,,,,0.0,0.0
SIG_20260616_210453_USDJPY,USDJPY,0.7936507936507936,0.9900793650793651,1.3049732981711856e-05,DYNAMIC,BLOCKED_POSITION_EXISTS,,2026-06-16T21:04:53.672825,2026-06-16T21:04:53.899724,,,,0.0,0.0
SIG_20260616_210454_GBPJPY,GBPJPY,0.7777777777777778,0.8293650793650794,2.1304884081038233e-05,DYNAMIC,BLOCKED_POSITION_EXISTS,,2026-06-16T21:04:54.148209,2026-06-16T21:04:54.365339,,,,0.0,0.0
SIG_20260616_210454_XAUUSD,XAUUSD,0.7738095238095238,0.10119047619047619,0.0005679829803213717,DYNAMIC,GENERATED,,2026-06-16T21:04:54.628581,,,,,0.0,0.0
SIG_20260616_210454_EURUSD,EURUSD,0.626984126984127,0.9365079365079365,2.4515439161400027e-05,DYNAMIC,GENERATED,,2026-06-16T21:04:54.758838,,,,,0.0,0.0
SIG_20260616_210556_EURJPY,EURJPY,0.5138888888888888,0.7063492063492064,1.1753512747011063e-05,DYNAMIC,GENERATED,,2026-06-16T21:05:56.095668,,,,,0.0,0.0
SIG_20260616_210556_USDJPY,USDJPY,0.7936507936507936,0.9900793650793651,1.3028788053785406e-05,DYNAMIC,BLOCKED_POSITION_EXISTS,,2026-06-16T21:05:56.490265,2026-06-16T21:05:57.752193,,,,0.0,0.0
SIG_20260616_210558_GBPJPY,GBPJPY,0.7777777777777778,0.8293650793650794,2.1302835927911263e-05,DYNAMIC,BLOCKED_POSITION_EXISTS,,2026-06-16T21:05:58.662656,2026-06-16T21:05:59.418699,,,,0.0,0.0
SIG_20260616_210600_XAUUSD,XAUUSD,0.7757936507936508,0.10119047619047619,0.000568714523284072,DYNAMIC,GENERATED,,2026-06-16T21:06:00.332810,,,,,0.0,0.0
SIG_20260616_210600_EURUSD,EURUSD,0.626984126984127,0.9365079365079365,2.4521154144418805e-05,DYNAMIC,GENERATED,,2026-06-16T21:06:00.834381,,,,,0.0,0.0
SIG_20260616_210703_EURJPY,EURJPY,0.5138888888888888,0.7063492063492064,1.1755675900455517e-05,DYNAMIC,GENERATED,,2026-06-16T21:07:03.756256,,,,,0.0,0.0
SIG_20260616_210704_USDJPY,USDJPY,0.7936507936507936,0.9900793650793651,1.3028788053785406e-05,DYNAMIC,BLOCKED_POSITION_EXISTS,,2026-06-16T21:07:04.090876,2026-06-16T21:07:05.236468,,,,0.0,0.0
SIG_20260616_210706_GBPJPY,GBPJPY,0.7777777777777778,0.8293650793650794,2.1301973568985756e-05,DYNAMIC,BLOCKED_POSITION_EXISTS,,2026-06-16T21:07:06.022321,2026-06-16T21:07:07.150795,,,,0.0,0.0
SIG_20260616_210708_XAUUSD,XAUUSD,0.7738095238095238,0.10119047619047619,0.0005679760060074068,DYNAMIC,GENERATED,,2026-06-16T21:07:08.004267,,,,,0.0,0.0
SIG_20260616_210708_EURUSD,EURUSD,0.626984126984127,0.9365079365079365,2.4521154144418805e-05,DYNAMIC,GENERATED,,2026-06-16T21:07:08.718016,,,,,0.0,0.0
SIG_20260616_210811_EURJPY,EURJPY,0.5119047619047619,0.7063492063492064,1.1729284070463749e-05,DYNAMIC,GENERATED,,2026-06-16T21:08:11.943515,,,,,0.0,0.0
SIG_20260616_210812_USDJPY,USDJPY,0.7936507936507936,0.9900793650793651,1.3031896905223788e-05,DYNAMIC,BLOCKED_POSITION_EXISTS,,2026-06-16T21:08:12.358623,2026-06-16T21:08:13.191608,,,,0.0,0.0
SIG_20260616_210814_GBPJPY,GBPJPY,0.7777777777777778,0.8293650793650794,2.1301973568985756e-05,DYNAMIC,BLOCKED_POSITION_EXISTS,,2026-06-16T21:08:14.158975,2026-06-16T21:08:15.063922,,,,0.0,0.0
SIG_20260616_210815_XAUUSD,XAUUSD,0.7738095238095238,0.10119047619047619,0.0005678757008134054,DYNAMIC,GENERATED,,2026-06-16T21:08:15.475533,,,,,0.0,0.0
SIG_20260616_210815_EURUSD,EURUSD,0.626984126984127,0.9365079365079365,2.4515810306946723e-05,DYNAMIC,GENERATED,,2026-06-16T21:08:15.790351,,,,,0.0,0.0
SIG_20260616_210917_EURJPY,EURJPY,0.5119047619047619,0.7063492063492064,1.1735053058157797e-05,DYNAMIC,GENERATED,,2026-06-16T21:09:17.831847,,,,,0.0,0.0
SIG_20260616_210917_USDJPY,USDJPY,0.7936507936507936,0.9900793650793651,1.3033567889634849e-05,DYNAMIC,BLOCKED_POSITION_EXISTS,,2026-06-16T21:09:17.988021,2026-06-16T21:09:18.276904,,,,0.0,0.0
SIG_20260616_210918_GBPJPY,GBPJPY,0.7777777777777778,0.8293650793650794,2.1301865782252875e-05,DYNAMIC,BLOCKED_POSITION_EXISTS,,2026-06-16T21:09:18.554865,2026-06-16T21:09:18.811054,,,,0.0,0.0
SIG_20260616_210919_XAUUSD,XAUUSD,0.7738095238095238,0.10119047619047619,0.0005677343223652997,DYNAMIC,GENERATED,,2026-06-16T21:09:19.122837,,,,,0.0,0.0
SIG_20260616_210919_EURUSD,EURUSD,0.626984126984127,0.9424603174603174,2.4515142249567233e-05,DYNAMIC,GENERATED,,2026-06-16T21:09:19.271305,,,,,0.0,0.0
SIG_20260616_211021_EURJPY,EURJPY,0.5138888888888888,0.7063492063492064,1.1753512747011063e-05,DYNAMIC,GENERATED,,2026-06-16T21:10:21.322295,,,,,0.0,0.0
SIG_20260616_211021_USDJPY,USDJPY,0.7936507936507936,0.9900793650793651,1.3062361209042485e-05,DYNAMIC,BLOCKED_POSITION_EXISTS,,2026-06-16T21:10:21.573460,2026-06-16T21:10:22.247225,,,,0.0,0.0
SIG_20260616_211022_GBPJPY,GBPJPY,0.7777777777777778,0.8293650793650794,2.1303525678122176e-05,DYNAMIC,BLOCKED_POSITION_EXISTS,,2026-06-16T21:10:22.636906,2026-06-16T21:10:23.406357,,,,0.0,0.0
SIG_20260616_211023_XAUUSD,XAUUSD,0.7738095238095238,0.10119047619047619,0.0005678517535749128,DYNAMIC,GENERATED,,2026-06-16T21:10:23.710749,,,,,0.0,0.0
SIG_20260616_211024_EURUSD,EURUSD,0.626984126984127,0.9424603174603174,2.451632991736332e-05,DYNAMIC,GENERATED,,2026-06-16T21:10:24.522469,,,,,0.0,0.0
SIG_20260616_211127_EURJPY,EURJPY,0.5119047619047619,0.7063492063492064,1.173063979949783e-05,DYNAMIC,GENERATED,,2026-06-16T21:11:27.268010,,,,,0.0,0.0
SIG_20260616_211127_USDJPY,USDJPY,0.7936507936507936,0.9900793650793651,1.3062361209042485e-05,DYNAMIC,BLOCKED_POSITION_EXISTS,,2026-06-16T21:11:27.737056,2026-06-16T21:11:28.734385,,,,0.0,0.0
SIG_20260616_211129_GBPJPY,GBPJPY,0.7777777777777778,0.7797619047619048,2.1301779549263186e-05,DYNAMIC,BLOCKED_POSITION_EXISTS,,2026-06-16T21:11:29.639383,2026-06-16T21:11:30.176196,,,,0.0,0.0
SIG_20260616_211130_XAUUSD,XAUUSD,0.7738095238095238,0.10119047619047619,0.0005678359306313914,DYNAMIC,GENERATED,,2026-06-16T21:11:30.691971,,,,,0.0,0.0
SIG_20260616_211131_EURUSD,EURUSD,0.626984126984127,0.9424603174603174,2.4525831996528326e-05,DYNAMIC,GENERATED,,2026-06-16T21:11:31.224875,,,,,0.0,0.0
SIG_20260616_211234_EURJPY,EURJPY,0.5099206349206349,0.7063492063492064,1.1718178144920878e-05,DYNAMIC,GENERATED,,2026-06-16T21:12:34.180416,,,,,0.0,0.0
SIG_20260616_211234_USDJPY,USDJPY,0.7956349206349206,0.9920634920634921,1.3076931560585054e-05,DYNAMIC,BLOCKED_POSITION_EXISTS,,2026-06-16T21:12:34.560340,2026-06-16T21:12:35.560109,,,,0.0,0.0
SIG_20260616_211236_GBPJPY,GBPJPY,0.7777777777777778,0.8293650793650794,2.1309562690923677e-05,DYNAMIC,BLOCKED_POSITION_EXISTS,,2026-06-16T21:12:36.225217,2026-06-16T21:12:36.878294,,,,0.0,0.0
SIG_20260616_211237_XAUUSD,XAUUSD,0.7738095238095238,0.10119047619047619,0.0005679404331744974,DYNAMIC,GENERATED,,2026-06-16T21:12:37.847815,,,,,0.0,0.0
SIG_20260616_211238_EURUSD,EURUSD,0.628968253968254,0.9424603174603174,2.45544159450535e-05,DYNAMIC,GENERATED,,2026-06-16T21:12:38.184244,,,,,0.0,0.0
SIG_20260616_211340_EURJPY,EURJPY,0.5099206349206349,0.7063492063492064,1.1717514638931768e-05,DYNAMIC,GENERATED,,2026-06-16T21:13:40.582752,,,,,0.0,0.0
SIG_20260616_211340_USDJPY,USDJPY,0.7936507936507936,0.9920634920634921,1.3039047060197205e-05,DYNAMIC,BLOCKED_POSITION_EXISTS,,2026-06-16T21:13:40.984077,2026-06-16T21:13:41.724856,,,,0.0,0.0
SIG_20260616_211342_GBPJPY,GBPJPY,0.7777777777777778,0.8293650793650794,2.1305423079167132e-05,DYNAMIC,BLOCKED_POSITION_EXISTS,,2026-06-16T21:13:42.116558,2026-06-16T21:13:42.666318,,,,0.0,0.0
SIG_20260616_211342_XAUUSD,XAUUSD,0.7738095238095238,0.10119047619047619,0.0005678651812765015,DYNAMIC,GENERATED,,2026-06-16T21:13:42.961221,,,,,0.0,0.0
SIG_20260616_211343_EURUSD,EURUSD,0.626984126984127,0.9424603174603174,2.452412452899524e-05,DYNAMIC,GENERATED,,2026-06-16T21:13:43.248658,,,,,0.0,0.0
SIG_20260616_211446_EURJPY,EURJPY,0.5119047619047619,0.7063492063492064,1.1743562005356355e-05,DYNAMIC,GENERATED,,2026-06-16T21:14:46.019254,,,,,0.0,0.0
SIG_20260616_211446_USDJPY,USDJPY,0.7936507936507936,0.9920634920634921,1.3059680187828558e-05,DYNAMIC,BLOCKED_POSITION_EXISTS,,2026-06-16T21:14:46.692572,2026-06-16T21:14:47.334880,,,,0.0,0.0
SIG_20260616_211447_GBPJPY,GBPJPY,0.7777777777777778,0.8293650793650794,2.1305423079167132e-05,DYNAMIC,BLOCKED_POSITION_EXISTS,,2026-06-16T21:14:47.610724,2026-06-16T21:14:48.065166,,,,0.0,0.0
SIG_20260616_211448_XAUUSD,XAUUSD,0.7757936507936508,0.10119047619047619,0.0005681337535458049,DYNAMIC,GENERATED,,2026-06-16T21:14:48.771422,,,,,0.0,0.0
SIG_20260616_211449_EURUSD,EURUSD,0.626984126984127,0.9424603174603174,2.4517814548156026e-05,DYNAMIC,GENERATED,,2026-06-16T21:14:49.110347,,,,,0.0,0.0
SIG_20260616_211551_EURJPY,EURJPY,0.5099206349206349,0.7063492063492064,1.1726745653750295e-05,DYNAMIC,GENERATED,,2026-06-16T21:15:51.415583,,,,,0.0,0.0
SIG_20260616_211551_USDJPY,USDJPY,0.7956349206349206,0.9920634920634921,1.3108051766774065e-05,DYNAMIC,BLOCKED_POSITION_EXISTS,,2026-06-16T21:15:51.729322,2026-06-16T21:15:52.509471,,,,0.0,0.0
SIG_20260616_211553_GBPJPY,GBPJPY,0.7777777777777778,0.8293650793650794,2.1309562690923677e-05,DYNAMIC,BLOCKED_POSITION_EXISTS,,2026-06-16T21:15:53.292393,2026-06-16T21:15:53.574650,,,,0.0,0.0
SIG_20260616_211553_XAUUSD,XAUUSD,0.7738095238095238,0.10119047619047619,0.0005678422101598078,DYNAMIC,GENERATED,,2026-06-16T21:15:53.927036,,,,,0.0,0.0
SIG_20260616_211554_EURUSD,EURUSD,0.6309523809523809,0.9424603174603174,2.4557905658887486e-05,DYNAMIC,GENERATED,,2026-06-16T21:15:54.522289,,,,,0.0,0.0
SIG_20260616_211657_EURJPY,EURJPY,0.5099206349206349,0.7063492063492064,1.1720514801366144e-05,DYNAMIC,GENERATED,,2026-06-16T21:16:57.333610,,,,,0.0,0.0
SIG_20260616_211657_USDJPY,USDJPY,0.7956349206349206,0.9920634920634921,1.3111897909992795e-05,DYNAMIC,BLOCKED_POSITION_EXISTS,,2026-06-16T21:16:57.645950,2026-06-16T21:16:58.384004,,,,0.0,0.0
SIG_20260616_211658_GBPJPY,GBPJPY,0.7777777777777778,0.8293650793650794,2.1343524456827253e-05,DYNAMIC,BLOCKED_POSITION_EXISTS,,2026-06-16T21:16:58.793049,2026-06-16T21:16:59.208491,,,,0.0,0.0
SIG_20260616_211659_XAUUSD,XAUUSD,0.7738095238095238,0.10119047619047619,0.0005678758160279603,DYNAMIC,GENERATED,,2026-06-16T21:16:59.552505,,,,,0.0,0.0
SIG_20260616_211700_EURUSD,EURUSD,0.6309523809523809,0.9424603174603174,2.4577582487076387e-05,DYNAMIC,GENERATED,,2026-06-16T21:17:00.145492,,,,,0.0,0.0
SIG_20260616_211801_EURJPY,EURJPY,0.5099206349206349,0.7063492063492064,1.1721409063242147e-05,DYNAMIC,GENERATED,,2026-06-16T21:18:01.685404,,,,,0.0,0.0
SIG_20260616_211801_USDJPY,USDJPY,0.7956349206349206,0.9920634920634921,1.3104283288188875e-05,DYNAMIC,BLOCKED_POSITION_EXISTS,,2026-06-16T21:18:01.836409,2026-06-16T21:18:02.066276,,,,0.0,0.0
SIG_20260616_211802_GBPJPY,GBPJPY,0.7777777777777778,0.8293650793650794,2.131749733609917e-05,DYNAMIC,BLOCKED_POSITION_EXISTS,,2026-06-16T21:18:02.343885,2026-06-16T21:18:02.571607,,,,0.0,0.0
SIG_20260616_211802_XAUUSD,XAUUSD,0.7738095238095238,0.10119047619047619,0.0005678075366709716,DYNAMIC,GENERATED,,2026-06-16T21:18:02.834837,,,,,0.0,0.0
SIG_20260616_211802_EURUSD,EURUSD,0.6309523809523809,0.9424603174603174,2.4561543918202725e-05,DYNAMIC,GENERATED,,2026-06-16T21:18:02.984700,,,,,0.0,0.0
SIG_20260616_211904_EURJPY,EURJPY,0.5099206349206349,0.7063492063492064,1.17169088242383e-05,DYNAMIC,GENERATED,,2026-06-16T21:19:04.125591,,,,,0.0,0.0
SIG_20260616_211904_USDJPY,USDJPY,0.7956349206349206,0.9920634920634921,1.3096979330727324e-05,DYNAMIC,BLOCKED_POSITION_EXISTS,,2026-06-16T21:19:04.273081,2026-06-16T21:19:04.471680,,,,0.0,0.0
SIG_20260616_211904_GBPJPY,GBPJPY,0.7777777777777778,0.8293650793650794,2.1341648338336168e-05,DYNAMIC,BLOCKED_POSITION_EXISTS,,2026-06-16T21:19:04.697811,2026-06-16T21:19:04.887256,,,,0.0,0.0
SIG_20260616_211905_XAUUSD,XAUUSD,0.7738095238095238,0.10119047619047619,0.0005677351568184425,DYNAMIC,GENERATED,,2026-06-16T21:19:05.109666,,,,,0.0,0.0
SIG_20260616_211905_EURUSD,EURUSD,0.6309523809523809,0.9424603174603174,2.4577582487076387e-05,DYNAMIC,GENERATED,,2026-06-16T21:19:05.272139,,,,,0.0,0.0
SIG_20260616_212006_EURJPY,EURJPY,0.5138888888888888,0.7063492063492064,1.1745436813847724e-05,DYNAMIC,GENERATED,,2026-06-16T21:20:06.425879,,,,,0.0,0.0
SIG_20260616_212006_USDJPY,USDJPY,0.7956349206349206,0.996031746031746,1.3076931560585054e-05,DYNAMIC,BLOCKED_POSITION_EXISTS,,2026-06-16T21:20:06.582100,2026-06-16T21:20:06.833083,,,,0.0,0.0
SIG_20260616_212007_GBPJPY,GBPJPY,0.7777777777777778,0.8293650793650794,2.1308764940367335e-05,DYNAMIC,BLOCKED_POSITION_EXISTS,,2026-06-16T21:20:07.092080,2026-06-16T21:20:07.307073,,,,0.0,0.0
SIG_20260616_212007_XAUUSD,XAUUSD,0.7738095238095238,0.10119047619047619,0.0005677985465824646,DYNAMIC,GENERATED,,2026-06-16T21:20:07.579656,,,,,0.0,0.0
SIG_20260616_212007_EURUSD,EURUSD,0.626984126984127,0.9424603174603174,2.4519893084478956e-05,DYNAMIC,GENERATED,,2026-06-16T21:20:07.729465,,,,,0.0,0.0
SIG_20260616_212108_EURJPY,EURJPY,0.5158730158730159,0.7063492063492064,1.1775057033288277e-05,DYNAMIC,GENERATED,,2026-06-16T21:21:08.945126,,,,,0.0,0.0
SIG_20260616_212109_USDJPY,USDJPY,0.7916666666666666,0.996031746031746,1.301510820217065e-05,DYNAMIC,BLOCKED_POSITION_EXISTS,,2026-06-16T21:21:09.111023,2026-06-16T21:21:09.367884,,,,0.0,0.0
SIG_20260616_212109_GBPJPY,GBPJPY,0.7777777777777778,0.8293650793650794,2.130393545408596e-05,DYNAMIC,BLOCKED_POSITION_EXISTS,,2026-06-16T21:21:09.664752,2026-06-16T21:21:09.903033,,,,0.0,0.0
SIG_20260616_212110_XAUUSD,XAUUSD,0.7757936507936508,0.10119047619047619,0.0005687329794629272,DYNAMIC,GENERATED,,2026-06-16T21:21:10.150572,,,,,0.0,0.0
SIG_20260616_212110_EURUSD,EURUSD,0.6309523809523809,0.9424603174603174,2.4561523933849957e-05,DYNAMIC,GENERATED,,2026-06-16T21:21:10.299385,,,,,0.0,0.0
SIG_20260616_212211_EURJPY,EURJPY,0.5158730158730159,0.7063492063492064,1.1769865778873793e-05,DYNAMIC,GENERATED,,2026-06-16T21:22:11.512899,,,,,0.0,0.0
SIG_20260616_212211_USDJPY,USDJPY,0.7916666666666666,0.996031746031746,1.3027350189664602e-05,DYNAMIC,BLOCKED_POSITION_EXISTS,,2026-06-16T21:22:11.671891,2026-06-16T21:22:11.909684,,,,0.0,0.0
SIG_20260616_212212_GBPJPY,GBPJPY,0.7777777777777778,0.8511904761904762,2.1306005201198754e-05,DYNAMIC,BLOCKED_POSITION_EXISTS,,2026-06-16T21:22:12.187898,2026-06-16T21:22:12.432144,,,,0.0,0.0
SIG_20260616_212212_XAUUSD,XAUUSD,0.7757936507936508,0.10119047619047619,0.0005681699156883753,DYNAMIC,GENERATED,,2026-06-16T21:22:12.702680,,,,,0.0,0.0
SIG_20260616_212212_EURUSD,EURUSD,0.626984126984127,0.9424603174603174,2.4525829786418844e-05,DYNAMIC,GENERATED,,2026-06-16T21:22:12.850957,,,,,0.0,0.0
SIG_20260616_212314_EURJPY,EURJPY,0.5158730158730159,0.7063492063492064,1.1783276353370301e-05,DYNAMIC,GENERATED,,2026-06-16T21:23:14.042506,,,,,0.0,0.0
SIG_20260616_212314_USDJPY,USDJPY,0.7916666666666666,0.9920634920634921,1.3014758397455738e-05,DYNAMIC,BLOCKED_POSITION_EXISTS,,2026-06-16T21:23:14.205210,2026-06-16T21:23:14.462795,,,,0.0,0.0
SIG_20260616_212314_GBPJPY,GBPJPY,0.7777777777777778,0.8511904761904762,2.1303159213038907e-05,DYNAMIC,BLOCKED_POSITION_EXISTS,,2026-06-16T21:23:14.791374,2026-06-16T21:23:15.064661,,,,0.0,0.0
SIG_20260616_212315_XAUUSD,XAUUSD,0.7757936507936508,0.10119047619047619,0.0005704258552730879,DYNAMIC,GENERATED,,2026-06-16T21:23:15.360673,,,,,0.0,0.0
SIG_20260616_212315_EURUSD,EURUSD,0.6309523809523809,0.9424603174603174,2.4577551293579708e-05,DYNAMIC,GENERATED,,2026-06-16T21:23:15.520601,,,,,0.0,0.0
SIG_20260616_212416_EURJPY,EURJPY,0.5238095238095238,0.7063492063492064,1.1932293312280341e-05,DYNAMIC,GENERATED,,2026-06-16T21:24:16.756681,,,,,0.0,0.0
SIG_20260616_212416_USDJPY,USDJPY,0.7956349206349206,0.996031746031746,1.3108108783881314e-05,DYNAMIC,BLOCKED_POSITION_EXISTS,,2026-06-16T21:24:16.888389,2026-06-16T21:24:17.097173,,,,0.0,0.0
SIG_20260616_212417_GBPJPY,GBPJPY,0.7777777777777778,0.8511904761904762,2.1351438222595303e-05,DYNAMIC,BLOCKED_POSITION_EXISTS,,2026-06-16T21:24:17.346713,2026-06-16T21:24:17.560718,,,,0.0,0.0
SIG_20260616_212417_XAUUSD,XAUUSD,0.7777777777777778,0.10119047619047619,0.0005772007818452066,DYNAMIC,GENERATED,,2026-06-16T21:24:17.780892,,,,,0.0,0.0
SIG_20260616_212417_EURUSD,EURUSD,0.6507936507936508,0.9503968253968254,2.508951815494723e-05,DYNAMIC,GENERATED,,2026-06-16T21:24:17.908176,,,,,0.0,0.0
SIG_20260616_212519_EURJPY,EURJPY,0.5357142857142857,0.7996031746031746,1.2044146527380732e-05,DYNAMIC,GENERATED,,2026-06-16T21:25:19.027141,,,,,0.0,0.0
SIG_20260616_212519_USDJPY,USDJPY,0.7936507936507936,0.996031746031746,1.3059699236016729e-05,DYNAMIC,BLOCKED_POSITION_EXISTS,,2026-06-16T21:25:19.164182,2026-06-16T21:25:19.374453,,,,0.0,0.0
SIG_20260616_212519_GBPJPY,GBPJPY,0.7817460317460317,0.8511904761904762,2.1512972888618415e-05,DYNAMIC,BLOCKED_POSITION_EXISTS,,2026-06-16T21:25:19.611528,2026-06-16T21:25:19.806499,,,,0.0,0.0
SIG_20260616_212520_XAUUSD,XAUUSD,0.7797619047619048,0.1865079365079365,0.0005796072658738249,DYNAMIC,TRIGGERED,,2026-06-16T21:25:20.071858,2026-06-16T21:25:20.280431,,,,0.0,0.0
SIG_20260616_212520_EURUSD,EURUSD,0.6507936507936508,0.9503968253968254,2.514289925328113e-05,DYNAMIC,GENERATED,,2026-06-16T21:25:20.411830,,,,,0.0,0.0
SIG_20260616_212621_EURJPY,EURJPY,0.5297619047619048,0.7996031746031746,1.2019932378364506e-05,DYNAMIC,GENERATED,,2026-06-16T21:26:21.466954,,,,,0.0,0.0
SIG_20260616_212621_USDJPY,USDJPY,0.7936507936507936,0.996031746031746,1.3031901393450852e-05,DYNAMIC,BLOCKED_POSITION_EXISTS,,2026-06-16T21:26:21.578798,2026-06-16T21:26:21.738335,,,,0.0,0.0
SIG_20260616_212621_GBPJPY,GBPJPY,0.7817460317460317,0.8511904761904762,2.1567259420272324e-05,DYNAMIC,BLOCKED_POSITION_EXISTS,,2026-06-16T21:26:21.912867,2026-06-16T21:26:22.070602,,,,0.0,0.0
SIG_20260616_212622_XAUUSD,XAUUSD,0.7797619047619048,0.1865079365079365,0.0005791353972584672,DYNAMIC,GENERATED,,2026-06-16T21:26:22.228570,,,,,0.0,0.0
SIG_20260616_212622_EURUSD,EURUSD,0.6488095238095238,0.9503968253968254,2.5001803852795824e-05,DYNAMIC,GENERATED,,2026-06-16T21:26:22.320948,,,,,0.0,0.0
SIG_20260616_212723_EURJPY,EURJPY,0.625,0.7996031746031746,1.2193796966716494e-05,DYNAMIC,GENERATED,,2026-06-16T21:27:23.279775,,,,,0.0,0.0
SIG_20260616_212723_USDJPY,USDJPY,0.7936507936507936,0.996031746031746,1.3059699236016729e-05,DYNAMIC,BLOCKED_POSITION_EXISTS,,2026-06-16T21:27:23.447177,2026-06-16T21:27:23.691283,,,,0.0,0.0
SIG_20260616_212723_GBPJPY,GBPJPY,0.8015873015873016,0.8948412698412699,2.1939043860904147e-05,DYNAMIC,BLOCKED_POSITION_EXISTS,,2026-06-16T21:27:23.970319,2026-06-16T21:27:24.216293,,,,0.0,0.0
SIG_20260616_212724_XAUUSD,XAUUSD,0.7797619047619048,0.1865079365079365,0.0005829784539022921,DYNAMIC,GENERATED,,2026-06-16T21:27:24.497901,,,,,0.0,0.0
SIG_20260616_212724_EURUSD,EURUSD,0.6567460317460317,0.9503968253968254,2.533275170055622e-05,DYNAMIC,GENERATED,,2026-06-16T21:27:24.665975,,,,,0.0,0.0
SIG_20260616_212825_EURJPY,EURJPY,0.5496031746031746,0.7996031746031746,1.213615352878286e-05,DYNAMIC,GENERATED,,2026-06-16T21:28:25.867333,,,,,0.0,0.0
SIG_20260616_212825_USDJPY,USDJPY,0.7956349206349206,0.996031746031746,1.306514252646727e-05,DYNAMIC,BLOCKED_POSITION_EXISTS,,2026-06-16T21:28:25.997602,2026-06-16T21:28:26.220204,,,,0.0,0.0
SIG_20260616_212826_GBPJPY,GBPJPY,0.7876984126984127,0.8948412698412699,2.1694428829258208e-05,DYNAMIC,BLOCKED_POSITION_EXISTS,,2026-06-16T21:28:26.487855,2026-06-16T21:28:26.703435,,,,0.0,0.0
SIG_20260616_212826_XAUUSD,XAUUSD,0.7797619047619048,0.1865079365079365,0.000581333825343735,DYNAMIC,GENERATED,,2026-06-16T21:28:26.973151,,,,,0.0,0.0
SIG_20260616_212827_EURUSD,EURUSD,0.6507936507936508,0.9503968253968254,2.5256770046738048e-05,DYNAMIC,GENERATED,,2026-06-16T21:28:27.119113,,,,,0.0,0.0
SIG_20260616_212928_EURJPY,EURJPY,0.5317460317460317,0.7996031746031746,1.2038006584598612e-05,DYNAMIC,GENERATED,,2026-06-16T21:29:28.281526,,,,,0.0,0.0
SIG_20260616_212928_USDJPY,USDJPY,0.7936507936507936,0.996031746031746,1.3028791377913421e-05,DYNAMIC,BLOCKED_POSITION_EXISTS,,2026-06-16T21:29:28.447019,2026-06-16T21:29:28.702571,,,,0.0,0.0
SIG_20260616_212928_GBPJPY,GBPJPY,0.7916666666666666,0.8948412698412699,2.1767309635351847e-05,DYNAMIC,BLOCKED_POSITION_EXISTS,,2026-06-16T21:29:28.973170,2026-06-16T21:29:29.206944,,,,0.0,0.0
SIG_20260616_212929_XAUUSD,XAUUSD,0.7797619047619048,0.1865079365079365,0.0005791198324195199,DYNAMIC,GENERATED,,2026-06-16T21:29:29.465742,,,,,0.0,0.0
SIG_20260616_212929_EURUSD,EURUSD,0.6468253968253969,0.9503968253968254,2.496643407686231e-05,DYNAMIC,GENERATED,,2026-06-16T21:29:29.626214,,,,,0.0,0.0
SIG_20260616_213030_EURJPY,EURJPY,0.5317460317460317,0.6130952380952381,1.2034950755775148e-05,DYNAMIC,GENERATED,,2026-06-16T21:30:30.780173,,,,,0.0,0.0
SIG_20260616_213030_USDJPY,USDJPY,0.7916666666666666,0.998015873015873,1.2974415492624926e-05,DYNAMIC,BLOCKED_POSITION_EXISTS,,2026-06-16T21:30:30.928720,2026-06-16T21:30:31.146300,,,,0.0,0.0
SIG_20260616_213031_GBPJPY,GBPJPY,0.7718253968253969,0.8809523809523809,2.116667259753941e-05,DYNAMIC,BLOCKED_POSITION_EXISTS,,2026-06-16T21:30:31.424940,2026-06-16T21:30:31.673210,,,,0.0,0.0
SIG_20260616_213031_XAUUSD,XAUUSD,0.7718253968253969,0.08928571428571429,0.0005678007181952665,DYNAMIC,GENERATED,,2026-06-16T21:30:31.951074,,,,,0.0,0.0
SIG_20260616_213032_EURUSD,EURUSD,0.6408730158730159,0.9404761904761905,2.4770781746106158e-05,DYNAMIC,GENERATED,,2026-06-16T21:30:32.112952,,,,,0.0,0.0
SIG_20260616_213133_EURJPY,EURJPY,0.5317460317460317,0.6130952380952381,1.2032184420439189e-05,DYNAMIC,GENERATED,,2026-06-16T21:31:33.320804,,,,,0.0,0.0
SIG_20260616_213133_USDJPY,USDJPY,0.7916666666666666,0.998015873015873,1.2977408762129432e-05,DYNAMIC,BLOCKED_POSITION_EXISTS,,2026-06-16T21:31:33.478757,2026-06-16T21:31:33.733338,,,,0.0,0.0
SIG_20260616_213134_GBPJPY,GBPJPY,0.7718253968253969,0.8809523809523809,2.1163917684822406e-05,DYNAMIC,BLOCKED_POSITION_EXISTS,,2026-06-16T21:31:34.007683,2026-06-16T21:31:34.250207,,,,0.0,0.0
SIG_20260616_213134_XAUUSD,XAUUSD,0.7738095238095238,0.08928571428571429,0.0005682572095465016,DYNAMIC,TRIGGERED,,2026-06-16T21:31:34.519926,2026-06-16T21:31:34.766280,,,,0.0,0.0
SIG_20260616_213134_EURUSD,EURUSD,0.6408730158730159,0.9404761904761905,2.4777008568778117e-05,DYNAMIC,GENERATED,,2026-06-16T21:31:34.936503,,,,,0.0,0.0
SIG_20260616_213236_EURJPY,EURJPY,0.5297619047619048,0.6130952380952381,1.2031492809457271e-05,DYNAMIC,GENERATED,,2026-06-16T21:32:36.088060,,,,,0.0,0.0
SIG_20260616_213236_USDJPY,USDJPY,0.7916666666666666,0.998015873015873,1.2977408762129432e-05,DYNAMIC,BLOCKED_POSITION_EXISTS,,2026-06-16T21:32:36.237323,2026-06-16T21:32:36.476571,,,,0.0,0.0
SIG_20260616_213236_GBPJPY,GBPJPY,0.7718253968253969,0.8809523809523809,2.1179076839931114e-05,DYNAMIC,GENERATED,,2026-06-16T21:32:36.724786,,,,,0.0,0.0
SIG_20260616_213236_XAUUSD,XAUUSD,0.7718253968253969,0.08928571428571429,0.0005678971844055754,DYNAMIC,TRIGGERED,,2026-06-16T21:32:36.886987,2026-06-16T21:32:37.135082,,,,0.0,0.0
SIG_20260616_213237_EURUSD,EURUSD,0.6408730158730159,0.9404761904761905,2.4772264368156407e-05,DYNAMIC,GENERATED,,2026-06-16T21:32:37.288670,,,,,0.0,0.0
SIG_20260616_213338_EURJPY,EURJPY,0.5297619047619048,0.6130952380952381,1.2031492809147867e-05,DYNAMIC,GENERATED,,2026-06-16T21:33:38.473289,,,,,0.0,0.0
SIG_20260616_213338_USDJPY,USDJPY,0.7916666666666666,0.998015873015873,1.2977408762129432e-05,DYNAMIC,BLOCKED_POSITION_EXISTS,,2026-06-16T21:33:38.606068,2026-06-16T21:33:38.825132,,,,0.0,0.0
SIG_20260616_213339_GBPJPY,GBPJPY,0.7718253968253969,0.8809523809523809,2.1163336335067206e-05,DYNAMIC,BLOCKED_POSITION_EXISTS,,2026-06-16T21:33:39.066636,2026-06-16T21:33:39.265515,,,,0.0,0.0
SIG_20260616_213339_XAUUSD,XAUUSD,0.7718253968253969,0.08928571428571429,0.0005677805128728721,DYNAMIC,TRIGGERED,,2026-06-16T21:33:39.499790,2026-06-16T21:33:39.710460,,,,0.0,0.0
SIG_20260616_213339_EURUSD,EURUSD,0.6408730158730159,0.9404761904761905,2.4773228054490373e-05,DYNAMIC,GENERATED,,2026-06-16T21:33:39.830765,,,,,0.0,0.0
SIG_20260616_213440_EURJPY,EURJPY,0.5357142857142857,0.6130952380952381,1.2038842016793525e-05,DYNAMIC,GENERATED,,2026-06-16T21:34:40.925968,,,,,0.0,0.0
SIG_20260616_213441_USDJPY,USDJPY,0.7916666666666666,0.998015873015873,1.2975659428838686e-05,DYNAMIC,BLOCKED_POSITION_EXISTS,,2026-06-16T21:34:41.064551,2026-06-16T21:34:41.281302,,,,0.0,0.0
SIG_20260616_213441_GBPJPY,GBPJPY,0.7757936507936508,0.8809523809523809,2.119415115074024e-05,DYNAMIC,BLOCKED_POSITION_EXISTS,,2026-06-16T21:34:41.533726,2026-06-16T21:34:41.732267,,,,0.0,0.0
SIG_20260616_213441_XAUUSD,XAUUSD,0.7718253968253969,0.08928571428571429,0.0005678749352343183,DYNAMIC,TRIGGERED,,2026-06-16T21:34:41.952787,2026-06-16T21:34:42.129114,,,,0.0,0.0
SIG_20260616_213442_EURUSD,EURUSD,0.6408730158730159,0.9404761904761905,2.4773228492382826e-05,DYNAMIC,GENERATED,,2026-06-16T21:34:42.241379,,,,,0.0,0.0
SIG_20260616_213543_EURJPY,EURJPY,0.5297619047619048,0.6130952380952381,1.2031723356970833e-05,DYNAMIC,GENERATED,,2026-06-16T21:35:43.331951,,,,,0.0,0.0
SIG_20260616_213543_USDJPY,USDJPY,0.7916666666666666,0.998015873015873,1.2978963760442447e-05,DYNAMIC,BLOCKED_POSITION_EXISTS,,2026-06-16T21:35:43.480445,2026-06-16T21:35:43.728930,,,,0.0,0.0
SIG_20260616_213544_GBPJPY,GBPJPY,0.7718253968253969,0.8809523809523809,2.1183146798617563e-05,DYNAMIC,BLOCKED_POSITION_EXISTS,,2026-06-16T21:35:44.000978,2026-06-16T21:35:44.218573,,,,0.0,0.0
SIG_20260616_213544_XAUUSD,XAUUSD,0.7738095238095238,0.08928571428571429,0.0005681429264860899,DYNAMIC,GENERATED,,2026-06-16T21:35:44.476944,,,,,0.0,0.0
SIG_20260616_213544_EURUSD,EURUSD,0.6408730158730159,0.9404761904761905,2.4770781746106158e-05,DYNAMIC,GENERATED,,2026-06-16T21:35:44.610237,,,,,0.0,0.0
SIG_20260616_213645_EURJPY,EURJPY,0.5317460317460317,0.6130952380952381,1.2033308260092282e-05,DYNAMIC,GENERATED,,2026-06-16T21:36:45.755719,,,,,0.0,0.0
SIG_20260616_213645_USDJPY,USDJPY,0.7916666666666666,0.998015873015873,1.2976747897263115e-05,DYNAMIC,BLOCKED_POSITION_EXISTS,,2026-06-16T21:36:45.906803,2026-06-16T21:36:46.135801,,,,0.0,0.0
SIG_20260616_213646_GBPJPY,GBPJPY,0.7718253968253969,0.8809523809523809,2.1163917684822406e-05,DYNAMIC,GENERATED,,2026-06-16T21:36:46.421818,,,,,0.0,0.0
SIG_20260616_213646_XAUUSD,XAUUSD,0.7738095238095238,0.08928571428571429,0.0005685676509077789,DYNAMIC,TRIGGERED,,2026-06-16T21:36:46.573602,2026-06-16T21:36:46.808119,,,,0.0,0.0
SIG_20260616_213646_EURUSD,EURUSD,0.6408730158730159,0.9404761904761905,2.4775600158630223e-05,DYNAMIC,GENERATED,,2026-06-16T21:36:46.965352,,,,,0.0,0.0
SIG_20260616_213748_EURJPY,EURJPY,0.5376984126984127,0.6130952380952381,1.204298992843987e-05,DYNAMIC,GENERATED,,2026-06-16T21:37:48.121844,,,,,0.0,0.0
SIG_20260616_213748_USDJPY,USDJPY,0.7916666666666666,0.998015873015873,1.2980829793225452e-05,DYNAMIC,BLOCKED_POSITION_EXISTS,,2026-06-16T21:37:48.173041,2026-06-16T21:37:48.278330,,,,0.0,0.0
SIG_20260616_213748_GBPJPY,GBPJPY,0.7718253968253969,0.8809523809523809,2.1159783755792395e-05,DYNAMIC,GENERATED,,2026-06-16T21:37:48.395338,,,,,0.0,0.0
SIG_20260616_213748_XAUUSD,XAUUSD,0.7738095238095238,0.08928571428571429,0.0005689271292477907,DYNAMIC,TRIGGERED,,2026-06-16T21:37:48.473363,2026-06-16T21:37:48.623594,,,,0.0,0.0
SIG_20260616_213748_EURUSD,EURUSD,0.6428571428571429,0.9404761904761905,2.480228365664289e-05,DYNAMIC,GENERATED,,2026-06-16T21:37:48.734683,,,,,0.0,0.0
SIG_20260616_213849_EURJPY,EURJPY,0.5376984126984127,0.6130952380952381,1.2054053857972366e-05,DYNAMIC,GENERATED,,2026-06-16T21:38:49.366881,,,,,0.0,0.0
SIG_20260616_213849_USDJPY,USDJPY,0.7916666666666666,0.998015873015873,1.2983006872114417e-05,DYNAMIC,BLOCKED_POSITION_EXISTS,,2026-06-16T21:38:49.413429,2026-06-16T21:38:49.480624,,,,0.0,0.0
SIG_20260616_213849_GBPJPY,GBPJPY,0.7718253968253969,0.8809523809523809,2.116047267736434e-05,DYNAMIC,GENERATED,,2026-06-16T21:38:49.567781,,,,,0.0,0.0
SIG_20260616_213849_XAUUSD,XAUUSD,0.7738095238095238,0.08928571428571429,0.0005713188144131024,DYNAMIC,TRIGGERED,,2026-06-16T21:38:49.616618,2026-06-16T21:38:49.697244,,,,0.0,0.0
SIG_20260616_213849_EURUSD,EURUSD,0.6428571428571429,0.9404761904761905,2.4823628160313115e-05,DYNAMIC,GENERATED,,2026-06-16T21:38:49.757784,,,,,0.0,0.0
SIG_20260616_213950_EURJPY,EURJPY,0.5376984126984127,0.6130952380952381,1.2046706797686933e-05,DYNAMIC,GENERATED,,2026-06-16T21:39:50.298249,,,,,0.0,0.0
SIG_20260616_213950_USDJPY,USDJPY,0.7916666666666666,0.998015873015873,1.2983006872114417e-05,DYNAMIC,BLOCKED_POSITION_EXISTS,,2026-06-16T21:39:50.360043,2026-06-16T21:39:50.442590,,,,0.0,0.0
SIG_20260616_213950_GBPJPY,GBPJPY,0.7718253968253969,0.8809523809523809,2.116107557464616e-05,DYNAMIC,GENERATED,,2026-06-16T21:39:50.529099,,,,,0.0,0.0
SIG_20260616_213950_XAUUSD,XAUUSD,0.7738095238095238,0.08928571428571429,0.000570186582442349,DYNAMIC,TRIGGERED,,2026-06-16T21:39:50.616593,2026-06-16T21:39:50.718292,,,,0.0,0.0
SIG_20260616_213950_EURUSD,EURUSD,0.6428571428571429,0.9404761904761905,2.4815920610767576e-05,DYNAMIC,GENERATED,,2026-06-16T21:39:50.765306,,,,,0.0,0.0
SIG_20260616_214051_EURJPY,EURJPY,0.5357142857142857,0.6130952380952381,1.2038840749479526e-05,DYNAMIC,GENERATED,,2026-06-16T21:40:51.286813,,,,,0.0,0.0
SIG_20260616_214051_USDJPY,USDJPY,0.7916666666666666,0.998015873015873,1.2981879451179487e-05,DYNAMIC,BLOCKED_POSITION_EXISTS,,2026-06-16T21:40:51.347159,2026-06-16T21:40:51.432591,,,,0.0,0.0
SIG_20260616_214051_GBPJPY,GBPJPY,0.7718253968253969,0.8809523809523809,2.1160042116366242e-05,DYNAMIC,GENERATED,,2026-06-16T21:40:51.540284,,,,,0.0,0.0
SIG_20260616_214051_XAUUSD,XAUUSD,0.7738095238095238,0.08928571428571429,0.0005710059513293437,DYNAMIC,TRIGGERED,,2026-06-16T21:40:51.605059,2026-06-16T21:40:51.697076,,,,0.0,0.0
SIG_20260616_214051_EURUSD,EURUSD,0.6428571428571429,0.9404761904761905,2.480228365664289e-05,DYNAMIC,GENERATED,,2026-06-16T21:40:51.759277,,,,,0.0,0.0
SIG_20260616_214152_EURJPY,EURJPY,0.5376984126984127,0.6130952380952381,1.2049472784709012e-05,DYNAMIC,GENERATED,,2026-06-16T21:41:52.283117,,,,,0.0,0.0
SIG_20260616_214152_USDJPY,USDJPY,0.7916666666666666,0.998015873015873,1.2977408762129432e-05,DYNAMIC,BLOCKED_POSITION_EXISTS,,2026-06-16T21:41:52.346198,2026-06-16T21:41:52.421454,,,,0.0,0.0
SIG_20260616_214152_GBPJPY,GBPJPY,0.7718253968253969,0.8809523809523809,2.1159719168346164e-05,DYNAMIC,GENERATED,,2026-06-16T21:41:52.521572,,,,,0.0,0.0
SIG_20260616_214152_XAUUSD,XAUUSD,0.7738095238095238,0.08928571428571429,0.000569524054072801,DYNAMIC,TRIGGERED,,2026-06-16T21:41:52.576630,2026-06-16T21:41:52.652537,,,,0.0,0.0
SIG_20260616_214152_EURUSD,EURUSD,0.6428571428571429,0.9404761904761905,2.480228365664289e-05,DYNAMIC,GENERATED,,2026-06-16T21:41:52.700219,,,,,0.0,0.0
SIG_20260616_214253_EURJPY,EURJPY,0.5357142857142857,0.6130952380952381,1.2038840749479526e-05,DYNAMIC,GENERATED,,2026-06-16T21:42:53.186852,,,,,0.0,0.0
SIG_20260616_214253_USDJPY,USDJPY,0.7916666666666666,0.998015873015873,1.2980829793225452e-05,DYNAMIC,BLOCKED_POSITION_EXISTS,,2026-06-16T21:42:53.244618,2026-06-16T21:42:53.316482,,,,0.0,0.0
SIG_20260616_214253_GBPJPY,GBPJPY,0.7718253968253969,0.8809523809523809,2.1161075472352363e-05,DYNAMIC,GENERATED,,2026-06-16T21:42:53.410826,,,,,0.0,0.0
SIG_20260616_214253_XAUUSD,XAUUSD,0.7738095238095238,0.08928571428571429,0.0005714441865624512,DYNAMIC,TRIGGERED,,2026-06-16T21:42:53.468690,2026-06-16T21:42:53.546790,,,,0.0,0.0
SIG_20260616_214253_EURUSD,EURUSD,0.6428571428571429,0.9404761904761905,2.4796354313298506e-05,DYNAMIC,GENERATED,,2026-06-16T21:42:53.595495,,,,,0.0,0.0
SIG_20260616_214354_EURJPY,EURJPY,0.5376984126984127,0.6130952380952381,1.20591534202474e-05,DYNAMIC,GENERATED,,2026-06-16T21:43:54.070248,,,,,0.0,0.0
SIG_20260616_214354_USDJPY,USDJPY,0.7916666666666666,0.998015873015873,1.2986855727351718e-05,DYNAMIC,BLOCKED_POSITION_EXISTS,,2026-06-16T21:43:54.122045,2026-06-16T21:43:54.194437,,,,0.0,0.0
SIG_20260616_214354_GBPJPY,GBPJPY,0.7718253968253969,0.8809523809523809,2.1160042103579487e-05,DYNAMIC,GENERATED,,2026-06-16T21:43:54.280977,,,,,0.0,0.0
SIG_20260616_214354_XAUUSD,XAUUSD,0.7738095238095238,0.08928571428571429,0.0005723396597608803,DYNAMIC,TRIGGERED,,2026-06-16T21:43:54.332348,2026-06-16T21:43:54.403699,,,,0.0,0.0
SIG_20260616_214354_EURUSD,EURUSD,0.6428571428571429,0.9404761904761905,2.4840821251297666e-05,DYNAMIC,GENERATED,,2026-06-16T21:43:54.452574,,,,,0.0,0.0
SIG_20260616_214454_EURJPY,EURJPY,0.5376984126984127,0.6130952380952381,1.2048060984397454e-05,DYNAMIC,GENERATED,,2026-06-16T21:44:54.954787,,,,,0.0,0.0
SIG_20260616_214455_USDJPY,USDJPY,0.7916666666666666,0.998015873015873,1.2994825881468904e-05,DYNAMIC,BLOCKED_POSITION_EXISTS,,2026-06-16T21:44:55.010775,2026-06-16T21:44:55.094923,,,,0.0,0.0
SIG_20260616_214455_GBPJPY,GBPJPY,0.7718253968253969,0.8809523809523809,2.1159719168346164e-05,DYNAMIC,GENERATED,,2026-06-16T21:44:55.186188,,,,,0.0,0.0
SIG_20260616_214455_XAUUSD,XAUUSD,0.7738095238095238,0.08928571428571429,0.0005740202236434074,DYNAMIC,TRIGGERED,,2026-06-16T21:44:55.246994,2026-06-16T21:44:55.325657,,,,0.0,0.0
SIG_20260616_214455_EURUSD,EURUSD,0.6428571428571429,0.9404761904761905,2.484548991670029e-05,DYNAMIC,GENERATED,,2026-06-16T21:44:55.370896,,,,,0.0,0.0
SIG_20260616_214555_EURJPY,EURJPY,0.5376984126984127,0.6130952380952381,1.2050942197693748e-05,DYNAMIC,GENERATED,,2026-06-16T21:45:55.983362,,,,,0.0,0.0
SIG_20260616_214556_USDJPY,USDJPY,0.7916666666666666,0.998015873015873,1.2994825881468904e-05,DYNAMIC,BLOCKED_POSITION_EXISTS,,2026-06-16T21:45:56.025418,2026-06-16T21:45:56.086613,,,,0.0,0.0
SIG_20260616_214556_GBPJPY,GBPJPY,0.7718253968253969,0.8809523809523809,2.1165209586799648e-05,DYNAMIC,GENERATED,,2026-06-16T21:45:56.168838,,,,,0.0,0.0
SIG_20260616_214556_XAUUSD,XAUUSD,0.7738095238095238,0.08928571428571429,0.0005735734730003958,DYNAMIC,TRIGGERED,,2026-06-16T21:45:56.212917,2026-06-16T21:45:56.285227,,,,0.0,0.0
SIG_20260616_214556_EURUSD,EURUSD,0.6428571428571429,0.9404761904761905,2.4840821251297666e-05,DYNAMIC,GENERATED,,2026-06-16T21:45:56.335005,,,,,0.0,0.0
SIG_20260616_214656_EURJPY,EURJPY,0.5376984126984127,0.6130952380952381,1.2049472784709012e-05,DYNAMIC,GENERATED,,2026-06-16T21:46:56.806881,,,,,0.0,0.0
SIG_20260616_214656_USDJPY,USDJPY,0.7916666666666666,0.998015873015873,1.300925073306083e-05,DYNAMIC,BLOCKED_POSITION_EXISTS,,2026-06-16T21:46:56.854810,2026-06-16T21:46:56.913518,,,,0.0,0.0
SIG_20260616_214656_GBPJPY,GBPJPY,0.7718253968253969,0.8809523809523809,2.1161441596948037e-05,DYNAMIC,GENERATED,,2026-06-16T21:46:56.980540,,,,,0.0,0.0
SIG_20260616_214657_XAUUSD,XAUUSD,0.7738095238095238,0.08928571428571429,0.0005722399553244112,DYNAMIC,TRIGGERED,,2026-06-16T21:46:57.028334,2026-06-16T21:46:57.125287,,,,0.0,0.0
SIG_20260616_214657_EURUSD,EURUSD,0.6428571428571429,0.9484126984126984,2.4865646034153067e-05,DYNAMIC,GENERATED,,2026-06-16T21:46:57.171306,,,,,0.0,0.0
SIG_20260616_214757_EURJPY,EURJPY,0.5376984126984127,0.6130952380952381,1.2041866205411694e-05,DYNAMIC,GENERATED,,2026-06-16T21:47:57.634136,,,,,0.0,0.0
SIG_20260616_214757_USDJPY,USDJPY,0.7916666666666666,0.998015873015873,1.300925073306083e-05,DYNAMIC,BLOCKED_POSITION_EXISTS,,2026-06-16T21:47:57.682807,2026-06-16T21:47:57.761139,,,,0.0,0.0
SIG_20260616_214757_GBPJPY,GBPJPY,0.7718253968253969,0.8809523809523809,2.1169193050778678e-05,DYNAMIC,GENERATED,,2026-06-16T21:47:57.837529,,,,,0.0,0.0
SIG_20260616_214757_XAUUSD,XAUUSD,0.7738095238095238,0.08928571428571429,0.0005722996511174508,DYNAMIC,TRIGGERED,,2026-06-16T21:47:57.896811,2026-06-16T21:47:57.971009,,,,0.0,0.0
SIG_20260616_214758_EURUSD,EURUSD,0.6428571428571429,0.9404761904761905,2.4840821251297666e-05,DYNAMIC,GENERATED,,2026-06-16T21:47:58.028198,,,,,0.0,0.0
SIG_20260616_214858_EURJPY,EURJPY,0.5376984126984127,0.6130952380952381,1.2045410225505255e-05,DYNAMIC,GENERATED,,2026-06-16T21:48:58.493290,,,,,0.0,0.0
SIG_20260616_214858_USDJPY,USDJPY,0.7956349206349206,0.998015873015873,1.3042846960034389e-05,DYNAMIC,BLOCKED_POSITION_EXISTS,,2026-06-16T21:48:58.554248,2026-06-16T21:48:58.655528,,,,0.0,0.0
SIG_20260616_214858_GBPJPY,GBPJPY,0.7718253968253969,0.8809523809523809,2.117539457318959e-05,DYNAMIC,GENERATED,,2026-06-16T21:48:58.750442,,,,,0.0,0.0
SIG_20260616_214858_XAUUSD,XAUUSD,0.7738095238095238,0.08928571428571429,0.0005723899084360317,DYNAMIC,TRIGGERED,,2026-06-16T21:48:58.816049,2026-06-16T21:48:58.911732,,,,0.0,0.0
SIG_20260616_214858_EURUSD,EURUSD,0.6468253968253969,0.9484126984126984,2.4906622255532496e-05,DYNAMIC,GENERATED,,2026-06-16T21:48:58.976873,,,,,0.0,0.0
SIG_20260616_214959_EURJPY,EURJPY,0.5376984126984127,0.6130952380952381,1.2040800100623613e-05,DYNAMIC,GENERATED,,2026-06-16T21:49:59.531758,,,,,0.0,0.0
SIG_20260616_214959_USDJPY,USDJPY,0.7976190476190477,0.998015873015873,1.3109620830505642e-05,DYNAMIC,BLOCKED_POSITION_EXISTS,,2026-06-16T21:49:59.612747,2026-06-16T21:49:59.735032,,,,0.0,0.0
SIG_20260616_214959_GBPJPY,GBPJPY,0.7757936507936508,0.8809523809523809,2.119768298827136e-05,DYNAMIC,GENERATED,,2026-06-16T21:49:59.884362,,,,,0.0,0.0
SIG_20260616_214959_XAUUSD,XAUUSD,0.7738095238095238,0.08928571428571429,0.000573950447152945,DYNAMIC,TRIGGERED,,2026-06-16T21:49:59.980628,2026-06-16T21:50:00.128051,,,,0.0,0.0
SIG_20260616_215000_EURUSD,EURUSD,0.6468253968253969,0.9484126984126984,2.496996951298252e-05,DYNAMIC,GENERATED,,2026-06-16T21:50:00.227095,,,,,0.0,0.0
SIG_20260616_215100_EURJPY,EURJPY,0.5376984126984127,0.6130952380952381,1.2039791615003675e-05,DYNAMIC,GENERATED,,2026-06-16T21:51:00.836237,,,,,0.0,0.0
SIG_20260616_215100_USDJPY,USDJPY,0.7956349206349206,0.998015873015873,1.305653529726938e-05,DYNAMIC,BLOCKED_POSITION_EXISTS,,2026-06-16T21:51:00.906251,2026-06-16T21:51:01.024422,,,,0.0,0.0
SIG_20260616_215101_GBPJPY,GBPJPY,0.7777777777777778,0.8809523809523809,2.1222493244109667e-05,DYNAMIC,BLOCKED_POSITION_EXISTS,,2026-06-16T21:51:01.150349,2026-06-16T21:51:01.281194,,,,0.0,0.0
SIG_20260616_215101_XAUUSD,XAUUSD,0.7738095238095238,0.08928571428571429,0.0005711173477467033,DYNAMIC,GENERATED,,2026-06-16T21:51:01.414374,,,,,0.0,0.0
SIG_20260616_215101_EURUSD,EURUSD,0.6468253968253969,0.9484126984126984,2.4906622255532496e-05,DYNAMIC,GENERATED,,2026-06-16T21:51:01.497399,,,,,0.0,0.0
SIG_20260616_215202_EURJPY,EURJPY,0.5376984126984127,0.6130952380952381,1.2044171268780362e-05,DYNAMIC,GENERATED,,2026-06-16T21:52:02.149158,,,,,0.0,0.0
SIG_20260616_215202_USDJPY,USDJPY,0.7976190476190477,0.998015873015873,1.3071468587213422e-05,DYNAMIC,BLOCKED_POSITION_EXISTS,,2026-06-16T21:52:02.227987,2026-06-16T21:52:02.322222,,,,0.0,0.0
SIG_20260616_215202_GBPJPY,GBPJPY,0.7777777777777778,0.8809523809523809,2.1215708988388363e-05,DYNAMIC,BLOCKED_POSITION_EXISTS,,2026-06-16T21:52:02.453988,2026-06-16T21:52:02.605311,,,,0.0,0.0
SIG_20260616_215202_XAUUSD,XAUUSD,0.7738095238095238,0.08928571428571429,0.0005720437183625643,DYNAMIC,GENERATED,,2026-06-16T21:52:02.752713,,,,,0.0,0.0
SIG_20260616_215202_EURUSD,EURUSD,0.6468253968253969,0.9484126984126984,2.4933295684599648e-05,DYNAMIC,GENERATED,,2026-06-16T21:52:02.849176,,,,,0.0,0.0
SIG_20260616_215303_EURJPY,EURJPY,0.5317460317460317,0.6130952380952381,1.2032184420439189e-05,DYNAMIC,GENERATED,,2026-06-16T21:53:03.596663,,,,,0.0,0.0
SIG_20260616_215303_USDJPY,USDJPY,0.7976190476190477,0.998015873015873,1.3083485610930235e-05,DYNAMIC,BLOCKED_POSITION_EXISTS,,2026-06-16T21:53:03.777943,2026-06-16T21:53:04.026740,,,,0.0,0.0
SIG_20260616_215304_GBPJPY,GBPJPY,0.7777777777777778,0.8809523809523809,2.126826335312697e-05,DYNAMIC,BLOCKED_POSITION_EXISTS,,2026-06-16T21:53:04.341350,2026-06-16T21:53:04.589559,,,,0.0,0.0
SIG_20260616_215304_XAUUSD,XAUUSD,0.7738095238095238,0.08928571428571429,0.000571381241291395,DYNAMIC,GENERATED,,2026-06-16T21:53:04.869333,,,,,0.0,0.0
SIG_20260616_215305_EURUSD,EURUSD,0.6468253968253969,0.9484126984126984,2.4900324157030085e-05,DYNAMIC,GENERATED,,2026-06-16T21:53:05.033931,,,,,0.0,0.0
SIG_20260616_215405_EURJPY,EURJPY,0.5297619047619048,0.6130952380952381,1.2031492809457271e-05,DYNAMIC,GENERATED,,2026-06-16T21:54:05.930466,,,,,0.0,0.0
SIG_20260616_215406_USDJPY,USDJPY,0.7936507936507936,0.998015873015873,1.3021887757136354e-05,DYNAMIC,BLOCKED_POSITION_EXISTS,,2026-06-16T21:54:06.018575,2026-06-16T21:54:06.157864,,,,0.0,0.0
SIG_20260616_215406_GBPJPY,GBPJPY,0.7777777777777778,0.8809523809523809,2.121792731668378e-05,DYNAMIC,BLOCKED_POSITION_EXISTS,,2026-06-16T21:54:06.310345,2026-06-16T21:54:06.454713,,,,0.0,0.0
SIG_20260616_215406_XAUUSD,XAUUSD,0.7738095238095238,0.08928571428571429,0.0005704136409398382,DYNAMIC,GENERATED,,2026-06-16T21:54:06.616584,,,,,0.0,0.0
SIG_20260616_215406_EURUSD,EURUSD,0.6428571428571429,0.9404761904761905,2.4815920610767576e-05,DYNAMIC,GENERATED,,2026-06-16T21:54:06.700876,,,,,0.0,0.0
SIG_20260616_215507_EURJPY,EURJPY,0.5297619047619048,0.6130952380952381,1.2031492809147867e-05,DYNAMIC,GENERATED,,2026-06-16T21:55:07.376547,,,,,0.0,0.0
SIG_20260616_215507_USDJPY,USDJPY,0.7916666666666666,0.998015873015873,1.3004740437425456e-05,DYNAMIC,BLOCKED_POSITION_EXISTS,,2026-06-16T21:55:07.458959,2026-06-16T21:55:07.697227,,,,0.0,0.0
SIG_20260616_215507_GBPJPY,GBPJPY,0.7777777777777778,0.8809523809523809,2.1215708988388363e-05,DYNAMIC,BLOCKED_POSITION_EXISTS,,2026-06-16T21:55:07.904729,2026-06-16T21:55:08.074911,,,,0.0,0.0
SIG_20260616_215508_XAUUSD,XAUUSD,0.7738095238095238,0.08928571428571429,0.0005707638966632273,DYNAMIC,GENERATED,,2026-06-16T21:55:08.256989,,,,,0.0,0.0
SIG_20260616_215508_EURUSD,EURUSD,0.6428571428571429,0.9404761904761905,2.479924488730468e-05,DYNAMIC,GENERATED,,2026-06-16T21:55:08.359849,,,,,0.0,0.0
SIG_20260616_215609_EURJPY,EURJPY,0.5376984126984127,0.6130952380952381,1.2044171268780362e-05,DYNAMIC,GENERATED,,2026-06-16T21:56:09.112059,,,,,0.0,0.0
SIG_20260616_215609_USDJPY,USDJPY,0.7916666666666666,0.998015873015873,1.3002601965357669e-05,DYNAMIC,BLOCKED_POSITION_EXISTS,,2026-06-16T21:56:09.172993,2026-06-16T21:56:09.263469,,,,0.0,0.0
SIG_20260616_215609_GBPJPY,GBPJPY,0.7777777777777778,0.8809523809523809,2.1234662170541022e-05,DYNAMIC,BLOCKED_POSITION_EXISTS,,2026-06-16T21:56:09.371541,2026-06-16T21:56:09.463456,,,,0.0,0.0
SIG_20260616_215609_XAUUSD,XAUUSD,0.7738095238095238,0.08928571428571429,0.0005705782518420537,DYNAMIC,GENERATED,,2026-06-16T21:56:09.573086,,,,,0.0,0.0
SIG_20260616_215609_EURUSD,EURUSD,0.6428571428571429,0.9484126984126984,2.4855271691910267e-05,DYNAMIC,GENERATED,,2026-06-16T21:56:09.639842,,,,,0.0,0.0
SIG_20260616_215710_EURJPY,EURJPY,0.5317460317460317,0.6130952380952381,1.2037947504979268e-05,DYNAMIC,GENERATED,,2026-06-16T21:57:10.274565,,,,,0.0,0.0
SIG_20260616_215710_USDJPY,USDJPY,0.7956349206349206,0.998015873015873,1.3033397651283289e-05,DYNAMIC,BLOCKED_POSITION_EXISTS,,2026-06-16T21:57:10.335497,2026-06-16T21:57:10.437763,,,,0.0,0.0
SIG_20260616_215710_GBPJPY,GBPJPY,0.7777777777777778,0.8809523809523809,2.124790845392009e-05,DYNAMIC,BLOCKED_POSITION_EXISTS,,2026-06-16T21:57:10.565190,2026-06-16T21:57:10.654995,,,,0.0,0.0
SIG_20260616_215710_XAUUSD,XAUUSD,0.7738095238095238,0.08928571428571429,0.0005725729919424669,DYNAMIC,GENERATED,,2026-06-16T21:57:10.807935,,,,,0.0,0.0
SIG_20260616_215710_EURUSD,EURUSD,0.6428571428571429,0.9484126984126984,2.4865646034153067e-05,DYNAMIC,GENERATED,,2026-06-16T21:57:10.889718,,,,,0.0,0.0
SIG_20260616_215811_EURJPY,EURJPY,0.5317460317460317,0.6130952380952381,1.2037111882430763e-05,DYNAMIC,GENERATED,,2026-06-16T21:58:11.415794,,,,,0.0,0.0
SIG_20260616_215811_USDJPY,USDJPY,0.7916666666666666,0.998015873015873,1.3000541275183126e-05,DYNAMIC,BLOCKED_POSITION_EXISTS,,2026-06-16T21:58:11.460632,2026-06-16T21:58:11.535876,,,,0.0,0.0
SIG_20260616_215811_GBPJPY,GBPJPY,0.7777777777777778,0.8809523809523809,2.1259281228026578e-05,DYNAMIC,BLOCKED_POSITION_EXISTS,,2026-06-16T21:58:11.619551,2026-06-16T21:58:11.697889,,,,0.0,0.0
SIG_20260616_215811_XAUUSD,XAUUSD,0.7738095238095238,0.08928571428571429,0.0005719567916350112,DYNAMIC,GENERATED,,2026-06-16T21:58:11.786182,,,,,0.0,0.0
SIG_20260616_215811_EURUSD,EURUSD,0.6428571428571429,0.9404761904761905,2.4823628160313115e-05,DYNAMIC,GENERATED,,2026-06-16T21:58:11.856639,,,,,0.0,0.0
SIG_20260616_215912_EURJPY,EURJPY,0.5376984126984127,0.6130952380952381,1.2040800100623613e-05,DYNAMIC,GENERATED,,2026-06-16T21:59:12.390029,,,,,0.0,0.0
SIG_20260616_215912_USDJPY,USDJPY,0.7916666666666666,0.998015873015873,1.2986855727351718e-05,DYNAMIC,BLOCKED_POSITION_EXISTS,,2026-06-16T21:59:12.449239,2026-06-16T21:59:12.543065,,,,0.0,0.0
SIG_20260616_215912_GBPJPY,GBPJPY,0.7777777777777778,0.8809523809523809,2.123983139685909e-05,DYNAMIC,BLOCKED_POSITION_EXISTS,,2026-06-16T21:59:12.624854,2026-06-16T21:59:12.692398,,,,0.0,0.0
SIG_20260616_215912_XAUUSD,XAUUSD,0.7738095238095238,0.08928571428571429,0.000572053429760102,DYNAMIC,GENERATED,,2026-06-16T21:59:12.775314,,,,,0.0,0.0
SIG_20260616_215912_EURUSD,EURUSD,0.6428571428571429,0.9404761904761905,2.4808805766005348e-05,DYNAMIC,GENERATED,,2026-06-16T21:59:12.837684,,,,,0.0,0.0
SIG_20260616_220013_EURJPY,EURJPY,0.5317460317460317,0.6130952380952381,1.2036333882761951e-05,DYNAMIC,GENERATED,,2026-06-16T22:00:13.355448,,,,,0.0,0.0
SIG_20260616_220013_USDJPY,USDJPY,0.7916666666666666,0.998015873015873,1.3000541275183126e-05,DYNAMIC,BLOCKED_POSITION_EXISTS,,2026-06-16T22:00:13.404571,2026-06-16T22:00:13.476087,,,,0.0,0.0
SIG_20260616_220013_GBPJPY,GBPJPY,0.7777777777777778,0.8809523809523809,2.124790845392009e-05,DYNAMIC,BLOCKED_POSITION_EXISTS,,2026-06-16T22:00:13.552690,2026-06-16T22:00:13.620568,,,,0.0,0.0
SIG_20260616_220013_XAUUSD,XAUUSD,0.7738095238095238,0.08928571428571429,0.0005716176509365546,DYNAMIC,GENERATED,,2026-06-16T22:00:13.702058,,,,,0.0,0.0
SIG_20260616_220013_EURUSD,EURUSD,0.6428571428571429,0.9404761904761905,2.4819700299355893e-05,DYNAMIC,GENERATED,,2026-06-16T22:00:13.750205,,,,,0.0,0.0
SIG_20260616_220114_EURJPY,EURJPY,0.5376984126984127,0.6130952380952381,1.2041866205411694e-05,DYNAMIC,GENERATED,,2026-06-16T22:01:14.255798,,,,,0.0,0.0
SIG_20260616_220114_USDJPY,USDJPY,0.7916666666666666,0.998015873015873,1.3011622559538509e-05,DYNAMIC,BLOCKED_POSITION_EXISTS,,2026-06-16T22:01:14.307835,2026-06-16T22:01:14.394674,,,,0.0,0.0
SIG_20260616_220114_GBPJPY,GBPJPY,0.7777777777777778,0.8809523809523809,2.1280842943425442e-05,DYNAMIC,BLOCKED_POSITION_EXISTS,,2026-06-16T22:01:14.491405,2026-06-16T22:01:14.577920,,,,0.0,0.0
SIG_20260616_220114_XAUUSD,XAUUSD,0.7738095238095238,0.08928571428571429,0.0005714351626434876,DYNAMIC,GENERATED,,2026-06-16T22:01:14.668480,,,,,0.0,0.0
SIG_20260616_220114_EURUSD,EURUSD,0.6428571428571429,0.9404761904761905,2.4850306731513243e-05,DYNAMIC,GENERATED,,2026-06-16T22:01:14.728653,,,,,0.0,0.0
SIG_20260616_220215_EURJPY,EURJPY,0.5376984126984127,0.6130952380952381,1.2040800100623613e-05,DYNAMIC,GENERATED,,2026-06-16T22:02:15.313263,,,,,0.0,0.0
SIG_20260616_220215_USDJPY,USDJPY,0.7916666666666666,0.998015873015873,1.3006956692841339e-05,DYNAMIC,BLOCKED_POSITION_EXISTS,,2026-06-16T22:02:15.388024,2026-06-16T22:02:15.493290,,,,0.0,0.0
SIG_20260616_220215_GBPJPY,GBPJPY,0.7777777777777778,0.8809523809523809,2.1280842943425442e-05,DYNAMIC,BLOCKED_POSITION_EXISTS,,2026-06-16T22:02:15.625300,2026-06-16T22:02:15.734315,,,,0.0,0.0
SIG_20260616_220215_XAUUSD,XAUUSD,0.7738095238095238,0.08928571428571429,0.0005716918309714098,DYNAMIC,GENERATED,,2026-06-16T22:02:15.870188,,,,,0.0,0.0
SIG_20260616_220215_EURUSD,EURUSD,0.6428571428571429,0.9404761904761905,2.4850306731513243e-05,DYNAMIC,GENERATED,,2026-06-16T22:02:15.949339,,,,,0.0,0.0
SIG_20260616_220316_EURJPY,EURJPY,0.5317460317460317,0.6130952380952381,1.2037111882430763e-05,DYNAMIC,GENERATED,,2026-06-16T22:03:16.547327,,,,,0.0,0.0
SIG_20260616_220316_USDJPY,USDJPY,0.7916666666666666,0.998015873015873,1.3004740437425456e-05,DYNAMIC,BLOCKED_POSITION_EXISTS,,2026-06-16T22:03:16.608603,2026-06-16T22:03:16.695094,,,,0.0,0.0
SIG_20260616_220316_GBPJPY,GBPJPY,0.7777777777777778,0.8809523809523809,2.126826335312697e-05,DYNAMIC,BLOCKED_POSITION_EXISTS,,2026-06-16T22:03:16.794927,2026-06-16T22:03:16.878157,,,,0.0,0.0
SIG_20260616_220316_XAUUSD,XAUUSD,0.7738095238095238,0.08928571428571429,0.0005704136409398382,DYNAMIC,GENERATED,,2026-06-16T22:03:16.970075,,,,,0.0,0.0
SIG_20260616_220317_EURUSD,EURUSD,0.6428571428571429,0.9404761904761905,2.4823628160313115e-05,DYNAMIC,GENERATED,,2026-06-16T22:03:17.035499,,,,,0.0,0.0
SIG_20260616_220417_EURJPY,EURJPY,0.5376984126984127,0.6130952380952381,1.2044171268780362e-05,DYNAMIC,GENERATED,,2026-06-16T22:04:17.533293,,,,,0.0,0.0
SIG_20260616_220417_USDJPY,USDJPY,0.7916666666666666,0.998015873015873,1.2988294214757e-05,DYNAMIC,BLOCKED_POSITION_EXISTS,,2026-06-16T22:04:17.588599,2026-06-16T22:04:17.702921,,,,0.0,0.0
SIG_20260616_220417_GBPJPY,GBPJPY,0.7777777777777778,0.8809523809523809,2.1234662170541022e-05,DYNAMIC,BLOCKED_POSITION_EXISTS,,2026-06-16T22:04:17.797366,2026-06-16T22:04:17.902834,,,,0.0,0.0
SIG_20260616_220418_XAUUSD,XAUUSD,0.7738095238095238,0.08928571428571429,0.0005700984276443364,DYNAMIC,GENERATED,,2026-06-16T22:04:18.013362,,,,,0.0,0.0
SIG_20260616_220418_EURUSD,EURUSD,0.6428571428571429,0.9484126984126984,2.4819700299355893e-05,DYNAMIC,GENERATED,,2026-06-16T22:04:18.083122,,,,,0.0,0.0
SIG_20260616_220518_EURJPY,EURJPY,0.5376984126984127,0.6130952380952381,1.2044171268780362e-05,DYNAMIC,GENERATED,,2026-06-16T22:05:18.723725,,,,,0.0,0.0
SIG_20260616_220518_USDJPY,USDJPY,0.7916666666666666,0.998015873015873,1.298421205748508e-05,DYNAMIC,BLOCKED_POSITION_EXISTS,,2026-06-16T22:05:18.808035,2026-06-16T22:05:18.933397,,,,0.0,0.0
SIG_20260616_220519_GBPJPY,GBPJPY,0.7777777777777778,0.8809523809523809,2.1250687000030216e-05,DYNAMIC,BLOCKED_POSITION_EXISTS,,2026-06-16T22:05:19.062022,2026-06-16T22:05:19.175911,,,,0.0,0.0
SIG_20260616_220519_XAUUSD,XAUUSD,0.7738095238095238,0.08928571428571429,0.0005694107007317402,DYNAMIC,GENERATED,,2026-06-16T22:05:19.325441,,,,,0.0,0.0
SIG_20260616_220519_EURUSD,EURUSD,0.6428571428571429,0.9484126984126984,2.4812289098375073e-05,DYNAMIC,GENERATED,,2026-06-16T22:05:19.414325,,,,,0.0,0.0
SIG_20260616_220620_EURJPY,EURJPY,0.5376984126984127,0.6130952380952381,1.2039791615003675e-05,DYNAMIC,GENERATED,,2026-06-16T22:06:20.053300,,,,,0.0,0.0
SIG_20260616_220620_USDJPY,USDJPY,0.7916666666666666,0.998015873015873,1.2983006872114417e-05,DYNAMIC,BLOCKED_POSITION_EXISTS,,2026-06-16T22:06:20.129502,2026-06-16T22:06:20.243788,,,,0.0,0.0
SIG_20260616_220620_GBPJPY,GBPJPY,0.7777777777777778,0.8809523809523809,2.126826335312697e-05,DYNAMIC,BLOCKED_POSITION_EXISTS,,2026-06-16T22:06:20.369948,2026-06-16T22:06:20.471864,,,,0.0,0.0
SIG_20260616_220620_XAUUSD,XAUUSD,0.7738095238095238,0.08928571428571429,0.0005696080557262527,DYNAMIC,GENERATED,,2026-06-16T22:06:20.598367,,,,,0.0,0.0
SIG_20260616_220620_EURUSD,EURUSD,0.6428571428571429,0.9484126984126984,2.4796354313298506e-05,DYNAMIC,GENERATED,,2026-06-16T22:06:20.679237,,,,,0.0,0.0
SIG_20260616_220721_EURJPY,EURJPY,0.5376984126984127,0.6130952380952381,1.204298992843987e-05,DYNAMIC,GENERATED,,2026-06-16T22:07:21.324274,,,,,0.0,0.0
SIG_20260616_220721_USDJPY,USDJPY,0.7916666666666666,0.998015873015873,1.2980829793225452e-05,DYNAMIC,BLOCKED_POSITION_EXISTS,,2026-06-16T22:07:21.391338,2026-06-16T22:07:21.471770,,,,0.0,0.0
SIG_20260616_220721_GBPJPY,GBPJPY,0.7777777777777778,0.8809523809523809,2.125637338648326e-05,DYNAMIC,BLOCKED_POSITION_EXISTS,,2026-06-16T22:07:21.556133,2026-06-16T22:07:21.643968,,,,0.0,0.0
SIG_20260616_220721_XAUUSD,XAUUSD,0.7738095238095238,0.08928571428571429,0.0005698018968802801,DYNAMIC,GENERATED,,2026-06-16T22:07:21.730419,,,,,0.0,0.0
SIG_20260616_220721_EURUSD,EURUSD,0.6428571428571429,0.9484126984126984,2.480228365664289e-05,DYNAMIC,GENERATED,,2026-06-16T22:07:21.789321,,,,,0.0,0.0
SIG_20260616_220822_EURJPY,EURJPY,0.5376984126984127,0.6130952380952381,1.204298992843987e-05,DYNAMIC,GENERATED,,2026-06-16T22:08:22.292762,,,,,0.0,0.0
SIG_20260616_220822_USDJPY,USDJPY,0.7916666666666666,0.998015873015873,1.2977408762129432e-05,DYNAMIC,BLOCKED_POSITION_EXISTS,,2026-06-16T22:08:22.349628,2026-06-16T22:08:22.447421,,,,0.0,0.0
SIG_20260616_220822_GBPJPY,GBPJPY,0.7777777777777778,0.8809523809523809,2.1237225236260998e-05,DYNAMIC,BLOCKED_POSITION_EXISTS,,2026-06-16T22:08:22.542312,2026-06-16T22:08:22.638688,,,,0.0,0.0
SIG_20260616_220822_XAUUSD,XAUUSD,0.7738095238095238,0.08928571428571429,0.0005696474297135126,DYNAMIC,GENERATED,,2026-06-16T22:08:22.754180,,,,,0.0,0.0
SIG_20260616_220822_EURUSD,EURUSD,0.6428571428571429,0.9484126984126984,2.4793611938451983e-05,DYNAMIC,GENERATED,,2026-06-16T22:08:22.823879,,,,,0.0,0.0
SIG_20260616_220923_EURJPY,EURJPY,0.5376984126984127,0.6130952380952381,1.2052469222424044e-05,DYNAMIC,GENERATED,,2026-06-16T22:09:23.408403,,,,,0.0,0.0
SIG_20260616_220923_USDJPY,USDJPY,0.7916666666666666,0.998015873015873,1.2976164620398577e-05,DYNAMIC,BLOCKED_POSITION_EXISTS,,2026-06-16T22:09:23.475611,2026-06-16T22:09:23.580018,,,,0.0,0.0
SIG_20260616_220923_GBPJPY,GBPJPY,0.7777777777777778,0.8809523809523809,2.125637338648326e-05,DYNAMIC,BLOCKED_POSITION_EXISTS,,2026-06-16T22:09:23.720654,2026-06-16T22:09:23.830643,,,,0.0,0.0
SIG_20260616_220923_XAUUSD,XAUUSD,0.7738095238095238,0.08928571428571429,0.0005697678402970781,DYNAMIC,GENERATED,,2026-06-16T22:09:23.957297,,,,,0.0,0.0
SIG_20260616_220924_EURUSD,EURUSD,0.6408730158730159,0.9484126984126984,2.4775600158630223e-05,DYNAMIC,GENERATED,,2026-06-16T22:09:24.035145,,,,,0.0,0.0
SIG_20260616_221024_EURJPY,EURJPY,0.5376984126984127,0.6130952380952381,1.2055696103410664e-05,DYNAMIC,GENERATED,,2026-06-16T22:10:24.657353,,,,,0.0,0.0
SIG_20260616_221024_USDJPY,USDJPY,0.7916666666666666,0.998015873015873,1.2976747649096298e-05,DYNAMIC,BLOCKED_POSITION_EXISTS,,2026-06-16T22:10:24.724847,2026-06-16T22:10:24.841296,,,,0.0,0.0
SIG_20260616_221024_GBPJPY,GBPJPY,0.7777777777777778,0.8809523809523809,2.1237225236260998e-05,DYNAMIC,BLOCKED_POSITION_EXISTS,,2026-06-16T22:10:24.964372,2026-06-16T22:10:25.073083,,,,0.0,0.0
SIG_20260616_221025_XAUUSD,XAUUSD,0.7738095238095238,0.08928571428571429,0.000571381241291395,DYNAMIC,GENERATED,,2026-06-16T22:10:25.180763,,,,,0.0,0.0
SIG_20260616_221025_EURUSD,EURUSD,0.6408730158730159,0.9484126984126984,2.4778565212539436e-05,DYNAMIC,GENERATED,,2026-06-16T22:10:25.241274,,,,,0.0,0.0
SIG_20260616_221125_EURJPY,EURJPY,0.5376984126984127,0.6130952380952381,1.2055696103410664e-05,DYNAMIC,GENERATED,,2026-06-16T22:11:25.806489,,,,,0.0,0.0
SIG_20260616_221125_USDJPY,USDJPY,0.7916666666666666,0.998015873015873,1.2978146898003686e-05,DYNAMIC,BLOCKED_POSITION_EXISTS,,2026-06-16T22:11:25.853317,2026-06-16T22:11:25.927699,,,,0.0,0.0
SIG_20260616_221126_GBPJPY,GBPJPY,0.7777777777777778,0.8809523809523809,2.1253508644017416e-05,DYNAMIC,BLOCKED_POSITION_EXISTS,,2026-06-16T22:11:26.010443,2026-06-16T22:11:26.089675,,,,0.0,0.0
SIG_20260616_221126_XAUUSD,XAUUSD,0.7738095238095238,0.08928571428571429,0.0005720437183625643,DYNAMIC,GENERATED,,2026-06-16T22:11:26.200955,,,,,0.0,0.0
SIG_20260616_221126_EURUSD,EURUSD,0.6408730158730159,0.9484126984126984,2.4778565212539436e-05,DYNAMIC,GENERATED,,2026-06-16T22:11:26.267045,,,,,0.0,0.0
SIG_20260616_221226_EURJPY,EURJPY,0.5376984126984127,0.6130952380952381,1.204298992843987e-05,DYNAMIC,GENERATED,,2026-06-16T22:12:26.779134,,,,,0.0,0.0
SIG_20260616_221226_USDJPY,USDJPY,0.7916666666666666,0.998015873015873,1.2974881934775713e-05,DYNAMIC,BLOCKED_POSITION_EXISTS,,2026-06-16T22:12:26.834651,2026-06-16T22:12:26.915051,,,,0.0,0.0
SIG_20260616_221227_GBPJPY,GBPJPY,0.7777777777777778,0.8809523809523809,2.126826335312697e-05,DYNAMIC,BLOCKED_POSITION_EXISTS,,2026-06-16T22:12:27.003572,2026-06-16T22:12:27.085019,,,,0.0,0.0
SIG_20260616_221227_XAUUSD,XAUUSD,0.7738095238095238,0.08928571428571429,0.0005721119202005479,DYNAMIC,GENERATED,,2026-06-16T22:12:27.169056,,,,,0.0,0.0
SIG_20260616_221227_EURUSD,EURUSD,0.6408730158730159,0.9484126984126984,2.4775600158630223e-05,DYNAMIC,GENERATED,,2026-06-16T22:12:27.220475,,,,,0.0,0.0
SIG_20260616_221327_EURJPY,EURJPY,0.5376984126984127,0.6130952380952381,1.2041866205411694e-05,DYNAMIC,GENERATED,,2026-06-16T22:13:27.788174,,,,,0.0,0.0
SIG_20260616_221327_USDJPY,USDJPY,0.7916666666666666,0.998015873015873,1.2974609857658109e-05,DYNAMIC,BLOCKED_POSITION_EXISTS,,2026-06-16T22:13:27.834407,2026-06-16T22:13:27.938374,,,,0.0,0.0
SIG_20260616_221328_GBPJPY,GBPJPY,0.7777777777777778,0.8809523809523809,2.1265226210748776e-05,DYNAMIC,BLOCKED_POSITION_EXISTS,,2026-06-16T22:13:28.028235,2026-06-16T22:13:28.097488,,,,0.0,0.0
SIG_20260616_221328_XAUUSD,XAUUSD,0.7738095238095238,0.08928571428571429,0.0005722102501596214,DYNAMIC,GENERATED,,2026-06-16T22:13:28.178986,,,,,0.0,0.0
SIG_20260616_221328_EURUSD,EURUSD,0.6408730158730159,0.9523809523809523,2.4782123185588053e-05,DYNAMIC,GENERATED,,2026-06-16T22:13:28.235537,,,,,0.0,0.0
SIG_20260616_221428_EURJPY,EURJPY,0.5317460317460317,0.6130952380952381,1.2036333882761951e-05,DYNAMIC,GENERATED,,2026-06-16T22:14:28.727498,,,,,0.0,0.0
SIG_20260616_221428_USDJPY,USDJPY,0.7916666666666666,0.998015873015873,1.297565932414334e-05,DYNAMIC,BLOCKED_POSITION_EXISTS,,2026-06-16T22:14:28.780036,2026-06-16T22:14:28.861118,,,,0.0,0.0
SIG_20260616_221428_GBPJPY,GBPJPY,0.7777777777777778,0.8809523809523809,2.127134359698358e-05,DYNAMIC,BLOCKED_POSITION_EXISTS,,2026-06-16T22:14:28.959747,2026-06-16T22:14:29.044866,,,,0.0,0.0
SIG_20260616_221429_XAUUSD,XAUUSD,0.7738095238095238,0.08928571428571429,0.0005715258778762975,DYNAMIC,GENERATED,,2026-06-16T22:14:29.127725,,,,,0.0,0.0
SIG_20260616_221429_EURUSD,EURUSD,0.6408730158730159,0.9523809523809523,2.4770262818048623e-05,DYNAMIC,GENERATED,,2026-06-16T22:14:29.178206,,,,,0.0,0.0
SIG_20260616_221529_EURJPY,EURJPY,0.5317460317460317,0.6130952380952381,1.2033798131442906e-05,DYNAMIC,GENERATED,,2026-06-16T22:15:29.666946,,,,,0.0,0.0
SIG_20260616_221529_USDJPY,USDJPY,0.7916666666666666,0.998015873015873,1.2976164620398577e-05,DYNAMIC,BLOCKED_POSITION_EXISTS,,2026-06-16T22:15:29.718866,2026-06-16T22:15:29.790885,,,,0.0,0.0
SIG_20260616_221529_GBPJPY,GBPJPY,0.7777777777777778,0.8809523809523809,2.129073022477741e-05,DYNAMIC,BLOCKED_POSITION_EXISTS,,2026-06-16T22:15:29.868725,2026-06-16T22:15:29.955590,,,,0.0,0.0
SIG_20260616_221530_XAUUSD,XAUUSD,0.7738095238095238,0.08928571428571429,0.0005718422217797633,DYNAMIC,GENERATED,,2026-06-16T22:15:30.081807,,,,,0.0,0.0
SIG_20260616_221530_EURUSD,EURUSD,0.6408730158730159,0.9523809523809523,2.4769669747016452e-05,DYNAMIC,GENERATED,,2026-06-16T22:15:30.157406,,,,,0.0,0.0
SIG_20260616_221630_EURJPY,EURJPY,0.5317460317460317,0.6130952380952381,1.2032184420439189e-05,DYNAMIC,GENERATED,,2026-06-16T22:16:30.665193,,,,,0.0,0.0
SIG_20260616_221630_USDJPY,USDJPY,0.7916666666666666,0.998015873015873,1.2974609844571206e-05,DYNAMIC,BLOCKED_POSITION_EXISTS,,2026-06-16T22:16:30.721902,2026-06-16T22:16:30.805533,,,,0.0,0.0
SIG_20260616_221630_GBPJPY,GBPJPY,0.7777777777777778,0.8809523809523809,2.1294112195786288e-05,DYNAMIC,BLOCKED_POSITION_EXISTS,,2026-06-16T22:16:30.883193,2026-06-16T22:16:30.965021,,,,0.0,0.0
SIG_20260616_221631_XAUUSD,XAUUSD,0.7738095238095238,0.08928571428571429,0.0005726554617349021,DYNAMIC,GENERATED,,2026-06-16T22:16:31.060345,,,,,0.0,0.0
SIG_20260616_221631_EURUSD,EURUSD,0.6408730158730159,0.9523809523809523,2.4769669747016452e-05,DYNAMIC,GENERATED,,2026-06-16T22:16:31.110678,,,,,0.0,0.0
SIG_20260616_221731_EURJPY,EURJPY,0.5317460317460317,0.6130952380952381,1.203434563031323e-05,DYNAMIC,GENERATED,,2026-06-16T22:17:31.596009,,,,,0.0,0.0
SIG_20260616_221731_USDJPY,USDJPY,0.7916666666666666,0.998015873015873,1.2974609844571206e-05,DYNAMIC,BLOCKED_POSITION_EXISTS,,2026-06-16T22:17:31.642183,2026-06-16T22:17:31.708663,,,,0.0,0.0
SIG_20260616_221731_GBPJPY,GBPJPY,0.7777777777777778,0.8809523809523809,2.1287391359447577e-05,DYNAMIC,BLOCKED_POSITION_EXISTS,,2026-06-16T22:17:31.785301,2026-06-16T22:17:31.857588,,,,0.0,0.0
SIG_20260616_221731_XAUUSD,XAUUSD,0.7738095238095238,0.08928571428571429,0.0005724708560407576,DYNAMIC,GENERATED,,2026-06-16T22:17:31.949693,,,,,0.0,0.0
SIG_20260616_221732_EURUSD,EURUSD,0.6408730158730159,0.9523809523809523,2.4769892150408812e-05,DYNAMIC,GENERATED,,2026-06-16T22:17:32.006447,,,,,0.0,0.0
SIG_20260616_221832_EURJPY,EURJPY,0.5317460317460317,0.6130952380952381,1.2032876017189408e-05,DYNAMIC,GENERATED,,2026-06-16T22:18:32.500099,,,,,0.0,0.0
SIG_20260616_221832_USDJPY,USDJPY,0.7916666666666666,0.998015873015873,1.2978146898003686e-05,DYNAMIC,BLOCKED_POSITION_EXISTS,,2026-06-16T22:18:32.551226,2026-06-16T22:18:32.627622,,,,0.0,0.0
SIG_20260616_221832_GBPJPY,GBPJPY,0.7777777777777778,0.8809523809523809,2.1308071148620354e-05,DYNAMIC,BLOCKED_POSITION_EXISTS,,2026-06-16T22:18:32.728056,2026-06-16T22:18:32.805428,,,,0.0,0.0
SIG_20260616_221832_XAUUSD,XAUUSD,0.7738095238095238,0.08928571428571429,0.0005721217056158176,DYNAMIC,GENERATED,,2026-06-16T22:18:32.883318,,,,,0.0,0.0
SIG_20260616_221832_EURUSD,EURUSD,0.6408730158730159,0.9523809523809523,2.4770781827812013e-05,DYNAMIC,GENERATED,,2026-06-16T22:18:32.935369,,,,,0.0,0.0
SIG_20260616_221933_EURJPY,EURJPY,0.5317460317460317,0.6130952380952381,1.2032184459114523e-05,DYNAMIC,GENERATED,,2026-06-16T22:19:33.432990,,,,,0.0,0.0
SIG_20260616_221933_USDJPY,USDJPY,0.7916666666666666,0.998015873015873,1.297740840878259e-05,DYNAMIC,BLOCKED_POSITION_EXISTS,,2026-06-16T22:19:33.494139,2026-06-16T22:19:33.580242,,,,0.0,0.0
SIG_20260616_221933_GBPJPY,GBPJPY,0.7817460317460317,0.8809523809523809,2.137080473298562e-05,DYNAMIC,BLOCKED_POSITION_EXISTS,,2026-06-16T22:19:33.694892,2026-06-16T22:19:33.794812,,,,0.0,0.0
SIG_20260616_221933_XAUUSD,XAUUSD,0.7738095238095238,0.08928571428571429,0.0005717011510728443,DYNAMIC,GENERATED,,2026-06-16T22:19:33.907952,,,,,0.0,0.0
SIG_20260616_221933_EURUSD,EURUSD,0.6408730158730159,0.9523809523809523,2.477700984543241e-05,DYNAMIC,GENERATED,,2026-06-16T22:19:33.962851,,,,,0.0,0.0
SIG_20260616_222034_EURJPY,EURJPY,0.5376984126984127,0.6130952380952381,1.2044174134160117e-05,DYNAMIC,GENERATED,,2026-06-16T22:20:34.436681,,,,,0.0,0.0
SIG_20260616_222034_USDJPY,USDJPY,0.7916666666666666,0.998015873015873,1.2974881934775713e-05,DYNAMIC,BLOCKED_POSITION_EXISTS,,2026-06-16T22:20:34.491142,2026-06-16T22:20:34.578189,,,,0.0,0.0
SIG_20260616_222034_GBPJPY,GBPJPY,0.7817460317460317,0.8809523809523809,2.1383796077041373e-05,DYNAMIC,BLOCKED_POSITION_EXISTS,,2026-06-16T22:20:34.662011,2026-06-16T22:20:34.732789,,,,0.0,0.0
SIG_20260616_222034_XAUUSD,XAUUSD,0.7738095238095238,0.08928571428571429,0.000572696950308621,DYNAMIC,GENERATED,,2026-06-16T22:20:34.824505,,,,,0.0,0.0
SIG_20260616_222034_EURUSD,EURUSD,0.6408730158730159,0.9523809523809523,2.4788577030724913e-05,DYNAMIC,GENERATED,,2026-06-16T22:20:34.879827,,,,,0.0,0.0
SIG_20260616_222135_EURJPY,EURJPY,0.5376984126984127,0.6130952380952381,1.2048065261582424e-05,DYNAMIC,GENERATED,,2026-06-16T22:21:35.363787,,,,,0.0,0.0
SIG_20260616_222135_USDJPY,USDJPY,0.7916666666666666,0.998015873015873,1.2978146898003686e-05,DYNAMIC,BLOCKED_POSITION_EXISTS,,2026-06-16T22:21:35.412546,2026-06-16T22:21:35.479039,,,,0.0,0.0
SIG_20260616_222135_GBPJPY,GBPJPY,0.7817460317460317,0.8809523809523809,2.1415618444219824e-05,DYNAMIC,BLOCKED_POSITION_EXISTS,,2026-06-16T22:21:35.567920,2026-06-16T22:21:35.657052,,,,0.0,0.0
SIG_20260616_222135_XAUUSD,XAUUSD,0.7738095238095238,0.08928571428571429,0.0005729814212853306,DYNAMIC,GENERATED,,2026-06-16T22:21:35.746830,,,,,0.0,0.0
SIG_20260616_222135_EURUSD,EURUSD,0.6428571428571429,0.9523809523809523,2.4808821299058815e-05,DYNAMIC,GENERATED,,2026-06-16T22:21:35.811614,,,,,0.0,0.0
SIG_20260616_222236_EURJPY,EURJPY,0.5376984126984127,0.6130952380952381,1.2044174134160117e-05,DYNAMIC,GENERATED,,2026-06-16T22:22:36.316203,,,,,0.0,0.0
SIG_20260616_222236_USDJPY,USDJPY,0.7916666666666666,0.998015873015873,1.2978146898003686e-05,DYNAMIC,BLOCKED_POSITION_EXISTS,,2026-06-16T22:22:36.367701,2026-06-16T22:22:36.451027,,,,0.0,0.0
SIG_20260616_222236_GBPJPY,GBPJPY,0.7817460317460317,0.8809523809523809,2.143964242317078e-05,DYNAMIC,BLOCKED_POSITION_EXISTS,,2026-06-16T22:22:36.535852,2026-06-16T22:22:36.612657,,,,0.0,0.0
SIG_20260616_222236_XAUUSD,XAUUSD,0.7738095238095238,0.08928571428571429,0.0005701717840713412,DYNAMIC,GENERATED,,2026-06-16T22:22:36.703406,,,,,0.0,0.0
SIG_20260616_222236_EURUSD,EURUSD,0.6428571428571429,0.9523809523809523,2.4805484211300996e-05,DYNAMIC,GENERATED,,2026-06-16T22:22:36.753948,,,,,0.0,0.0
SIG_20260616_222337_EURJPY,EURJPY,0.5317460317460317,0.6130952380952381,1.2037112731432052e-05,DYNAMIC,GENERATED,,2026-06-16T22:23:37.230534,,,,,0.0,0.0
SIG_20260616_222337_USDJPY,USDJPY,0.7916666666666666,0.998015873015873,1.2978963115305725e-05,DYNAMIC,BLOCKED_POSITION_EXISTS,,2026-06-16T22:23:37.296354,2026-06-16T22:23:37.376130,,,,0.0,0.0
SIG_20260616_222337_GBPJPY,GBPJPY,0.7817460317460317,0.8809523809523809,2.1415618444219824e-05,DYNAMIC,BLOCKED_POSITION_EXISTS,,2026-06-16T22:23:37.479167,2026-06-16T22:23:37.571992,,,,0.0,0.0
SIG_20260616_222337_XAUUSD,XAUUSD,0.7738095238095238,0.08928571428571429,0.0005699407716414683,DYNAMIC,GENERATED,,2026-06-16T22:23:37.668442,,,,,0.0,0.0
SIG_20260616_222337_EURUSD,EURUSD,0.6428571428571429,0.9523809523809523,2.479361938390005e-05,DYNAMIC,GENERATED,,2026-06-16T22:23:37.728389,,,,,0.0,0.0
SIG_20260616_222438_EURJPY,EURJPY,0.5317460317460317,0.6130952380952381,1.2032184420439189e-05,DYNAMIC,GENERATED,,2026-06-16T22:24:38.232224,,,,,0.0,0.0
SIG_20260616_222438_USDJPY,USDJPY,0.7916666666666666,0.998015873015873,1.2975231761784355e-05,DYNAMIC,BLOCKED_POSITION_EXISTS,,2026-06-16T22:24:38.301729,2026-06-16T22:24:38.379694,,,,0.0,0.0
SIG_20260616_222438_GBPJPY,GBPJPY,0.7777777777777778,0.8809523809523809,2.1338058309361332e-05,DYNAMIC,BLOCKED_POSITION_EXISTS,,2026-06-16T22:24:38.478045,2026-06-16T22:24:38.578779,,,,0.0,0.0
SIG_20260616_222438_XAUUSD,XAUUSD,0.7738095238095238,0.08928571428571429,0.0005701496659420548,DYNAMIC,GENERATED,,2026-06-16T22:24:38.699034,,,,,0.0,0.0
SIG_20260616_222438_EURUSD,EURUSD,0.6408730158730159,0.9523809523809523,2.47696697482931e-05,DYNAMIC,GENERATED,,2026-06-16T22:24:38.756998,,,,,0.0,0.0
SIG_20260616_222539_EURJPY,EURJPY,0.5297619047619048,0.6130952380952381,1.2031492809457271e-05,DYNAMIC,GENERATED,,2026-06-16T22:25:39.217618,,,,,0.0,0.0
SIG_20260616_222539_USDJPY,USDJPY,0.7916666666666666,0.998015873015873,1.2975231761784355e-05,DYNAMIC,BLOCKED_POSITION_EXISTS,,2026-06-16T22:25:39.262326,2026-06-16T22:25:39.343591,,,,0.0,0.0
SIG_20260616_222539_GBPJPY,GBPJPY,0.7817460317460317,0.8809523809523809,2.1375092061918355e-05,DYNAMIC,BLOCKED_POSITION_EXISTS,,2026-06-16T22:25:39.429389,2026-06-16T22:25:39.524460,,,,0.0,0.0
SIG_20260616_222539_XAUUSD,XAUUSD,0.7738095238095238,0.08928571428571429,0.0005694985677060374,DYNAMIC,GENERATED,,2026-06-16T22:25:39.615267,,,,,0.0,0.0
SIG_20260616_222539_EURUSD,EURUSD,0.6408730158730159,0.9523809523809523,2.4772264643913743e-05,DYNAMIC,GENERATED,,2026-06-16T22:25:39.669377,,,,,0.0,0.0
SIG_20260616_222640_EURJPY,EURJPY,0.5297619047619048,0.5436507936507936,1.2031463991366156e-05,DYNAMIC,GENERATED,,2026-06-16T22:26:40.117645,,,,,0.0,0.0
SIG_20260616_222640_USDJPY,USDJPY,0.7916666666666666,0.998015873015873,1.2974609857658109e-05,DYNAMIC,BLOCKED_POSITION_EXISTS,,2026-06-16T22:26:40.169975,2026-06-16T22:26:40.247765,,,,0.0,0.0
SIG_20260616_222640_GBPJPY,GBPJPY,0.7817460317460317,0.8809523809523809,2.137080473298562e-05,DYNAMIC,BLOCKED_POSITION_EXISTS,,2026-06-16T22:26:40.321229,2026-06-16T22:26:40.385878,,,,0.0,0.0
SIG_20260616_222640_XAUUSD,XAUUSD,0.7738095238095238,0.08928571428571429,0.0005695561504667221,DYNAMIC,GENERATED,,2026-06-16T22:26:40.460092,,,,,0.0,0.0
SIG_20260616_222640_EURUSD,EURUSD,0.6408730158730159,0.9523809523809523,2.4769595611701215e-05,DYNAMIC,GENERATED,,2026-06-16T22:26:40.495815,,,,,0.0,0.0
SIG_20260616_222740_EURJPY,EURJPY,0.5317460317460317,0.6130952380952381,1.2034951167590288e-05,DYNAMIC,GENERATED,,2026-06-16T22:27:40.913201,,,,,0.0,0.0
SIG_20260616_222740_USDJPY,USDJPY,0.7916666666666666,0.998015873015873,1.2974609857658109e-05,DYNAMIC,BLOCKED_POSITION_EXISTS,,2026-06-16T22:27:40.958411,2026-06-16T22:27:41.019218,,,,0.0,0.0
SIG_20260616_222741_GBPJPY,GBPJPY,0.7817460317460317,0.8809523809523809,2.142509865872715e-05,DYNAMIC,BLOCKED_POSITION_EXISTS,,2026-06-16T22:27:41.102920,2026-06-16T22:27:41.171352,,,,0.0,0.0
SIG_20260616_222741_XAUUSD,XAUUSD,0.7738095238095238,0.08928571428571429,0.0005701057156287269,DYNAMIC,GENERATED,,2026-06-16T22:27:41.245685,,,,,0.0,0.0
SIG_20260616_222741_EURUSD,EURUSD,0.6408730158730159,0.9523809523809523,2.4773228492382826e-05,DYNAMIC,GENERATED,,2026-06-16T22:27:41.287259,,,,,0.0,0.0
SIG_20260616_222841_EURJPY,EURJPY,0.5297619047619048,0.5436507936507936,1.2031463991366156e-05,DYNAMIC,GENERATED,,2026-06-16T22:28:41.732694,,,,,0.0,0.0
SIG_20260616_222841_USDJPY,USDJPY,0.7916666666666666,0.998015873015873,1.2974609844571206e-05,DYNAMIC,BLOCKED_POSITION_EXISTS,,2026-06-16T22:28:41.784598,2026-06-16T22:28:41.859838,,,,0.0,0.0
SIG_20260616_222841_GBPJPY,GBPJPY,0.7777777777777778,0.8809523809523809,2.1354086594103076e-05,DYNAMIC,BLOCKED_POSITION_EXISTS,,2026-06-16T22:28:41.939142,2026-06-16T22:28:42.002388,,,,0.0,0.0
SIG_20260616_222842_XAUUSD,XAUUSD,0.7738095238095238,0.08928571428571429,0.0005695885117803822,DYNAMIC,GENERATED,,2026-06-16T22:28:42.129116,,,,,0.0,0.0
SIG_20260616_222842_EURUSD,EURUSD,0.6408730158730159,0.9543650793650794,2.4770781827812013e-05,DYNAMIC,GENERATED,,2026-06-16T22:28:42.161190,,,,,0.0,0.0
SIG_20260616_222942_EURJPY,EURJPY,0.5317460317460317,0.6130952380952381,1.203250147049334e-05,DYNAMIC,GENERATED,,2026-06-16T22:29:42.585392,,,,,0.0,0.0
SIG_20260616_222942_USDJPY,USDJPY,0.7916666666666666,0.998015873015873,1.2974415492624926e-05,DYNAMIC,BLOCKED_POSITION_EXISTS,,2026-06-16T22:29:42.627555,2026-06-16T22:29:42.695776,,,,0.0,0.0
SIG_20260616_222942_GBPJPY,GBPJPY,0.7817460317460317,0.8809523809523809,2.14596378939887e-05,DYNAMIC,BLOCKED_POSITION_EXISTS,,2026-06-16T22:29:42.769923,2026-06-16T22:29:42.841333,,,,0.0,0.0
SIG_20260616_222942_XAUUSD,XAUUSD,0.7738095238095238,0.08928571428571429,0.0005690912458535874,DYNAMIC,GENERATED,,2026-06-16T22:29:42.912408,,,,,0.0,0.0
SIG_20260616_222942_EURUSD,EURUSD,0.6408730158730159,0.9543650793650794,2.477434063957173e-05,DYNAMIC,GENERATED,,2026-06-16T22:29:42.953318,,,,,0.0,0.0
SIG_20260616_223043_EURJPY,EURJPY,0.5337301587301587,0.5138888888888888,1.2033394625708032e-05,DYNAMIC,GENERATED,,2026-06-16T22:30:43.394541,,,,,0.0,0.0
SIG_20260616_223043_USDJPY,USDJPY,0.7936507936507936,0.9940476190476191,1.2976161825343713e-05,DYNAMIC,BLOCKED_POSITION_EXISTS,,2026-06-16T22:30:43.448539,2026-06-16T22:30:43.512239,,,,0.0,0.0
SIG_20260616_223043_GBPJPY,GBPJPY,0.7837301587301587,0.871031746031746,2.147297662805832e-05,DYNAMIC,BLOCKED_POSITION_EXISTS,,2026-06-16T22:30:43.631766,2026-06-16T22:30:43.705325,,,,0.0,0.0
SIG_20260616_223043_XAUUSD,XAUUSD,0.7718253968253969,0.06944444444444445,0.0005684213161122253,DYNAMIC,GENERATED,,2026-06-16T22:30:43.805591,,,,,0.0,0.0
SIG_20260616_223043_EURUSD,EURUSD,0.6408730158730159,0.9404761904761905,2.4777075961217998e-05,DYNAMIC,GENERATED,,2026-06-16T22:30:43.871389,,,,,0.0,0.0
SIG_20260616_223144_EURJPY,EURJPY,0.5337301587301587,0.5138888888888888,1.2033538722351801e-05,DYNAMIC,GENERATED,,2026-06-16T22:31:44.319845,,,,,0.0,0.0
SIG_20260616_223144_USDJPY,USDJPY,0.7936507936507936,0.9940476190476191,1.2974918067976474e-05,DYNAMIC,BLOCKED_POSITION_EXISTS,,2026-06-16T22:31:44.360548,2026-06-16T22:31:44.415213,,,,0.0,0.0
SIG_20260616_223144_GBPJPY,GBPJPY,0.7837301587301587,0.871031746031746,2.1471618661143512e-05,DYNAMIC,BLOCKED_POSITION_EXISTS,,2026-06-16T22:31:44.494266,2026-06-16T22:31:44.573458,,,,0.0,0.0
SIG_20260616_223144_XAUUSD,XAUUSD,0.7718253968253969,0.06944444444444445,0.0005685196342170556,DYNAMIC,GENERATED,,2026-06-16T22:31:44.637293,,,,,0.0,0.0
SIG_20260616_223144_EURUSD,EURUSD,0.6388888888888888,0.9404761904761905,2.4774703110176313e-05,DYNAMIC,GENERATED,,2026-06-16T22:31:44.684799,,,,,0.0,0.0
SIG_20260616_223245_EURJPY,EURJPY,0.5337301587301587,0.5138888888888888,1.2033394625708032e-05,DYNAMIC,GENERATED,,2026-06-16T22:32:45.122480,,,,,0.0,0.0
SIG_20260616_223245_USDJPY,USDJPY,0.7936507936507936,0.9940476190476191,1.2976161825343713e-05,DYNAMIC,BLOCKED_POSITION_EXISTS,,2026-06-16T22:32:45.185490,2026-06-16T22:32:45.280419,,,,0.0,0.0
SIG_20260616_223245_GBPJPY,GBPJPY,0.7837301587301587,0.871031746031746,2.147248085912826e-05,DYNAMIC,BLOCKED_POSITION_EXISTS,,2026-06-16T22:32:45.359121,2026-06-16T22:32:45.436180,,,,0.0,0.0
SIG_20260616_223245_XAUUSD,XAUUSD,0.7718253968253969,0.06944444444444445,0.0005684131649175295,DYNAMIC,GENERATED,,2026-06-16T22:32:45.517405,,,,,0.0,0.0
SIG_20260616_223245_EURUSD,EURUSD,0.6388888888888888,0.9404761904761905,2.4775592915269256e-05,DYNAMIC,GENERATED,,2026-06-16T22:32:45.564280,,,,,0.0,0.0
SIG_20260616_223346_EURJPY,EURJPY,0.5317460317460317,0.5138888888888888,1.2033308163389607e-05,DYNAMIC,GENERATED,,2026-06-16T22:33:46.053127,,,,,0.0,0.0
SIG_20260616_223346_USDJPY,USDJPY,0.7916666666666666,0.9940476190476191,1.2974412784322052e-05,DYNAMIC,BLOCKED_POSITION_EXISTS,,2026-06-16T22:33:46.119564,2026-06-16T22:33:46.221758,,,,0.0,0.0
SIG_20260616_223346_GBPJPY,GBPJPY,0.7837301587301587,0.871031746031746,2.147064870484762e-05,DYNAMIC,BLOCKED_POSITION_EXISTS,,2026-06-16T22:33:46.337377,2026-06-16T22:33:46.440645,,,,0.0,0.0
SIG_20260616_223346_XAUUSD,XAUUSD,0.7718253968253969,0.06944444444444445,0.0005683611017926575,DYNAMIC,GENERATED,,2026-06-16T22:33:46.539855,,,,,0.0,0.0
SIG_20260616_223346_EURUSD,EURUSD,0.6388888888888888,0.9404761904761905,2.4775073859531466e-05,DYNAMIC,GENERATED,,2026-06-16T22:33:46.599031,,,,,0.0,0.0
SIG_20260616_223447_EURJPY,EURJPY,0.5337301587301587,0.5138888888888888,1.2034691596072092e-05,DYNAMIC,GENERATED,,2026-06-16T22:34:47.135833,,,,,0.0,0.0
SIG_20260616_223447_USDJPY,USDJPY,0.7936507936507936,0.9940476190476191,1.2974918067976474e-05,DYNAMIC,BLOCKED_POSITION_EXISTS,,2026-06-16T22:34:47.210454,2026-06-16T22:34:47.316990,,,,0.0,0.0
SIG_20260616_223447_GBPJPY,GBPJPY,0.7817460317460317,0.8412698412698413,2.1469872759264524e-05,DYNAMIC,BLOCKED_POSITION_EXISTS,,2026-06-16T22:34:47.466819,2026-06-16T22:34:47.600404,,,,0.0,0.0
SIG_20260616_223447_XAUUSD,XAUUSD,0.7718253968253969,0.06944444444444445,0.000568332288424238,DYNAMIC,GENERATED,,2026-06-16T22:34:47.743440,,,,,0.0,0.0
SIG_20260616_223447_EURUSD,EURUSD,0.6408730158730159,0.9404761904761905,2.4779152278674182e-05,DYNAMIC,GENERATED,,2026-06-16T22:34:47.840656,,,,,0.0,0.0
SIG_20260616_223548_EURJPY,EURJPY,0.5337301587301587,0.5138888888888888,1.2036161538731086e-05,DYNAMIC,GENERATED,,2026-06-16T22:35:48.435776,,,,,0.0,0.0
SIG_20260616_223548_USDJPY,USDJPY,0.7936507936507936,0.9940476190476191,1.2977716493096944e-05,DYNAMIC,BLOCKED_POSITION_EXISTS,,2026-06-16T22:35:48.491363,2026-06-16T22:35:48.578985,,,,0.0,0.0
SIG_20260616_223548_GBPJPY,GBPJPY,0.7837301587301587,0.871031746031746,2.1472028203690143e-05,DYNAMIC,BLOCKED_POSITION_EXISTS,,2026-06-16T22:35:48.673911,2026-06-16T22:35:48.752801,,,,0.0,0.0
SIG_20260616_223548_XAUUSD,XAUUSD,0.7718253968253969,0.06944444444444445,0.0005684797749001807,DYNAMIC,GENERATED,,2026-06-16T22:35:48.839810,,,,,0.0,0.0
SIG_20260616_223548_EURUSD,EURUSD,0.6408730158730159,0.9404761904761905,2.4785084850725256e-05,DYNAMIC,GENERATED,,2026-06-16T22:35:48.890926,,,,,0.0,0.0
SIG_20260616_223649_EURJPY,EURJPY,0.5337301587301587,0.5138888888888888,1.2035613908975009e-05,DYNAMIC,GENERATED,,2026-06-16T22:36:49.393323,,,,,0.0,0.0
SIG_20260616_223649_USDJPY,USDJPY,0.7936507936507936,0.9940476190476191,1.2982963319099991e-05,DYNAMIC,BLOCKED_POSITION_EXISTS,,2026-06-16T22:36:49.444567,2026-06-16T22:36:49.536621,,,,0.0,0.0
SIG_20260616_223649_GBPJPY,GBPJPY,0.7837301587301587,0.871031746031746,2.1471618661143512e-05,DYNAMIC,BLOCKED_POSITION_EXISTS,,2026-06-16T22:36:49.635717,2026-06-16T22:36:49.733125,,,,0.0,0.0
SIG_20260616_223649_XAUUSD,XAUUSD,0.7718253968253969,0.06944444444444445,0.0005683093546341262,DYNAMIC,GENERATED,,2026-06-16T22:36:49.826175,,,,,0.0,0.0
SIG_20260616_223649_EURUSD,EURUSD,0.6428571428571429,0.9404761904761905,2.4793390876674484e-05,DYNAMIC,GENERATED,,2026-06-16T22:36:49.882548,,,,,0.0,0.0
SIG_20260616_223750_EURJPY,EURJPY,0.5337301587301587,0.5138888888888888,1.2033394625708032e-05,DYNAMIC,GENERATED,,2026-06-16T22:37:50.364054,,,,,0.0,0.0
SIG_20260616_223750_USDJPY,USDJPY,0.7936507936507936,0.9940476190476191,1.2988559702203697e-05,DYNAMIC,BLOCKED_POSITION_EXISTS,,2026-06-16T22:37:50.418291,2026-06-16T22:37:50.495735,,,,0.0,0.0
SIG_20260616_223750_GBPJPY,GBPJPY,0.7837301587301587,0.871031746031746,2.1470217620765967e-05,DYNAMIC,BLOCKED_POSITION_EXISTS,,2026-06-16T22:37:50.583771,2026-06-16T22:37:50.656891,,,,0.0,0.0
SIG_20260616_223750_XAUUSD,XAUUSD,0.7718253968253969,0.06944444444444445,0.0005682921563685394,DYNAMIC,GENERATED,,2026-06-16T22:37:50.740843,,,,,0.0,0.0
SIG_20260616_223750_EURUSD,EURUSD,0.6408730158730159,0.9404761904761905,2.4785084850725256e-05,DYNAMIC,GENERATED,,2026-06-16T22:37:50.798181,,,,,0.0,0.0
SIG_20260616_223851_EURJPY,EURJPY,0.5317460317460317,0.5138888888888888,1.2033308163389607e-05,DYNAMIC,GENERATED,,2026-06-16T22:38:51.331959,,,,,0.0,0.0
SIG_20260616_223851_USDJPY,USDJPY,0.7936507936507936,0.9940476190476191,1.2991824169212706e-05,DYNAMIC,BLOCKED_POSITION_EXISTS,,2026-06-16T22:38:51.398851,2026-06-16T22:38:51.487226,,,,0.0,0.0
SIG_20260616_223851_GBPJPY,GBPJPY,0.7837301587301587,0.871031746031746,2.147064870484762e-05,DYNAMIC,BLOCKED_POSITION_EXISTS,,2026-06-16T22:38:51.592729,2026-06-16T22:38:51.674682,,,,0.0,0.0
SIG_20260616_223851_XAUUSD,XAUUSD,0.7718253968253969,0.06944444444444445,0.0005683332175015167,DYNAMIC,GENERATED,,2026-06-16T22:38:51.762065,,,,,0.0,0.0
SIG_20260616_223851_EURUSD,EURUSD,0.6408730158730159,0.9404761904761905,2.4786938836328804e-05,DYNAMIC,GENERATED,,2026-06-16T22:38:51.829479,,,,,0.0,0.0
SIG_20260616_223952_EURJPY,EURJPY,0.5337301587301587,0.5138888888888888,1.2036766406726837e-05,DYNAMIC,GENERATED,,2026-06-16T22:39:52.355961,,,,,0.0,0.0
SIG_20260616_223952_USDJPY,USDJPY,0.7936507936507936,0.9940476190476191,1.2990153080631175e-05,DYNAMIC,BLOCKED_POSITION_EXISTS,,2026-06-16T22:39:52.430604,2026-06-16T22:39:52.532118,,,,0.0,0.0
SIG_20260616_223952_GBPJPY,GBPJPY,0.7837301587301587,0.871031746031746,2.1472028003563526e-05,DYNAMIC,BLOCKED_POSITION_EXISTS,,2026-06-16T22:39:52.649619,2026-06-16T22:39:52.767420,,,,0.0,0.0
SIG_20260616_223952_XAUUSD,XAUUSD,0.7718253968253969,0.06944444444444445,0.0005683278023543856,DYNAMIC,GENERATED,,2026-06-16T22:39:52.899376,,,,,0.0,0.0
SIG_20260616_223952_EURUSD,EURUSD,0.6408730158730159,0.9404761904761905,2.4778039959091875e-05,DYNAMIC,GENERATED,,2026-06-16T22:39:52.969012,,,,,0.0,0.0
SIG_20260616_224053_EURJPY,EURJPY,0.5376984126984127,0.5138888888888888,1.2038927719007866e-05,DYNAMIC,GENERATED,,2026-06-16T22:40:53.489634,,,,,0.0,0.0
SIG_20260616_224053_USDJPY,USDJPY,0.7936507936507936,0.9940476190476191,1.2985606081623513e-05,DYNAMIC,BLOCKED_POSITION_EXISTS,,2026-06-16T22:40:53.542259,2026-06-16T22:40:53.625280,,,,0.0,0.0
SIG_20260616_224053_GBPJPY,GBPJPY,0.7837301587301587,0.871031746031746,2.14735150714027e-05,DYNAMIC,BLOCKED_POSITION_EXISTS,,2026-06-16T22:40:53.712635,2026-06-16T22:40:53.787924,,,,0.0,0.0
SIG_20260616_224053_XAUUSD,XAUUSD,0.7718253968253969,0.06944444444444445,0.0005686082681443869,DYNAMIC,GENERATED,,2026-06-16T22:40:53.885431,,,,,0.0,0.0
SIG_20260616_224053_EURUSD,EURUSD,0.6388888888888888,0.9404761904761905,2.4775592915269256e-05,DYNAMIC,GENERATED,,2026-06-16T22:40:53.943177,,,,,0.0,0.0
SIG_20260616_224154_EURJPY,EURJPY,0.5396825396825397,0.5138888888888888,1.2041607681748172e-05,DYNAMIC,GENERATED,,2026-06-16T22:41:54.468357,,,,,0.0,0.0
SIG_20260616_224154_USDJPY,USDJPY,0.7936507936507936,0.9940476190476191,1.2981758513243023e-05,DYNAMIC,BLOCKED_POSITION_EXISTS,,2026-06-16T22:41:54.533416,2026-06-16T22:41:54.634733,,,,0.0,0.0
SIG_20260616_224154_GBPJPY,GBPJPY,0.7837301587301587,0.871031746031746,2.1471618515251208e-05,DYNAMIC,BLOCKED_POSITION_EXISTS,,2026-06-16T22:41:54.748398,2026-06-16T22:41:54.833848,,,,0.0,0.0
SIG_20260616_224154_XAUUSD,XAUUSD,0.7718253968253969,0.06944444444444445,0.0005688953338962039,DYNAMIC,GENERATED,,2026-06-16T22:41:54.935657,,,,,0.0,0.0
SIG_20260616_224155_EURUSD,EURUSD,0.6388888888888888,0.9404761904761905,2.477440651528937e-05,DYNAMIC,GENERATED,,2026-06-16T22:41:55.000201,,,,,0.0,0.0
SIG_20260616_224255_EURJPY,EURJPY,0.5376984126984127,0.5138888888888888,1.2038149652514687e-05,DYNAMIC,GENERATED,,2026-06-16T22:42:55.479954,,,,,0.0,0.0
SIG_20260616_224255_USDJPY,USDJPY,0.7936507936507936,0.9940476190476191,1.2980631426260644e-05,DYNAMIC,BLOCKED_POSITION_EXISTS,,2026-06-16T22:42:55.515707,2026-06-16T22:42:55.602277,,,,0.0,0.0
SIG_20260616_224255_GBPJPY,GBPJPY,0.7837301587301587,0.871031746031746,2.1472480592759708e-05,DYNAMIC,BLOCKED_POSITION_EXISTS,,2026-06-16T22:42:55.687796,2026-06-16T22:42:55.760298,,,,0.0,0.0
SIG_20260616_224255_XAUUSD,XAUUSD,0.7718253968253969,0.06944444444444445,0.0005687418466891157,DYNAMIC,GENERATED,,2026-06-16T22:42:55.843494,,,,,0.0,0.0
SIG_20260616_224255_EURUSD,EURUSD,0.6388888888888888,0.9404761904761905,2.4774703110176313e-05,DYNAMIC,GENERATED,,2026-06-16T22:42:55.881438,,,,,0.0,0.0
SIG_20260616_224356_EURJPY,EURJPY,0.5337301587301587,0.5138888888888888,1.2033538722351801e-05,DYNAMIC,GENERATED,,2026-06-16T22:43:56.452678,,,,,0.0,0.0
SIG_20260616_224356_USDJPY,USDJPY,0.7936507936507936,0.9940476190476191,1.2988559702203697e-05,DYNAMIC,BLOCKED_POSITION_EXISTS,,2026-06-16T22:43:56.540015,2026-06-16T22:43:56.661470,,,,0.0,0.0
SIG_20260616_224356_GBPJPY,GBPJPY,0.7837301587301587,0.871031746031746,2.146995897223835e-05,DYNAMIC,BLOCKED_POSITION_EXISTS,,2026-06-16T22:43:56.787802,2026-06-16T22:43:56.905361,,,,0.0,0.0
SIG_20260616_224357_XAUUSD,XAUUSD,0.7738095238095238,0.06944444444444445,0.0005693113313098826,DYNAMIC,GENERATED,,2026-06-16T22:43:57.021270,,,,,0.0,0.0
SIG_20260616_224357_EURUSD,EURUSD,0.6408730158730159,0.9404761904761905,2.4786938836328804e-05,DYNAMIC,GENERATED,,2026-06-16T22:43:57.088485,,,,,0.0,0.0
SIG_20260616_224457_EURJPY,EURJPY,0.5337301587301587,0.5138888888888888,1.2033740459509759e-05,DYNAMIC,GENERATED,,2026-06-16T22:44:57.650806,,,,,0.0,0.0
SIG_20260616_224457_USDJPY,USDJPY,0.7936507936507936,0.9940476190476191,1.2990153080631175e-05,DYNAMIC,BLOCKED_POSITION_EXISTS,,2026-06-16T22:44:57.717387,2026-06-16T22:44:57.828094,,,,0.0,0.0
SIG_20260616_224457_GBPJPY,GBPJPY,0.7817460317460317,0.8392857142857143,2.1469872759264524e-05,DYNAMIC,BLOCKED_POSITION_EXISTS,,2026-06-16T22:44:57.962484,2026-06-16T22:44:58.078951,,,,0.0,0.0
SIG_20260616_224458_XAUUSD,XAUUSD,0.7738095238095238,0.06944444444444445,0.0005695782986708366,DYNAMIC,GENERATED,,2026-06-16T22:44:58.212766,,,,,0.0,0.0
SIG_20260616_224458_EURUSD,EURUSD,0.6408730158730159,0.9404761904761905,2.4785084850725256e-05,DYNAMIC,GENERATED,,2026-06-16T22:44:58.279095,,,,,0.0,0.0
SIG_20260616_224558_EURJPY,EURJPY,0.5337301587301587,0.5138888888888888,1.2033538722351801e-05,DYNAMIC,GENERATED,,2026-06-16T22:45:58.869488,,,,,0.0,0.0
SIG_20260616_224558_USDJPY,USDJPY,0.7936507936507936,0.9940476190476191,1.2985606081623513e-05,DYNAMIC,BLOCKED_POSITION_EXISTS,,2026-06-16T22:45:58.936862,2026-06-16T22:45:59.064443,,,,0.0,0.0
SIG_20260616_224559_GBPJPY,GBPJPY,0.7837301587301587,0.871031746031746,2.1470411582846414e-05,DYNAMIC,BLOCKED_POSITION_EXISTS,,2026-06-16T22:45:59.200094,2026-06-16T22:45:59.318303,,,,0.0,0.0
SIG_20260616_224559_XAUUSD,XAUUSD,0.7738095238095238,0.06944444444444445,0.0005700984639834539,DYNAMIC,GENERATED,,2026-06-16T22:45:59.450217,,,,,0.0,0.0
SIG_20260616_224559_EURUSD,EURUSD,0.6408730158730159,0.9404761904761905,2.4781821898291456e-05,DYNAMIC,GENERATED,,2026-06-16T22:45:59.505243,,,,,0.0,0.0
SIG_20260616_224700_EURJPY,EURJPY,0.5337301587301587,0.5138888888888888,1.2034691489933253e-05,DYNAMIC,GENERATED,,2026-06-16T22:47:00.018927,,,,,0.0,0.0
SIG_20260616_224700_USDJPY,USDJPY,0.7936507936507936,0.9940476190476191,1.2990153080631175e-05,DYNAMIC,BLOCKED_POSITION_EXISTS,,2026-06-16T22:47:00.091168,2026-06-16T22:47:00.184999,,,,0.0,0.0
SIG_20260616_224700_GBPJPY,GBPJPY,0.7837301587301587,0.871031746031746,2.147064866162029e-05,DYNAMIC,BLOCKED_POSITION_EXISTS,,2026-06-16T22:47:00.280152,2026-06-16T22:47:00.372917,,,,0.0,0.0
SIG_20260616_224700_XAUUSD,XAUUSD,0.7738095238095238,0.06944444444444445,0.0005700491976187438,DYNAMIC,GENERATED,,2026-06-16T22:47:00.465977,,,,,0.0,0.0
SIG_20260616_224700_EURUSD,EURUSD,0.6408730158730159,0.9404761904761905,2.4780412923796762e-05,DYNAMIC,GENERATED,,2026-06-16T22:47:00.515029,,,,,0.0,0.0
SIG_20260616_224801_EURJPY,EURJPY,0.5337301587301587,0.5138888888888888,1.2036161229288456e-05,DYNAMIC,GENERATED,,2026-06-16T22:48:01.082386,,,,,0.0,0.0
SIG_20260616_224801_USDJPY,USDJPY,0.7936507936507936,0.9940476190476191,1.2984245842377891e-05,DYNAMIC,BLOCKED_POSITION_EXISTS,,2026-06-16T22:48:01.163924,2026-06-16T22:48:01.300657,,,,0.0,0.0
SIG_20260616_224801_GBPJPY,GBPJPY,0.7837301587301587,0.871031746031746,2.14735150714027e-05,DYNAMIC,BLOCKED_POSITION_EXISTS,,2026-06-16T22:48:01.446008,2026-06-16T22:48:01.572793,,,,0.0,0.0
SIG_20260616_224801_XAUUSD,XAUUSD,0.7738095238095238,0.06944444444444445,0.000571250850186918,DYNAMIC,GENERATED,,2026-06-16T22:48:01.689027,,,,,0.0,0.0
SIG_20260616_224801_EURUSD,EURUSD,0.6388888888888888,0.9404761904761905,2.4775592915269256e-05,DYNAMIC,GENERATED,,2026-06-16T22:48:01.755009,,,,,0.0,0.0
SIG_20260616_224902_EURJPY,EURJPY,0.5396825396825397,0.5138888888888888,1.2040656734552699e-05,DYNAMIC,GENERATED,,2026-06-16T22:49:02.373744,,,,,0.0,0.0
SIG_20260616_224902_USDJPY,USDJPY,0.7936507936507936,0.9940476190476191,1.2990153080631175e-05,DYNAMIC,BLOCKED_POSITION_EXISTS,,2026-06-16T22:49:02.440155,2026-06-16T22:49:02.529089,,,,0.0,0.0
SIG_20260616_224902_GBPJPY,GBPJPY,0.7837301587301587,0.871031746031746,2.1470928843679267e-05,DYNAMIC,BLOCKED_POSITION_EXISTS,,2026-06-16T22:49:02.657278,2026-06-16T22:49:02.770621,,,,0.0,0.0
SIG_20260616_224902_XAUUSD,XAUUSD,0.7738095238095238,0.06944444444444445,0.0005728824416732512,DYNAMIC,GENERATED,,2026-06-16T22:49:02.890086,,,,,0.0,0.0
SIG_20260616_224902_EURUSD,EURUSD,0.6408730158730159,0.9404761904761905,2.4776260281220982e-05,DYNAMIC,GENERATED,,2026-06-16T22:49:02.956264,,,,,0.0,0.0
SIG_20260616_225003_EURJPY,EURJPY,0.5337301587301587,0.5138888888888888,1.2035613683391243e-05,DYNAMIC,GENERATED,,2026-06-16T22:50:03.501894,,,,,0.0,0.0
SIG_20260616_225003_USDJPY,USDJPY,0.7936507936507936,0.9940476190476191,1.2995399471024097e-05,DYNAMIC,BLOCKED_POSITION_EXISTS,,2026-06-16T22:50:03.578815,2026-06-16T22:50:03.692290,,,,0.0,0.0
SIG_20260616_225003_GBPJPY,GBPJPY,0.7837301587301587,0.871031746031746,2.1470066737555094e-05,DYNAMIC,BLOCKED_POSITION_EXISTS,,2026-06-16T22:50:03.818440,2026-06-16T22:50:03.938492,,,,0.0,0.0
SIG_20260616_225004_XAUUSD,XAUUSD,0.7738095238095238,0.06944444444444445,0.0005726577304434426,DYNAMIC,GENERATED,,2026-06-16T22:50:04.062906,,,,,0.0,0.0
SIG_20260616_225004_EURUSD,EURUSD,0.6408730158730159,0.9404761904761905,2.4781821898291456e-05,DYNAMIC,GENERATED,,2026-06-16T22:50:04.130486,,,,,0.0,0.0
SIG_20260616_225104_EURJPY,EURJPY,0.5337301587301587,0.5138888888888888,1.2033740459509759e-05,DYNAMIC,GENERATED,,2026-06-16T22:51:04.707076,,,,,0.0,0.0
SIG_20260616_225104_USDJPY,USDJPY,0.7936507936507936,0.9940476190476191,1.3015334598136832e-05,DYNAMIC,BLOCKED_POSITION_EXISTS,,2026-06-16T22:51:04.770092,2026-06-16T22:51:04.870974,,,,0.0,0.0
SIG_20260616_225104_GBPJPY,GBPJPY,0.7837301587301587,0.871031746031746,2.147248085912826e-05,DYNAMIC,BLOCKED_POSITION_EXISTS,,2026-06-16T22:51:04.994616,2026-06-16T22:51:05.107066,,,,0.0,0.0
SIG_20260616_225105_XAUUSD,XAUUSD,0.7777777777777778,0.06944444444444445,0.0005775117193765932,DYNAMIC,GENERATED,,2026-06-16T22:51:05.253855,,,,,0.0,0.0
SIG_20260616_225105_EURUSD,EURUSD,0.6428571428571429,0.9404761904761905,2.480407060180488e-05,DYNAMIC,GENERATED,,2026-06-16T22:51:05.336334,,,,,0.0,0.0
SIG_20260616_225205_EURJPY,EURJPY,0.5376984126984127,0.5138888888888888,1.2038149652514687e-05,DYNAMIC,GENERATED,,2026-06-16T22:52:05.884790,,,,,0.0,0.0
SIG_20260616_225205_USDJPY,USDJPY,0.7936507936507936,0.9940476190476191,1.3015334598136832e-05,DYNAMIC,BLOCKED_POSITION_EXISTS,,2026-06-16T22:52:05.969342,2026-06-16T22:52:06.118103,,,,0.0,0.0
SIG_20260616_225206_GBPJPY,GBPJPY,0.7837301587301587,0.871031746031746,2.147248085912826e-05,DYNAMIC,BLOCKED_POSITION_EXISTS,,2026-06-16T22:52:06.293226,2026-06-16T22:52:06.410597,,,,0.0,0.0
SIG_20260616_225206_XAUUSD,XAUUSD,0.7777777777777778,0.06944444444444445,0.0005777234174115971,DYNAMIC,GENERATED,,2026-06-16T22:52:06.591381,,,,,0.0,0.0
SIG_20260616_225206_EURUSD,EURUSD,0.6408730158730159,0.9404761904761905,2.4791091845470845e-05,DYNAMIC,GENERATED,,2026-06-16T22:52:06.683762,,,,,0.0,0.0
SIG_20260616_225307_EURJPY,EURJPY,0.5396825396825397,0.5138888888888888,1.20426162539883e-05,DYNAMIC,GENERATED,,2026-06-16T22:53:07.258529,,,,,0.0,0.0
SIG_20260616_225307_USDJPY,USDJPY,0.7956349206349206,0.9940476190476191,1.3023378161706743e-05,DYNAMIC,BLOCKED_POSITION_EXISTS,,2026-06-16T22:53:07.316042,2026-06-16T22:53:07.418416,,,,0.0,0.0
SIG_20260616_225307_GBPJPY,GBPJPY,0.7837301587301587,0.871031746031746,2.1470066737555094e-05,DYNAMIC,BLOCKED_POSITION_EXISTS,,2026-06-16T22:53:07.521826,2026-06-16T22:53:07.603276,,,,0.0,0.0
SIG_20260616_225307_XAUUSD,XAUUSD,0.7797619047619048,0.1349206349206349,0.0005797998467437521,DYNAMIC,GENERATED,,2026-06-16T22:53:07.685209,,,,,0.0,0.0
SIG_20260616_225307_EURUSD,EURUSD,0.6408730158730159,0.9404761904761905,2.4786938836328804e-05,DYNAMIC,GENERATED,,2026-06-16T22:53:07.743641,,,,,0.0,0.0
SIG_20260616_225408_EURJPY,EURJPY,0.5337301587301587,0.5138888888888888,1.2036766406726837e-05,DYNAMIC,GENERATED,,2026-06-16T22:54:08.222853,,,,,0.0,0.0
SIG_20260616_225408_USDJPY,USDJPY,0.7956349206349206,0.9940476190476191,1.3023378161706743e-05,DYNAMIC,BLOCKED_POSITION_EXISTS,,2026-06-16T22:54:08.282416,2026-06-16T22:54:08.364094,,,,0.0,0.0
SIG_20260616_225408_GBPJPY,GBPJPY,0.7837301587301587,0.871031746031746,2.146995897223835e-05,DYNAMIC,BLOCKED_POSITION_EXISTS,,2026-06-16T22:54:08.459941,2026-06-16T22:54:08.539684,,,,0.0,0.0
SIG_20260616_225408_XAUUSD,XAUUSD,0.7797619047619048,0.1349206349206349,0.0005793341707203935,DYNAMIC,GENERATED,,2026-06-16T22:54:08.629836,,,,,0.0,0.0
SIG_20260616_225408_EURUSD,EURUSD,0.6428571428571429,0.9404761904761905,2.4793390876674484e-05,DYNAMIC,GENERATED,,2026-06-16T22:54:08.681326,,,,,0.0,0.0
SIG_20260616_225509_EURJPY,EURJPY,0.5396825396825397,0.5138888888888888,1.2039763413329959e-05,DYNAMIC,GENERATED,,2026-06-16T22:55:09.145164,,,,,0.0,0.0
SIG_20260616_225509_USDJPY,USDJPY,0.7956349206349206,0.9940476190476191,1.3023378161706743e-05,DYNAMIC,BLOCKED_POSITION_EXISTS,,2026-06-16T22:55:09.220105,2026-06-16T22:55:09.321208,,,,0.0,0.0
SIG_20260616_225509_GBPJPY,GBPJPY,0.7817460317460317,0.871031746031746,2.1469894312608053e-05,DYNAMIC,BLOCKED_POSITION_EXISTS,,2026-06-16T22:55:09.431430,2026-06-16T22:55:09.523017,,,,0.0,0.0
SIG_20260616_225509_XAUUSD,XAUUSD,0.7777777777777778,0.06944444444444445,0.0005766088775605678,DYNAMIC,GENERATED,,2026-06-16T22:55:09.623440,,,,,0.0,0.0
SIG_20260616_225509_EURUSD,EURUSD,0.6408730158730159,0.9404761904761905,2.4788941166633134e-05,DYNAMIC,GENERATED,,2026-06-16T22:55:09.682150,,,,,0.0,0.0
SIG_20260616_225610_EURJPY,EURJPY,0.5396825396825397,0.5138888888888888,1.2041607681748172e-05,DYNAMIC,GENERATED,,2026-06-16T22:56:10.176831,,,,,0.0,0.0
SIG_20260616_225610_USDJPY,USDJPY,0.7936507936507936,0.9940476190476191,1.3012808793775433e-05,DYNAMIC,BLOCKED_POSITION_EXISTS,,2026-06-16T22:56:10.242488,2026-06-16T22:56:10.321637,,,,0.0,0.0
SIG_20260616_225610_GBPJPY,GBPJPY,0.7837301587301587,0.871031746031746,2.146995897223835e-05,DYNAMIC,BLOCKED_POSITION_EXISTS,,2026-06-16T22:56:10.425180,2026-06-16T22:56:10.511273,,,,0.0,0.0
SIG_20260616_225610_XAUUSD,XAUUSD,0.7757936507936508,0.06944444444444445,0.0005759176337780184,DYNAMIC,GENERATED,,2026-06-16T22:56:10.595409,,,,,0.0,0.0
SIG_20260616_225610_EURUSD,EURUSD,0.6408730158730159,0.9404761904761905,2.4781821898291456e-05,DYNAMIC,GENERATED,,2026-06-16T22:56:10.652149,,,,,0.0,0.0
SIG_20260616_225711_EURJPY,EURJPY,0.5396825396825397,0.5138888888888888,1.205428637804254e-05,DYNAMIC,GENERATED,,2026-06-16T22:57:11.121904,,,,,0.0,0.0
SIG_20260616_225711_USDJPY,USDJPY,0.7936507936507936,0.9940476190476191,1.3012808793775433e-05,DYNAMIC,BLOCKED_POSITION_EXISTS,,2026-06-16T22:57:11.173109,2026-06-16T22:57:11.261558,,,,0.0,0.0
SIG_20260616_225711_GBPJPY,GBPJPY,0.7837301587301587,0.871031746031746,2.146995897223835e-05,DYNAMIC,BLOCKED_POSITION_EXISTS,,2026-06-16T22:57:11.358103,2026-06-16T22:57:11.434904,,,,0.0,0.0
SIG_20260616_225711_XAUUSD,XAUUSD,0.7738095238095238,0.06944444444444445,0.0005743380580888772,DYNAMIC,GENERATED,,2026-06-16T22:57:11.539889,,,,,0.0,0.0
SIG_20260616_225711_EURUSD,EURUSD,0.6388888888888888,0.9404761904761905,2.4775592915269256e-05,DYNAMIC,GENERATED,,2026-06-16T22:57:11.604661,,,,,0.0,0.0
SIG_20260616_225812_EURJPY,EURJPY,0.5396825396825397,0.5138888888888888,1.2047226774835105e-05,DYNAMIC,GENERATED,,2026-06-16T22:58:12.110226,,,,,0.0,0.0
SIG_20260616_225812_USDJPY,USDJPY,0.7956349206349206,0.9940476190476191,1.3017938095214723e-05,DYNAMIC,BLOCKED_POSITION_EXISTS,,2026-06-16T22:58:12.195689,2026-06-16T22:58:12.313608,,,,0.0,0.0
SIG_20260616_225812_GBPJPY,GBPJPY,0.7837301587301587,0.871031746031746,2.1470066742958487e-05,DYNAMIC,BLOCKED_POSITION_EXISTS,,2026-06-16T22:58:12.453907,2026-06-16T22:58:12.575328,,,,0.0,0.0
SIG_20260616_225812_XAUUSD,XAUUSD,0.7757936507936508,0.06944444444444445,0.0005751109271314959,DYNAMIC,GENERATED,,2026-06-16T22:58:12.706617,,,,,0.0,0.0
SIG_20260616_225812_EURUSD,EURUSD,0.6408730158730159,0.9404761904761905,2.4781821898291456e-05,DYNAMIC,GENERATED,,2026-06-16T22:58:12.779385,,,,,0.0,0.0
SIG_20260616_225913_EURJPY,EURJPY,0.5396825396825397,0.5138888888888888,1.204852345837863e-05,DYNAMIC,GENERATED,,2026-06-16T22:59:13.329523,,,,,0.0,0.0
SIG_20260616_225913_USDJPY,USDJPY,0.7936507936507936,0.9940476190476191,1.3007990269012237e-05,DYNAMIC,BLOCKED_POSITION_EXISTS,,2026-06-16T22:59:13.413956,2026-06-16T22:59:13.548264,,,,0.0,0.0
SIG_20260616_225913_GBPJPY,GBPJPY,0.7837301587301587,0.871031746031746,2.1470066737555094e-05,DYNAMIC,BLOCKED_POSITION_EXISTS,,2026-06-16T22:59:13.674704,2026-06-16T22:59:13.780134,,,,0.0,0.0
SIG_20260616_225913_XAUUSD,XAUUSD,0.7738095238095238,0.06944444444444445,0.0005720174963561465,DYNAMIC,GENERATED,,2026-06-16T22:59:13.901124,,,,,0.0,0.0
SIG_20260616_225913_EURUSD,EURUSD,0.6408730158730159,0.9404761904761905,2.4778039959091875e-05,DYNAMIC,GENERATED,,2026-06-16T22:59:13.973659,,,,,0.0,0.0
SIG_20260616_230014_EURJPY,EURJPY,0.5396825396825397,0.5138888888888888,1.2041607681748172e-05,DYNAMIC,GENERATED,,2026-06-16T23:00:14.522248,,,,,0.0,0.0
SIG_20260616_230014_USDJPY,USDJPY,0.7956349206349206,0.9940476190476191,1.3017938095214723e-05,DYNAMIC,BLOCKED_POSITION_EXISTS,,2026-06-16T23:00:14.604398,2026-06-16T23:00:14.741327,,,,0.0,0.0
SIG_20260616_230014_GBPJPY,GBPJPY,0.7817460317460317,0.871031746031746,2.146989431280817e-05,DYNAMIC,BLOCKED_POSITION_EXISTS,,2026-06-16T23:00:14.889937,2026-06-16T23:00:14.992925,,,,0.0,0.0
SIG_20260616_230015_XAUUSD,XAUUSD,0.7738095238095238,0.06944444444444445,0.0005695471021010092,DYNAMIC,GENERATED,,2026-06-16T23:00:15.097716,,,,,0.0,0.0
SIG_20260616_230015_EURUSD,EURUSD,0.6408730158730159,0.9404761904761905,2.4785084850725256e-05,DYNAMIC,GENERATED,,2026-06-16T23:00:15.169738,,,,,0.0,0.0
SIG_20260616_230115_EURJPY,EURJPY,0.5317460317460317,0.5138888888888888,1.2033308163080176e-05,DYNAMIC,GENERATED,,2026-06-16T23:01:15.704777,,,,,0.0,0.0
SIG_20260616_230115_USDJPY,USDJPY,0.7936507936507936,0.9940476190476191,1.2991824169212706e-05,DYNAMIC,BLOCKED_POSITION_EXISTS,,2026-06-16T23:01:15.762767,2026-06-16T23:01:15.851505,,,,0.0,0.0
SIG_20260616_230115_GBPJPY,GBPJPY,0.7837301587301587,0.871031746031746,2.147610219610608e-05,DYNAMIC,BLOCKED_POSITION_EXISTS,,2026-06-16T23:01:15.962034,2026-06-16T23:01:16.048857,,,,0.0,0.0
SIG_20260616_230116_XAUUSD,XAUUSD,0.7738095238095238,0.06944444444444445,0.0005700984639834539,DYNAMIC,GENERATED,,2026-06-16T23:01:16.151480,,,,,0.0,0.0
SIG_20260616_230116_EURUSD,EURUSD,0.6408730158730159,0.9404761904761905,2.4786938836328804e-05,DYNAMIC,GENERATED,,2026-06-16T23:01:16.213917,,,,,0.0,0.0
SIG_20260616_230216_EURJPY,EURJPY,0.5396825396825397,0.5138888888888888,1.2045987711696419e-05,DYNAMIC,GENERATED,,2026-06-16T23:02:16.737845,,,,,0.0,0.0
SIG_20260616_230216_USDJPY,USDJPY,0.7936507936507936,0.9940476190476191,1.3015334598136832e-05,DYNAMIC,BLOCKED_POSITION_EXISTS,,2026-06-16T23:02:16.803400,2026-06-16T23:02:16.906293,,,,0.0,0.0
SIG_20260616_230216_GBPJPY,GBPJPY,0.7837301587301587,0.871031746031746,2.1470066737555094e-05,DYNAMIC,BLOCKED_POSITION_EXISTS,,2026-06-16T23:02:16.997327,2026-06-16T23:02:17.077785,,,,0.0,0.0
SIG_20260616_230217_XAUUSD,XAUUSD,0.7738095238095238,0.06944444444444445,0.000569690506323951,DYNAMIC,GENERATED,,2026-06-16T23:02:17.169776,,,,,0.0,0.0
SIG_20260616_230217_EURUSD,EURUSD,0.6408730158730159,0.9404761904761905,2.4781821898291456e-05,DYNAMIC,GENERATED,,2026-06-16T23:02:17.227458,,,,,0.0,0.0
SIG_20260616_230317_EURJPY,EURJPY,0.5396825396825397,0.5138888888888888,1.2041607681748172e-05,DYNAMIC,GENERATED,,2026-06-16T23:03:17.723272,,,,,0.0,0.0
SIG_20260616_230317_USDJPY,USDJPY,0.7976190476190477,0.9940476190476191,1.3029128981628275e-05,DYNAMIC,BLOCKED_POSITION_EXISTS,,2026-06-16T23:03:17.791849,2026-06-16T23:03:17.910410,,,,0.0,0.0
SIG_20260616_230318_GBPJPY,GBPJPY,0.7817460317460317,0.871031746031746,2.146989431280817e-05,DYNAMIC,BLOCKED_POSITION_EXISTS,,2026-06-16T23:03:18.042569,2026-06-16T23:03:18.144898,,,,0.0,0.0
SIG_20260616_230318_XAUUSD,XAUUSD,0.7738095238095238,0.06944444444444445,0.0005693775634405072,DYNAMIC,GENERATED,,2026-06-16T23:03:18.256119,,,,,0.0,0.0
SIG_20260616_230318_EURUSD,EURUSD,0.6408730158730159,0.9404761904761905,2.4788941166633134e-05,DYNAMIC,GENERATED,,2026-06-16T23:03:18.333695,,,,,0.0,0.0
SIG_20260616_230418_EURJPY,EURJPY,0.5396825396825397,0.5138888888888888,1.204852345837863e-05,DYNAMIC,GENERATED,,2026-06-16T23:04:18.859798,,,,,0.0,0.0
SIG_20260616_230418_USDJPY,USDJPY,0.7956349206349206,0.9940476190476191,1.3017938095214723e-05,DYNAMIC,BLOCKED_POSITION_EXISTS,,2026-06-16T23:04:18.929358,2026-06-16T23:04:19.034555,,,,0.0,0.0
SIG_20260616_230419_GBPJPY,GBPJPY,0.7837301587301587,0.871031746031746,2.146995897223835e-05,DYNAMIC,BLOCKED_POSITION_EXISTS,,2026-06-16T23:04:19.144751,2026-06-16T23:04:19.245306,,,,0.0,0.0
SIG_20260616_230419_XAUUSD,XAUUSD,0.7718253968253969,0.06944444444444445,0.000568935372596167,DYNAMIC,GENERATED,,2026-06-16T23:04:19.365046,,,,,0.0,0.0
SIG_20260616_230419_EURUSD,EURUSD,0.6408730158730159,0.9404761904761905,2.4780412923796762e-05,DYNAMIC,GENERATED,,2026-06-16T23:04:19.424668,,,,,0.0,0.0
SIG_20260616_230519_EURJPY,EURJPY,0.5396825396825397,0.5138888888888888,1.2039763413329959e-05,DYNAMIC,GENERATED,,2026-06-16T23:05:19.913786,,,,,0.0,0.0
SIG_20260616_230519_USDJPY,USDJPY,0.7956349206349206,0.9940476190476191,1.3017938095214723e-05,DYNAMIC,BLOCKED_POSITION_EXISTS,,2026-06-16T23:05:19.968371,2026-06-16T23:05:20.056846,,,,0.0,0.0
SIG_20260616_230520_GBPJPY,GBPJPY,0.7837301587301587,0.871031746031746,2.1472028203690143e-05,DYNAMIC,BLOCKED_POSITION_EXISTS,,2026-06-16T23:05:20.155772,2026-06-16T23:05:20.260232,,,,0.0,0.0
SIG_20260616_230520_XAUUSD,XAUUSD,0.7718253968253969,0.06944444444444445,0.0005690877030303599,DYNAMIC,GENERATED,,2026-06-16T23:05:20.366648,,,,,0.0,0.0
SIG_20260616_230520_EURUSD,EURUSD,0.6408730158730159,0.9404761904761905,2.4791091845470845e-05,DYNAMIC,GENERATED,,2026-06-16T23:05:20.432627,,,,,0.0,0.0
SIG_20260616_230620_EURJPY,EURJPY,0.5396825396825397,0.5138888888888888,1.2041607681748172e-05,DYNAMIC,GENERATED,,2026-06-16T23:06:20.939495,,,,,0.0,0.0
SIG_20260616_230621_USDJPY,USDJPY,0.7956349206349206,0.9940476190476191,1.3017938095214723e-05,DYNAMIC,BLOCKED_POSITION_EXISTS,,2026-06-16T23:06:21.013090,2026-06-16T23:06:21.107469,,,,0.0,0.0
SIG_20260616_230621_GBPJPY,GBPJPY,0.7837301587301587,0.871031746031746,2.1471252230887826e-05,DYNAMIC,BLOCKED_POSITION_EXISTS,,2026-06-16T23:06:21.232392,2026-06-16T23:06:21.352540,,,,0.0,0.0
SIG_20260616_230621_XAUUSD,XAUUSD,0.7718253968253969,0.06944444444444445,0.0005686996007207819,DYNAMIC,GENERATED,,2026-06-16T23:06:21.478107,,,,,0.0,0.0
SIG_20260616_230621_EURUSD,EURUSD,0.6408730158730159,0.9404761904761905,2.4788941166633134e-05,DYNAMIC,GENERATED,,2026-06-16T23:06:21.535070,,,,,0.0,0.0
SIG_20260616_230722_EURJPY,EURJPY,0.5396825396825397,0.5138888888888888,1.2039763413329959e-05,DYNAMIC,GENERATED,,2026-06-16T23:07:22.070462,,,,,0.0,0.0
SIG_20260616_230722_USDJPY,USDJPY,0.7976190476190477,0.9940476190476191,1.3035190543357025e-05,DYNAMIC,BLOCKED_POSITION_EXISTS,,2026-06-16T23:07:22.135268,2026-06-16T23:07:22.236282,,,,0.0,0.0
SIG_20260616_230722_GBPJPY,GBPJPY,0.7837301587301587,0.871031746031746,2.1471618661143512e-05,DYNAMIC,BLOCKED_POSITION_EXISTS,,2026-06-16T23:07:22.337813,2026-06-16T23:07:22.436735,,,,0.0,0.0
SIG_20260616_230722_XAUUSD,XAUUSD,0.7718253968253969,0.06944444444444445,0.0005684718723984114,DYNAMIC,GENERATED,,2026-06-16T23:07:22.536808,,,,,0.0,0.0
SIG_20260616_230722_EURUSD,EURUSD,0.6428571428571429,0.9404761904761905,2.4801178122808924e-05,DYNAMIC,GENERATED,,2026-06-16T23:07:22.605080,,,,,0.0,0.0
SIG_20260616_230823_EURJPY,EURJPY,0.5396825396825397,0.5138888888888888,1.2040656734552699e-05,DYNAMIC,GENERATED,,2026-06-16T23:08:23.129016,,,,,0.0,0.0
SIG_20260616_230823_USDJPY,USDJPY,0.7976190476190477,0.9940476190476191,1.3038337848766995e-05,DYNAMIC,BLOCKED_POSITION_EXISTS,,2026-06-16T23:08:23.195959,2026-06-16T23:08:23.296574,,,,0.0,0.0
SIG_20260616_230823_GBPJPY,GBPJPY,0.7837301587301587,0.871031746031746,2.1471252230887826e-05,DYNAMIC,BLOCKED_POSITION_EXISTS,,2026-06-16T23:08:23.415697,2026-06-16T23:08:23.515700,,,,0.0,0.0
SIG_20260616_230823_XAUUSD,XAUUSD,0.7718253968253969,0.06944444444444445,0.0005687732987118659,DYNAMIC,GENERATED,,2026-06-16T23:08:23.639020,,,,,0.0,0.0
SIG_20260616_230823_EURUSD,EURUSD,0.6428571428571429,0.9404761904761905,2.4798434011510598e-05,DYNAMIC,GENERATED,,2026-06-16T23:08:23.712278,,,,,0.0,0.0
SIG_20260616_230924_EURJPY,EURJPY,0.5376984126984127,0.5138888888888888,1.2038927719007866e-05,DYNAMIC,GENERATED,,2026-06-16T23:09:24.220553,,,,,0.0,0.0
SIG_20260616_230924_USDJPY,USDJPY,0.7976190476190477,0.9940476190476191,1.3035190543357025e-05,DYNAMIC,BLOCKED_POSITION_EXISTS,,2026-06-16T23:09:24.271723,2026-06-16T23:09:24.349486,,,,0.0,0.0
SIG_20260616_230924_GBPJPY,GBPJPY,0.7837301587301587,0.871031746031746,2.147297662805832e-05,DYNAMIC,BLOCKED_POSITION_EXISTS,,2026-06-16T23:09:24.444025,2026-06-16T23:09:24.522560,,,,0.0,0.0
SIG_20260616_230924_XAUUSD,XAUUSD,0.7718253968253969,0.06944444444444445,0.0005690311579685811,DYNAMIC,GENERATED,,2026-06-16T23:09:24.606777,,,,,0.0,0.0
SIG_20260616_230924_EURUSD,EURUSD,0.6428571428571429,0.9404761904761905,2.4798434011510598e-05,DYNAMIC,GENERATED,,2026-06-16T23:09:24.656724,,,,,0.0,0.0
SIG_20260616_231025_EURJPY,EURJPY,0.5337301587301587,0.5138888888888888,1.2036766406726837e-05,DYNAMIC,GENERATED,,2026-06-16T23:10:25.150738,,,,,0.0,0.0
SIG_20260616_231025_USDJPY,USDJPY,0.7976190476190477,0.9940476190476191,1.3038337848766995e-05,DYNAMIC,BLOCKED_POSITION_EXISTS,,2026-06-16T23:10:25.223022,2026-06-16T23:10:25.342570,,,,0.0,0.0
SIG_20260616_231025_GBPJPY,GBPJPY,0.7837301587301587,0.871031746031746,2.1474097508796506e-05,DYNAMIC,BLOCKED_POSITION_EXISTS,,2026-06-16T23:10:25.448264,2026-06-16T23:10:25.542034,,,,0.0,0.0
SIG_20260616_231025_XAUUSD,XAUUSD,0.7718253968253969,0.06944444444444445,0.0005690835949186202,DYNAMIC,GENERATED,,2026-06-16T23:10:25.638812,,,,,0.0,0.0
SIG_20260616_231025_EURUSD,EURUSD,0.6428571428571429,0.9404761904761905,2.4807111452331557e-05,DYNAMIC,GENERATED,,2026-06-16T23:10:25.698614,,,,,0.0,0.0
SIG_20260616_231126_EURJPY,EURJPY,0.5396825396825397,0.5138888888888888,1.20426162539883e-05,DYNAMIC,GENERATED,,2026-06-16T23:11:26.237516,,,,,0.0,0.0
SIG_20260616_231126_USDJPY,USDJPY,0.7976190476190477,0.9940476190476191,1.3041562835270848e-05,DYNAMIC,BLOCKED_POSITION_EXISTS,,2026-06-16T23:11:26.314304,2026-06-16T23:11:26.424171,,,,0.0,0.0
SIG_20260616_231126_GBPJPY,GBPJPY,0.7837301587301587,0.871031746031746,2.1471252230887826e-05,DYNAMIC,BLOCKED_POSITION_EXISTS,,2026-06-16T23:11:26.548817,2026-06-16T23:11:26.664302,,,,0.0,0.0
SIG_20260616_231126_XAUUSD,XAUUSD,0.7718253968253969,0.06944444444444445,0.0005686240127384537,DYNAMIC,GENERATED,,2026-06-16T23:11:26.789724,,,,,0.0,0.0
SIG_20260616_231126_EURUSD,EURUSD,0.6428571428571429,0.9404761904761905,2.4798434011510598e-05,DYNAMIC,GENERATED,,2026-06-16T23:11:26.856429,,,,,0.0,0.0
SIG_20260616_231227_EURJPY,EURJPY,0.5396825396825397,0.5138888888888888,1.204852345837863e-05,DYNAMIC,GENERATED,,2026-06-16T23:12:27.393154,,,,,0.0,0.0
SIG_20260616_231227_USDJPY,USDJPY,0.7976190476190477,0.9940476190476191,1.3032120920493406e-05,DYNAMIC,BLOCKED_POSITION_EXISTS,,2026-06-16T23:12:27.449154,2026-06-16T23:12:27.539354,,,,0.0,0.0
SIG_20260616_231227_GBPJPY,GBPJPY,0.7817460317460317,0.8392857142857143,2.1469872759264524e-05,DYNAMIC,BLOCKED_POSITION_EXISTS,,2026-06-16T23:12:27.644854,2026-06-16T23:12:27.736224,,,,0.0,0.0
SIG_20260616_231227_XAUUSD,XAUUSD,0.7718253968253969,0.06944444444444445,0.0005685109238983774,DYNAMIC,GENERATED,,2026-06-16T23:12:27.830645,,,,,0.0,0.0
SIG_20260616_231227_EURUSD,EURUSD,0.6408730158730159,0.9404761904761905,2.4786938836328804e-05,DYNAMIC,GENERATED,,2026-06-16T23:12:27.906133,,,,,0.0,0.0
SIG_20260616_231328_EURJPY,EURJPY,0.5396825396825397,0.5138888888888888,1.2041607681748172e-05,DYNAMIC,GENERATED,,2026-06-16T23:13:28.456333,,,,,0.0,0.0
SIG_20260616_231328_USDJPY,USDJPY,0.7976190476190477,0.9940476190476191,1.3041562835270848e-05,DYNAMIC,BLOCKED_POSITION_EXISTS,,2026-06-16T23:13:28.545144,2026-06-16T23:13:28.638976,,,,0.0,0.0
SIG_20260616_231328_GBPJPY,GBPJPY,0.7817460317460317,0.871031746031746,2.1469894312608053e-05,DYNAMIC,BLOCKED_POSITION_EXISTS,,2026-06-16T23:13:28.746007,2026-06-16T23:13:28.836176,,,,0.0,0.0
SIG_20260616_231328_XAUUSD,XAUUSD,0.7718253968253969,0.06944444444444445,0.0005685954400502053,DYNAMIC,GENERATED,,2026-06-16T23:13:28.935353,,,,,0.0,0.0
SIG_20260616_231328_EURUSD,EURUSD,0.6428571428571429,0.9404761904761905,2.4795838264076814e-05,DYNAMIC,GENERATED,,2026-06-16T23:13:28.989864,,,,,0.0,0.0
SIG_20260616_231429_EURJPY,EURJPY,0.5396825396825397,0.5138888888888888,1.2055871149691574e-05,DYNAMIC,GENERATED,,2026-06-16T23:14:29.508299,,,,,0.0,0.0
SIG_20260616_231429_USDJPY,USDJPY,0.7956349206349206,0.9940476190476191,1.302061928355561e-05,DYNAMIC,BLOCKED_POSITION_EXISTS,,2026-06-16T23:14:29.564110,2026-06-16T23:14:29.657252,,,,0.0,0.0
SIG_20260616_231429_GBPJPY,GBPJPY,0.7837301587301587,0.871031746031746,2.1482286159632715e-05,DYNAMIC,BLOCKED_POSITION_EXISTS,,2026-06-16T23:14:29.786422,2026-06-16T23:14:29.894069,,,,0.0,0.0
SIG_20260616_231430_XAUUSD,XAUUSD,0.7718253968253969,0.06944444444444445,0.0005684196646210437,DYNAMIC,GENERATED,,2026-06-16T23:14:30.014512,,,,,0.0,0.0
SIG_20260616_231430_EURUSD,EURUSD,0.6408730158730159,0.9404761904761905,2.4778039959091875e-05,DYNAMIC,GENERATED,,2026-06-16T23:14:30.096404,,,,,0.0,0.0
SIG_20260616_231530_EURJPY,EURJPY,0.5337301587301587,0.5138888888888888,1.2037429214778201e-05,DYNAMIC,GENERATED,,2026-06-16T23:15:30.593923,,,,,0.0,0.0
SIG_20260616_231530_USDJPY,USDJPY,0.7956349206349206,0.9940476190476191,1.302061928355561e-05,DYNAMIC,BLOCKED_POSITION_EXISTS,,2026-06-16T23:15:30.641384,2026-06-16T23:15:30.717187,,,,0.0,0.0
SIG_20260616_231530_GBPJPY,GBPJPY,0.7837301587301587,0.871031746031746,2.148030356058291e-05,DYNAMIC,BLOCKED_POSITION_EXISTS,,2026-06-16T23:15:30.806126,2026-06-16T23:15:30.874265,,,,0.0,0.0
SIG_20260616_231530_XAUUSD,XAUUSD,0.7718253968253969,0.06944444444444445,0.0005686401401268455,DYNAMIC,GENERATED,,2026-06-16T23:15:30.957749,,,,,0.0,0.0
SIG_20260616_231531_EURUSD,EURUSD,0.6408730158730159,0.9404761904761905,2.4791091845470845e-05,DYNAMIC,GENERATED,,2026-06-16T23:15:31.017854,,,,,0.0,0.0
SIG_20260616_231631_EURJPY,EURJPY,0.5396825396825397,0.5138888888888888,1.2040656734552699e-05,DYNAMIC,GENERATED,,2026-06-16T23:16:31.434099,,,,,0.0,0.0
SIG_20260616_231631_USDJPY,USDJPY,0.7976190476190477,0.9940476190476191,1.3038337848766995e-05,DYNAMIC,BLOCKED_POSITION_EXISTS,,2026-06-16T23:16:31.480877,2026-06-16T23:16:31.549964,,,,0.0,0.0
SIG_20260616_231631_GBPJPY,GBPJPY,0.7837301587301587,0.871031746031746,2.1485583250314434e-05,DYNAMIC,BLOCKED_POSITION_EXISTS,,2026-06-16T23:16:31.665251,2026-06-16T23:16:31.739367,,,,0.0,0.0
SIG_20260616_231631_XAUUSD,XAUUSD,0.7738095238095238,0.06944444444444445,0.0005693441865108713,DYNAMIC,GENERATED,,2026-06-16T23:16:31.830969,,,,,0.0,0.0
SIG_20260616_231631_EURUSD,EURUSD,0.6428571428571429,0.9404761904761905,2.4795838264076814e-05,DYNAMIC,GENERATED,,2026-06-16T23:16:31.900198,,,,,0.0,0.0
SIG_20260616_231732_EURJPY,EURJPY,0.5396825396825397,0.5138888888888888,1.204852345837863e-05,DYNAMIC,GENERATED,,2026-06-16T23:17:32.356569,,,,,0.0,0.0
SIG_20260616_231732_USDJPY,USDJPY,0.7976190476190477,0.9940476190476191,1.3032120920493406e-05,DYNAMIC,BLOCKED_POSITION_EXISTS,,2026-06-16T23:17:32.406201,2026-06-16T23:17:32.489678,,,,0.0,0.0
SIG_20260616_231732_GBPJPY,GBPJPY,0.7837301587301587,0.871031746031746,2.1494784607723296e-05,DYNAMIC,BLOCKED_POSITION_EXISTS,,2026-06-16T23:17:32.579581,2026-06-16T23:17:32.656067,,,,0.0,0.0
SIG_20260616_231732_XAUUSD,XAUUSD,0.7718253968253969,0.06944444444444445,0.0005689615221068428,DYNAMIC,GENERATED,,2026-06-16T23:17:32.752944,,,,,0.0,0.0
SIG_20260616_231732_EURUSD,EURUSD,0.6408730158730159,0.9404761904761905,2.4786938836328804e-05,DYNAMIC,GENERATED,,2026-06-16T23:17:32.820172,,,,,0.0,0.0
SIG_20260616_231833_EURJPY,EURJPY,0.5396825396825397,0.5138888888888888,1.2051289682968406e-05,DYNAMIC,GENERATED,,2026-06-16T23:18:33.281633,,,,,0.0,0.0
SIG_20260616_231833_USDJPY,USDJPY,0.7976190476190477,0.9940476190476191,1.3035190543357025e-05,DYNAMIC,BLOCKED_POSITION_EXISTS,,2026-06-16T23:18:33.329362,2026-06-16T23:18:33.395921,,,,0.0,0.0
SIG_20260616_231833_GBPJPY,GBPJPY,0.7837301587301587,0.871031746031746,2.1496271438073948e-05,DYNAMIC,BLOCKED_POSITION_EXISTS,,2026-06-16T23:18:33.498015,2026-06-16T23:18:33.579651,,,,0.0,0.0
SIG_20260616_231833_XAUUSD,XAUUSD,0.7738095238095238,0.06944444444444445,0.0005692426840316822,DYNAMIC,GENERATED,,2026-06-16T23:18:33.669811,,,,,0.0,0.0
SIG_20260616_231833_EURUSD,EURUSD,0.6408730158730159,0.9404761904761905,2.4783379205990213e-05,DYNAMIC,GENERATED,,2026-06-16T23:18:33.713043,,,,,0.0,0.0
SIG_20260616_231934_EURJPY,EURJPY,0.5396825396825397,0.5138888888888888,1.2059213536574491e-05,DYNAMIC,GENERATED,,2026-06-16T23:19:34.231295,,,,,0.0,0.0
SIG_20260616_231934_USDJPY,USDJPY,0.7976190476190477,0.9940476190476191,1.3048245845747624e-05,DYNAMIC,BLOCKED_POSITION_EXISTS,,2026-06-16T23:19:34.288170,2026-06-16T23:19:34.377325,,,,0.0,0.0
SIG_20260616_231934_GBPJPY,GBPJPY,0.7837301587301587,0.871031746031746,2.1502649612278505e-05,DYNAMIC,BLOCKED_POSITION_EXISTS,,2026-06-16T23:19:34.469080,2026-06-16T23:19:34.557353,,,,0.0,0.0
SIG_20260616_231934_XAUUSD,XAUUSD,0.7718253968253969,0.06944444444444445,0.0005690036676537068,DYNAMIC,GENERATED,,2026-06-16T23:19:34.653186,,,,,0.0,0.0
SIG_20260616_231934_EURUSD,EURUSD,0.6408730158730159,0.9404761904761905,2.4785084850725256e-05,DYNAMIC,GENERATED,,2026-06-16T23:19:34.702926,,,,,0.0,0.0
SIG_20260616_232035_EURJPY,EURJPY,0.5396825396825397,0.5138888888888888,1.205428637804254e-05,DYNAMIC,GENERATED,,2026-06-16T23:20:35.202571,,,,,0.0,0.0
SIG_20260616_232035_USDJPY,USDJPY,0.7976190476190477,0.9940476190476191,1.3048245845747624e-05,DYNAMIC,BLOCKED_POSITION_EXISTS,,2026-06-16T23:20:35.284136,2026-06-16T23:20:35.389346,,,,0.0,0.0
SIG_20260616_232035_GBPJPY,GBPJPY,0.7837301587301587,0.871031746031746,2.1478493336258225e-05,DYNAMIC,BLOCKED_POSITION_EXISTS,,2026-06-16T23:20:35.504433,2026-06-16T23:20:35.616995,,,,0.0,0.0
SIG_20260616_232035_XAUUSD,XAUUSD,0.7718253968253969,0.06944444444444445,0.000568953997614691,DYNAMIC,GENERATED,,2026-06-16T23:20:35.727508,,,,,0.0,0.0
SIG_20260616_232035_EURUSD,EURUSD,0.6408730158730159,0.9404761904761905,2.4791091845470845e-05,DYNAMIC,GENERATED,,2026-06-16T23:20:35.805602,,,,,0.0,0.0
SIG_20260616_232136_EURJPY,EURJPY,0.5396825396825397,0.5138888888888888,1.2057513536178178e-05,DYNAMIC,GENERATED,,2026-06-16T23:21:36.300455,,,,,0.0,0.0
SIG_20260616_232136_USDJPY,USDJPY,0.7976190476190477,0.9940476190476191,1.3038337848766995e-05,DYNAMIC,BLOCKED_POSITION_EXISTS,,2026-06-16T23:21:36.350259,2026-06-16T23:21:36.452025,,,,0.0,0.0
SIG_20260616_232136_GBPJPY,GBPJPY,0.7837301587301587,0.871031746031746,2.150971712216467e-05,DYNAMIC,BLOCKED_POSITION_EXISTS,,2026-06-16T23:21:36.550973,2026-06-16T23:21:36.666451,,,,0.0,0.0
SIG_20260616_232136_XAUUSD,XAUUSD,0.7718253968253969,0.06944444444444445,0.0005683495272811503,DYNAMIC,GENERATED,,2026-06-16T23:21:36.766942,,,,,0.0,0.0
SIG_20260616_232136_EURUSD,EURUSD,0.6408730158730159,0.9404761904761905,2.4781821898291456e-05,DYNAMIC,GENERATED,,2026-06-16T23:21:36.848163,,,,,0.0,0.0
SIG_20260616_232237_EURJPY,EURJPY,0.5396825396825397,0.5138888888888888,1.204852345837863e-05,DYNAMIC,GENERATED,,2026-06-16T23:22:37.393525,,,,,0.0,0.0
SIG_20260616_232237_USDJPY,USDJPY,0.7976190476190477,0.9940476190476191,1.3035190543357025e-05,DYNAMIC,BLOCKED_POSITION_EXISTS,,2026-06-16T23:22:37.462065,2026-06-16T23:22:37.568060,,,,0.0,0.0
SIG_20260616_232237_GBPJPY,GBPJPY,0.7837301587301587,0.871031746031746,2.1491940207062e-05,DYNAMIC,BLOCKED_POSITION_EXISTS,,2026-06-16T23:22:37.692379,2026-06-16T23:22:37.775528,,,,0.0,0.0
SIG_20260616_232237_XAUUSD,XAUUSD,0.7718253968253969,0.06944444444444445,0.000568358701907243,DYNAMIC,GENERATED,,2026-06-16T23:22:37.906237,,,,,0.0,0.0
SIG_20260616_232237_EURUSD,EURUSD,0.6408730158730159,0.9484126984126984,2.4788941166633134e-05,DYNAMIC,GENERATED,,2026-06-16T23:22:37.963786,,,,,0.0,0.0
SIG_20260616_232338_EURJPY,EURJPY,0.5396825396825397,0.5138888888888888,1.2049877761398972e-05,DYNAMIC,GENERATED,,2026-06-16T23:23:38.482178,,,,,0.0,0.0
SIG_20260616_232338_USDJPY,USDJPY,0.7976190476190477,0.9940476190476191,1.3032120920493406e-05,DYNAMIC,BLOCKED_POSITION_EXISTS,,2026-06-16T23:23:38.542038,2026-06-16T23:23:38.644804,,,,0.0,0.0
SIG_20260616_232338_GBPJPY,GBPJPY,0.7837301587301587,0.871031746031746,2.1486768462703116e-05,DYNAMIC,BLOCKED_POSITION_EXISTS,,2026-06-16T23:23:38.752264,2026-06-16T23:23:38.867549,,,,0.0,0.0
SIG_20260616_232338_XAUUSD,XAUUSD,0.7718253968253969,0.06944444444444445,0.0005683099651073234,DYNAMIC,GENERATED,,2026-06-16T23:23:38.999881,,,,,0.0,0.0
SIG_20260616_232339_EURUSD,EURUSD,0.6408730158730159,0.9484126984126984,2.4788941166633134e-05,DYNAMIC,GENERATED,,2026-06-16T23:23:39.077254,,,,,0.0,0.0
SIG_20260616_232439_EURJPY,EURJPY,0.5396825396825397,0.5138888888888888,1.2052759222158773e-05,DYNAMIC,GENERATED,,2026-06-16T23:24:39.647523,,,,,0.0,0.0
SIG_20260616_232439_USDJPY,USDJPY,0.7976190476190477,0.9940476190476191,1.3032120920493406e-05,DYNAMIC,BLOCKED_POSITION_EXISTS,,2026-06-16T23:24:39.734723,2026-06-16T23:24:39.871428,,,,0.0,0.0
SIG_20260616_232440_GBPJPY,GBPJPY,0.7837301587301587,0.871031746031746,2.150099044200709e-05,DYNAMIC,BLOCKED_POSITION_EXISTS,,2026-06-16T23:24:40.022242,2026-06-16T23:24:40.140310,,,,0.0,0.0
SIG_20260616_232440_XAUUSD,XAUUSD,0.7718253968253969,0.06944444444444445,0.0005683790908199574,DYNAMIC,GENERATED,,2026-06-16T23:24:40.302509,,,,,0.0,0.0
SIG_20260616_232440_EURUSD,EURUSD,0.6408730158730159,0.9484126984126984,2.4783379205990213e-05,DYNAMIC,GENERATED,,2026-06-16T23:24:40.374260,,,,,0.0,0.0
SIG_20260616_232540_EURJPY,EURJPY,0.5376984126984127,0.5138888888888888,1.2038927719007866e-05,DYNAMIC,GENERATED,,2026-06-16T23:25:40.903779,,,,,0.0,0.0
SIG_20260616_232540_USDJPY,USDJPY,0.7956349206349206,0.9940476190476191,1.3026214728215454e-05,DYNAMIC,BLOCKED_POSITION_EXISTS,,2026-06-16T23:25:40.964862,2026-06-16T23:25:41.092928,,,,0.0,0.0
SIG_20260616_232541_GBPJPY,GBPJPY,0.7837301587301587,0.871031746031746,2.1487996765172265e-05,DYNAMIC,BLOCKED_POSITION_EXISTS,,2026-06-16T23:25:41.210641,2026-06-16T23:25:41.308252,,,,0.0,0.0
SIG_20260616_232541_XAUUSD,XAUUSD,0.7718253968253969,0.06944444444444445,0.0005684213161122253,DYNAMIC,GENERATED,,2026-06-16T23:25:41.396416,,,,,0.0,0.0
SIG_20260616_232541_EURUSD,EURUSD,0.6428571428571429,0.9484126984126984,2.4798434011510598e-05,DYNAMIC,GENERATED,,2026-06-16T23:25:41.462538,,,,,0.0,0.0
SIG_20260616_232641_EURJPY,EURJPY,0.5337301587301587,0.5138888888888888,1.2037429214778201e-05,DYNAMIC,GENERATED,,2026-06-16T23:26:41.951318,,,,,0.0,0.0
SIG_20260616_232642_USDJPY,USDJPY,0.7956349206349206,0.9940476190476191,1.3026214728215454e-05,DYNAMIC,BLOCKED_POSITION_EXISTS,,2026-06-16T23:26:42.003681,2026-06-16T23:26:42.092472,,,,0.0,0.0
SIG_20260616_232642_GBPJPY,GBPJPY,0.7837301587301587,0.871031746031746,2.1491940207062e-05,DYNAMIC,BLOCKED_POSITION_EXISTS,,2026-06-16T23:26:42.196889,2026-06-16T23:26:42.303735,,,,0.0,0.0
SIG_20260616_232642_XAUUSD,XAUUSD,0.7718253968253969,0.06944444444444445,0.0005683033402666959,DYNAMIC,GENERATED,,2026-06-16T23:26:42.422108,,,,,0.0,0.0
SIG_20260616_232642_EURUSD,EURUSD,0.6428571428571429,0.9484126984126984,2.4798434011510598e-05,DYNAMIC,GENERATED,,2026-06-16T23:26:42.503263,,,,,0.0,0.0
SIG_20260616_232743_EURJPY,EURJPY,0.5337301587301587,0.5138888888888888,1.2037429214778201e-05,DYNAMIC,GENERATED,,2026-06-16T23:27:43.061016,,,,,0.0,0.0
SIG_20260616_232743_USDJPY,USDJPY,0.7976190476190477,0.9940476190476191,1.3048245845747624e-05,DYNAMIC,BLOCKED_POSITION_EXISTS,,2026-06-16T23:27:43.127956,2026-06-16T23:27:43.244517,,,,0.0,0.0
SIG_20260616_232743_GBPJPY,GBPJPY,0.7837301587301587,0.871031746031746,2.1491940207062e-05,DYNAMIC,BLOCKED_POSITION_EXISTS,,2026-06-16T23:27:43.377806,2026-06-16T23:27:43.510517,,,,0.0,0.0
SIG_20260616_232743_XAUUSD,XAUUSD,0.7718253968253969,0.06944444444444445,0.000568325238163061,DYNAMIC,GENERATED,,2026-06-16T23:27:43.643812,,,,,0.0,0.0
SIG_20260616_232743_EURUSD,EURUSD,0.6428571428571429,0.9484126984126984,2.481363828331083e-05,DYNAMIC,GENERATED,,2026-06-16T23:27:43.719628,,,,,0.0,0.0
SIG_20260616_232844_EURJPY,EURJPY,0.5376984126984127,0.5138888888888888,1.2038927719007866e-05,DYNAMIC,GENERATED,,2026-06-16T23:28:44.285682,,,,,0.0,0.0
SIG_20260616_232844_USDJPY,USDJPY,0.7976190476190477,0.9940476190476191,1.3051703866816199e-05,DYNAMIC,BLOCKED_POSITION_EXISTS,,2026-06-16T23:28:44.353723,2026-06-16T23:28:44.483707,,,,0.0,0.0
SIG_20260616_232844_GBPJPY,GBPJPY,0.7837301587301587,0.871031746031746,2.1493340863852612e-05,DYNAMIC,BLOCKED_POSITION_EXISTS,,2026-06-16T23:28:44.602268,2026-06-16T23:28:44.703043,,,,0.0,0.0
SIG_20260616_232844_XAUUSD,XAUUSD,0.7718253968253969,0.06944444444444445,0.0005683832165220386,DYNAMIC,GENERATED,,2026-06-16T23:28:44.816891,,,,,0.0,0.0
SIG_20260616_232844_EURUSD,EURUSD,0.6428571428571429,0.9484126984126984,2.481363828331083e-05,DYNAMIC,GENERATED,,2026-06-16T23:28:44.879205,,,,,0.0,0.0
SIG_20260616_232945_EURJPY,EURJPY,0.5396825396825397,0.5138888888888888,1.2041607681748172e-05,DYNAMIC,GENERATED,,2026-06-16T23:29:45.475525,,,,,0.0,0.0
SIG_20260616_232945_USDJPY,USDJPY,0.7976190476190477,0.9940476190476191,1.3055239563167619e-05,DYNAMIC,BLOCKED_POSITION_EXISTS,,2026-06-16T23:29:45.559162,2026-06-16T23:29:45.690825,,,,0.0,0.0
SIG_20260616_232945_GBPJPY,GBPJPY,0.7837301587301587,0.871031746031746,2.1515470108022334e-05,DYNAMIC,BLOCKED_POSITION_EXISTS,,2026-06-16T23:29:45.824193,2026-06-16T23:29:45.975329,,,,0.0,0.0
SIG_20260616_232946_XAUUSD,XAUUSD,0.7718253968253969,0.06944444444444445,0.0005683006012366194,DYNAMIC,GENERATED,,2026-06-16T23:29:46.142576,,,,,0.0,0.0
SIG_20260616_232946_EURUSD,EURUSD,0.6428571428571429,0.9484126984126984,2.4810300678222366e-05,DYNAMIC,GENERATED,,2026-06-16T23:29:46.241802,,,,,0.0,0.0
SIG_20260616_233046_EURJPY,EURJPY,0.5416666666666666,0.49206349206349204,1.2047558995962042e-05,DYNAMIC,GENERATED,,2026-06-16T23:30:46.909942,,,,,0.0,0.0
SIG_20260616_233046_USDJPY,USDJPY,0.7976190476190477,0.9920634920634921,1.3033149573147036e-05,DYNAMIC,BLOCKED_POSITION_EXISTS,,2026-06-16T23:30:46.995300,2026-06-16T23:30:47.116475,,,,0.0,0.0
SIG_20260616_233047_GBPJPY,GBPJPY,0.7837301587301587,0.8353174603174603,2.1520917600643686e-05,DYNAMIC,BLOCKED_POSITION_EXISTS,,2026-06-16T23:30:47.266576,2026-06-16T23:30:47.382182,,,,0.0,0.0
SIG_20260616_233047_XAUUSD,XAUUSD,0.7599206349206349,0.07936507936507936,0.000555283326438249,DYNAMIC,GENERATED,,2026-06-16T23:30:47.558042,,,,,0.0,0.0
SIG_20260616_233047_EURUSD,EURUSD,0.6408730158730159,0.9464285714285714,2.4794600536237946e-05,DYNAMIC,GENERATED,,2026-06-16T23:30:47.636821,,,,,0.0,0.0
SIG_20260616_233148_EURJPY,EURJPY,0.5416666666666666,0.49206349206349204,1.2041076197852189e-05,DYNAMIC,GENERATED,,2026-06-16T23:31:48.304900,,,,,0.0,0.0
SIG_20260616_233148_USDJPY,USDJPY,0.7976190476190477,0.9920634920634921,1.3035946942577899e-05,DYNAMIC,BLOCKED_POSITION_EXISTS,,2026-06-16T23:31:48.389993,2026-06-16T23:31:48.513491,,,,0.0,0.0
SIG_20260616_233148_GBPJPY,GBPJPY,0.7837301587301587,0.8353174603174603,2.1520723717576316e-05,DYNAMIC,BLOCKED_POSITION_EXISTS,,2026-06-16T23:31:48.671357,2026-06-16T23:31:48.821483,,,,0.0,0.0
SIG_20260616_233148_XAUUSD,XAUUSD,0.7599206349206349,0.07936507936507936,0.0005553505592020532,DYNAMIC,GENERATED,,2026-06-16T23:31:48.978533,,,,,0.0,0.0
SIG_20260616_233149_EURUSD,EURUSD,0.6408730158730159,0.9464285714285714,2.4794600536237946e-05,DYNAMIC,GENERATED,,2026-06-16T23:31:49.072571,,,,,0.0,0.0
SIG_20260616_233249_EURJPY,EURJPY,0.5416666666666666,0.49206349206349204,1.2047558995962042e-05,DYNAMIC,GENERATED,,2026-06-16T23:32:49.824538,,,,,0.0,0.0
SIG_20260616_233249_USDJPY,USDJPY,0.7996031746031746,0.9920634920634921,1.3042746506601084e-05,DYNAMIC,BLOCKED_POSITION_EXISTS,,2026-06-16T23:32:49.907772,2026-06-16T23:32:50.075362,,,,0.0,0.0
SIG_20260616_233250_GBPJPY,GBPJPY,0.7857142857142857,0.8353174603174603,2.1533841995374965e-05,DYNAMIC,BLOCKED_POSITION_EXISTS,,2026-06-16T23:32:50.241757,2026-06-16T23:32:50.411347,,,,0.0,0.0
SIG_20260616_233250_XAUUSD,XAUUSD,0.7599206349206349,0.07936507936507936,0.0005555466347123544,DYNAMIC,GENERATED,,2026-06-16T23:32:50.590541,,,,,0.0,0.0
SIG_20260616_233250_EURUSD,EURUSD,0.6428571428571429,0.9464285714285714,2.4821295985381832e-05,DYNAMIC,GENERATED,,2026-06-16T23:32:50.691282,,,,,0.0,0.0
SIG_20260616_233351_EURJPY,EURJPY,0.5416666666666666,0.49206349206349204,1.2047558995962042e-05,DYNAMIC,GENERATED,,2026-06-16T23:33:51.329322,,,,,0.0,0.0
SIG_20260616_233351_USDJPY,USDJPY,0.7976190476190477,0.9920634920634921,1.3040415179648714e-05,DYNAMIC,BLOCKED_POSITION_EXISTS,,2026-06-16T23:33:51.397865,2026-06-16T23:33:51.516780,,,,0.0,0.0
SIG_20260616_233351_GBPJPY,GBPJPY,0.7857142857142857,0.8353174603174603,2.153608208670346e-05,DYNAMIC,BLOCKED_POSITION_EXISTS,,2026-06-16T23:33:51.663899,2026-06-16T23:33:51.797386,,,,0.0,0.0
SIG_20260616_233351_XAUUSD,XAUUSD,0.7599206349206349,0.07936507936507936,0.0005553142627376505,DYNAMIC,GENERATED,,2026-06-16T23:33:51.954190,,,,,0.0,0.0
SIG_20260616_233352_EURUSD,EURUSD,0.6428571428571429,0.9464285714285714,2.4811730495661916e-05,DYNAMIC,GENERATED,,2026-06-16T23:33:52.060431,,,,,0.0,0.0
SIG_20260617_085442_EURJPY,EURJPY,0.19047619047619047,0.2996031746031746,9.576762536590719e-06,DYNAMIC,POSITION_CLOSED,57115739085,2026-06-17T08:54:42.947274,2026-06-17T08:54:43.096677,2026-06-17T08:54:43.178901,2026-06-17T08:54:43.545466,2026-06-17T08:55:41.608231,-0.9999999999990905,-0.37
SIG_20260617_085443_USDJPY,USDJPY,0.15079365079365079,0.8948412698412699,4.215153224178191e-06,DYNAMIC,GENERATED,,2026-06-17T08:54:43.623549,,,,,0.0,0.0
SIG_20260617_085443_GBPJPY,GBPJPY,0.28174603174603174,0.5496031746031746,1.1796879529358504e-05,DYNAMIC,GENERATED,,2026-06-17T08:54:43.695908,,,,,0.0,0.0
SIG_20260617_085443_XAUUSD,XAUUSD,0.7242063492063492,0.08333333333333333,0.0005385864703993885,DYNAMIC,TRIGGERED,,2026-06-17T08:54:43.808531,2026-06-17T08:54:43.927859,,,,0.0,0.0
SIG_20260617_085444_EURUSD,EURUSD,0.20833333333333334,0.9126984126984127,1.3229155040953998e-05,DYNAMIC,GENERATED,,2026-06-17T08:54:44.008501,,,,,0.0,0.0
SIG_20260617_085542_EURJPY,EURJPY,0.19047619047619047,0.2996031746031746,9.57563703807255e-06,DYNAMIC,GENERATED,,2026-06-17T08:55:42.821986,,,,,0.0,0.0
SIG_20260617_085542_USDJPY,USDJPY,0.15079365079365079,0.8948412698412699,4.215581156089994e-06,DYNAMIC,GENERATED,,2026-06-17T08:55:42.902558,,,,,0.0,0.0
SIG_20260617_085543_GBPJPY,GBPJPY,0.28174603174603174,0.5496031746031746,1.1795584739489106e-05,DYNAMIC,POSITION_OPENED,57115747911,2026-06-17T08:55:43.020477,2026-06-17T08:55:43.201908,2026-06-17T08:55:43.336932,2026-06-17T08:55:43.730783,,0.0,0.0
SIG_20260617_085543_XAUUSD,XAUUSD,0.7202380952380952,0.125,0.0005366044153497099,DYNAMIC,TRIGGERED,,2026-06-17T08:55:43.841956,2026-06-17T08:55:44.031322,,,,0.0,0.0
SIG_20260617_085544_EURUSD,EURUSD,0.20833333333333334,0.9126984126984127,1.3229155040953998e-05,DYNAMIC,GENERATED,,2026-06-17T08:55:44.137222,,,,,0.0,0.0
SIG_20260617_085645_EURJPY,EURJPY,0.19047619047619047,0.2996031746031746,9.571712146006574e-06,DYNAMIC,GENERATED,,2026-06-17T08:56:45.047996,,,,,0.0,0.0
SIG_20260617_085645_USDJPY,USDJPY,0.15079365079365079,0.8948412698412699,4.216086898524578e-06,DYNAMIC,GENERATED,,2026-06-17T08:56:45.224085,,,,,0.0,0.0
SIG_20260617_085645_GBPJPY,GBPJPY,0.28174603174603174,0.5496031746031746,1.179351303367434e-05,DYNAMIC,BLOCKED_POSITION_EXISTS,,2026-06-17T08:56:45.413885,2026-06-17T08:56:45.609120,,,,0.0,0.0
SIG_20260617_085645_XAUUSD,XAUUSD,0.7202380952380952,0.125,0.000536628702688541,DYNAMIC,TRIGGERED,,2026-06-17T08:56:45.713459,2026-06-17T08:56:45.841367,,,,0.0,0.0
SIG_20260617_085645_EURUSD,EURUSD,0.20833333333333334,0.9126984126984127,1.3225000746551702e-05,DYNAMIC,GENERATED,,2026-06-17T08:56:45.965719,,,,,0.0,0.0
SIG_20260617_085746_EURJPY,EURJPY,0.19047619047619047,0.2996031746031746,9.56871066179642e-06,DYNAMIC,GENERATED,,2026-06-17T08:57:46.729589,,,,,0.0,0.0
SIG_20260617_085746_USDJPY,USDJPY,0.15079365079365079,0.8948412698412699,4.214803101333222e-06,DYNAMIC,GENERATED,,2026-06-17T08:57:46.831937,,,,,0.0,0.0
SIG_20260617_085746_GBPJPY,GBPJPY,0.28174603174603174,0.5496031746031746,1.1793966224383937e-05,DYNAMIC,BLOCKED_POSITION_EXISTS,,2026-06-17T08:57:46.943987,2026-06-17T08:57:47.124244,,,,0.0,0.0
SIG_20260617_085747_XAUUSD,XAUUSD,0.7202380952380952,0.125,0.0005366066289811851,DYNAMIC,TRIGGERED,,2026-06-17T08:57:47.312433,2026-06-17T08:57:47.477102,,,,0.0,0.0
SIG_20260617_085747_EURUSD,EURUSD,0.20833333333333334,0.9126984126984127,1.3219881899788002e-05,DYNAMIC,GENERATED,,2026-06-17T08:57:47.584925,,,,,0.0,0.0
SIG_20260617_085848_EURJPY,EURJPY,0.19047619047619047,0.2996031746031746,9.567556216240477e-06,DYNAMIC,GENERATED,,2026-06-17T08:58:48.456352,,,,,0.0,0.0
SIG_20260617_085848_USDJPY,USDJPY,0.15079365079365079,0.8948412698412699,4.216086898524578e-06,DYNAMIC,GENERATED,,2026-06-17T08:58:48.564072,,,,,0.0,0.0
SIG_20260617_085848_GBPJPY,GBPJPY,0.28174603174603174,0.5496031746031746,1.1793103001129937e-05,DYNAMIC,BLOCKED_POSITION_EXISTS,,2026-06-17T08:58:48.667463,2026-06-17T08:58:48.847890,,,,0.0,0.0
SIG_20260617_085849_XAUUSD,XAUUSD,0.7202380952380952,0.125,0.0005365919905790922,DYNAMIC,TRIGGERED,,2026-06-17T08:58:49.038496,2026-06-17T08:58:49.206631,,,,0.0,0.0
SIG_20260617_085849_EURUSD,EURUSD,0.20833333333333334,0.9126984126984127,1.3219881899788002e-05,DYNAMIC,GENERATED,,2026-06-17T08:58:49.305752,,,,,0.0,0.0
SIG_20260617_085950_EURJPY,EURJPY,0.19047619047619047,0.2996031746031746,9.570875203142196e-06,DYNAMIC,GENERATED,,2026-06-17T08:59:50.327091,,,,,0.0,0.0
SIG_20260617_085950_USDJPY,USDJPY,0.15079365079365079,0.8948412698412699,4.216670452937812e-06,DYNAMIC,GENERATED,,2026-06-17T08:59:50.443195,,,,,0.0,0.0
SIG_20260617_085950_GBPJPY,GBPJPY,0.28174603174603174,0.5496031746031746,1.179351303367434e-05,DYNAMIC,BLOCKED_POSITION_EXISTS,,2026-06-17T08:59:50.546679,2026-06-17T08:59:50.735954,,,,0.0,0.0
SIG_20260617_085950_XAUUSD,XAUUSD,0.7202380952380952,0.125,0.0005365910951819928,DYNAMIC,TRIGGERED,,2026-06-17T08:59:50.912435,2026-06-17T08:59:51.093165,,,,0.0,0.0
SIG_20260617_085951_EURUSD,EURUSD,0.20833333333333334,0.9126984126984127,1.323145469562376e-05,DYNAMIC,GENERATED,,2026-06-17T08:59:51.228154,,,,,0.0,0.0
SIG_20260617_090052_EURJPY,EURJPY,0.19047619047619047,0.2996031746031746,9.581841604768259e-06,DYNAMIC,GENERATED,,2026-06-17T09:00:52.301992,,,,,0.0,0.0
SIG_20260617_090052_USDJPY,USDJPY,0.15079365079365079,0.8948412698412699,4.214530772997315e-06,DYNAMIC,GENERATED,,2026-06-17T09:00:52.427041,,,,,0.0,0.0
SIG_20260617_090052_GBPJPY,GBPJPY,0.28174603174603174,0.5496031746031746,1.1813451700329352e-05,DYNAMIC,BLOCKED_POSITION_EXISTS,,2026-06-17T09:00:52.548592,2026-06-17T09:00:52.711980,,,,0.0,0.0
SIG_20260617_090052_XAUUSD,XAUUSD,0.7202380952380952,0.125,0.0005366164599588984,DYNAMIC,TRIGGERED,,2026-06-17T09:00:52.910753,2026-06-17T09:00:53.097810,,,,0.0,0.0
SIG_20260617_090053_EURUSD,EURUSD,0.20833333333333334,0.9126984126984127,1.3225000746551702e-05,DYNAMIC,GENERATED,,2026-06-17T09:00:53.186301,,,,,0.0,0.0
SIG_20260617_090154_EURJPY,EURJPY,0.19047619047619047,0.2996031746031746,9.584727370299986e-06,DYNAMIC,GENERATED,,2026-06-17T09:01:54.146510,,,,,0.0,0.0
SIG_20260617_090154_USDJPY,USDJPY,0.15079365079365079,0.8948412698412699,4.214336273138157e-06,DYNAMIC,GENERATED,,2026-06-17T09:01:54.285663,,,,,0.0,0.0
SIG_20260617_090154_GBPJPY,GBPJPY,0.28174603174603174,0.5496031746031746,1.180827308293496e-05,DYNAMIC,BLOCKED_POSITION_EXISTS,,2026-06-17T09:01:54.395404,2026-06-17T09:01:54.540964,,,,0.0,0.0
SIG_20260617_090154_XAUUSD,XAUUSD,0.7202380952380952,0.125,0.0005365965469429444,DYNAMIC,TRIGGERED,,2026-06-17T09:01:54.775185,2026-06-17T09:01:54.979290,,,,0.0,0.0
SIG_20260617_090155_EURUSD,EURUSD,0.20833333333333334,0.9126984126984127,1.3227003723318976e-05,DYNAMIC,GENERATED,,2026-06-17T09:01:55.092065,,,,,0.0,0.0
SIG_20260617_090256_EURJPY,EURJPY,0.19047619047619047,0.2996031746031746,9.600569494439633e-06,DYNAMIC,GENERATED,,2026-06-17T09:02:56.067891,,,,,0.0,0.0
SIG_20260617_090256_USDJPY,USDJPY,0.15079365079365079,0.8948412698412699,4.214336273138157e-06,DYNAMIC,GENERATED,,2026-06-17T09:02:56.196859,,,,,0.0,0.0
SIG_20260617_090256_GBPJPY,GBPJPY,0.28174603174603174,0.5496031746031746,1.1812092327074955e-05,DYNAMIC,BLOCKED_POSITION_EXISTS,,2026-06-17T09:02:56.347689,2026-06-17T09:02:56.563663,,,,0.0,0.0
SIG_20260617_090256_XAUUSD,XAUUSD,0.7202380952380952,0.125,0.0005366352148646883,DYNAMIC,TRIGGERED,,2026-06-17T09:02:56.762475,2026-06-17T09:02:56.993905,,,,0.0,0.0
SIG_20260617_090257_EURUSD,EURUSD,0.20833333333333334,0.9126984126984127,1.3239243643514259e-05,DYNAMIC,GENERATED,,2026-06-17T09:02:57.107357,,,,,0.0,0.0
SIG_20260617_090358_EURJPY,EURJPY,0.19047619047619047,0.2996031746031746,9.596645137799716e-06,DYNAMIC,GENERATED,,2026-06-17T09:03:58.117500,,,,,0.0,0.0
SIG_20260617_090358_USDJPY,USDJPY,0.15079365079365079,0.8948412698412699,4.214803070276915e-06,DYNAMIC,GENERATED,,2026-06-17T09:03:58.193693,,,,,0.0,0.0
SIG_20260617_090358_GBPJPY,GBPJPY,0.28174603174603174,0.5496031746031746,1.1803784822985038e-05,DYNAMIC,BLOCKED_POSITION_EXISTS,,2026-06-17T09:03:58.271229,2026-06-17T09:03:58.493778,,,,0.0,0.0
SIG_20260617_090358_XAUUSD,XAUUSD,0.7202380952380952,0.125,0.0005366157299791048,DYNAMIC,TRIGGERED,,2026-06-17T09:03:58.788965,2026-06-17T09:03:58.927724,,,,0.0,0.0
SIG_20260617_090359_EURUSD,EURUSD,0.20833333333333334,0.9126984126984127,1.3236499000736612e-05,DYNAMIC,GENERATED,,2026-06-17T09:03:59.009647,,,,,0.0,0.0
SIG_20260617_090459_EURJPY,EURJPY,0.19047619047619047,0.2996031746031746,9.589488786977045e-06,DYNAMIC,GENERATED,,2026-06-17T09:04:59.912907,,,,,0.0,0.0
SIG_20260617_090500_USDJPY,USDJPY,0.15079365079365079,0.8809523809523809,4.214180671503959e-06,DYNAMIC,GENERATED,,2026-06-17T09:05:00.037609,,,,,0.0,0.0
SIG_20260617_090500_GBPJPY,GBPJPY,0.28174603174603174,0.5496031746031746,1.1801799589078275e-05,DYNAMIC,BLOCKED_POSITION_EXISTS,,2026-06-17T09:05:00.150525,2026-06-17T09:05:00.331933,,,,0.0,0.0
SIG_20260617_090500_XAUUSD,XAUUSD,0.7202380952380952,0.125,0.0005366422635960308,DYNAMIC,TRIGGERED,,2026-06-17T09:05:00.524731,2026-06-17T09:05:00.723735,,,,0.0,0.0
SIG_20260617_090500_EURUSD,EURUSD,0.20833333333333334,0.9126984126984127,1.3236499000736612e-05,DYNAMIC,GENERATED,,2026-06-17T09:05:00.823687,,,,,0.0,0.0
SIG_20260617_090601_EURJPY,EURJPY,0.19047619047619047,0.2996031746031746,9.579186657718563e-06,DYNAMIC,GENERATED,,2026-06-17T09:06:01.770626,,,,,0.0,0.0
SIG_20260617_090601_USDJPY,USDJPY,0.15079365079365079,0.8948412698412699,4.21453078609918e-06,DYNAMIC,GENERATED,,2026-06-17T09:06:01.914098,,,,,0.0,0.0
SIG_20260617_090602_GBPJPY,GBPJPY,0.28174603174603174,0.5496031746031746,1.1795584739489106e-05,DYNAMIC,BLOCKED_POSITION_EXISTS,,2026-06-17T09:06:02.022196,2026-06-17T09:06:02.219212,,,,0.0,0.0
SIG_20260617_090602_XAUUSD,XAUUSD,0.7202380952380952,0.125,0.000536592134417058,DYNAMIC,TRIGGERED,,2026-06-17T09:06:02.518062,2026-06-17T09:06:02.700267,,,,0.0,0.0
SIG_20260617_090602_EURUSD,EURUSD,0.20833333333333334,0.9126984126984127,1.3233902683495579e-05,DYNAMIC,GENERATED,,2026-06-17T09:06:02.846162,,,,,0.0,0.0
SIG_20260617_090703_EURJPY,EURJPY,0.19047619047619047,0.2996031746031746,9.573559169778105e-06,DYNAMIC,GENERATED,,2026-06-17T09:07:03.798222,,,,,0.0,0.0
SIG_20260617_090703_USDJPY,USDJPY,0.15079365079365079,0.8948412698412699,4.214336277020211e-06,DYNAMIC,GENERATED,,2026-06-17T09:07:03.945944,,,,,0.0,0.0
SIG_20260617_090704_GBPJPY,GBPJPY,0.28174603174603174,0.5496031746031746,1.1796210556844916e-05,DYNAMIC,BLOCKED_POSITION_EXISTS,,2026-06-17T09:07:04.105246,2026-06-17T09:07:04.338241,,,,0.0,0.0
SIG_20260617_090704_XAUUSD,XAUUSD,0.7202380952380952,0.125,0.0005366038847354057,DYNAMIC,TRIGGERED,,2026-06-17T09:07:04.617040,2026-06-17T09:07:04.782742,,,,0.0,0.0
SIG_20260617_090704_EURUSD,EURUSD,0.20833333333333334,0.9126984126984127,1.3221439830952991e-05,DYNAMIC,GENERATED,,2026-06-17T09:07:04.887930,,,,,0.0,0.0
SIG_20260617_090805_EURJPY,EURJPY,0.19047619047619047,0.2996031746031746,9.570875203142196e-06,DYNAMIC,GENERATED,,2026-06-17T09:08:05.890578,,,,,0.0,0.0
SIG_20260617_090806_USDJPY,USDJPY,0.15079365079365079,0.8948412698412699,4.21453078609918e-06,DYNAMIC,GENERATED,,2026-06-17T09:08:06.008950,,,,,0.0,0.0
SIG_20260617_090806_GBPJPY,GBPJPY,0.28174603174603174,0.5496031746031746,1.1796210556844916e-05,DYNAMIC,BLOCKED_POSITION_EXISTS,,2026-06-17T09:08:06.128906,2026-06-17T09:08:06.330236,,,,0.0,0.0
SIG_20260617_090806_XAUUSD,XAUUSD,0.7202380952380952,0.125,0.0005365926300416532,DYNAMIC,TRIGGERED,,2026-06-17T09:08:06.543936,2026-06-17T09:08:06.763241,,,,0.0,0.0
SIG_20260617_090806_EURUSD,EURUSD,0.20833333333333334,0.9126984126984127,1.3221439830952991e-05,DYNAMIC,GENERATED,,2026-06-17T09:08:06.853306,,,,,0.0,0.0
SIG_20260617_090907_EURJPY,EURJPY,0.19047619047619047,0.2996031746031746,9.570875203142196e-06,DYNAMIC,GENERATED,,2026-06-17T09:09:07.825934,,,,,0.0,0.0
SIG_20260617_090907_USDJPY,USDJPY,0.15079365079365079,0.8948412698412699,4.21453078609918e-06,DYNAMIC,GENERATED,,2026-06-17T09:09:07.946083,,,,,0.0,0.0
SIG_20260617_090908_GBPJPY,GBPJPY,0.28174603174603174,0.5496031746031746,1.1796879529358504e-05,DYNAMIC,BLOCKED_POSITION_EXISTS,,2026-06-17T09:09:08.036912,2026-06-17T09:09:08.227972,,,,0.0,0.0
SIG_20260617_090908_XAUUSD,XAUUSD,0.7202380952380952,0.125,0.0005366226945719525,DYNAMIC,TRIGGERED,,2026-06-17T09:09:08.462200,2026-06-17T09:09:08.631659,,,,0.0,0.0
SIG_20260617_090908_EURUSD,EURUSD,0.20833333333333334,0.9126984126984127,1.3223146114485317e-05,DYNAMIC,GENERATED,,2026-06-17T09:09:08.746378,,,,,0.0,0.0
SIG_20260617_091009_EURJPY,EURJPY,0.19047619047619047,0.2996031746031746,9.57260680186194e-06,DYNAMIC,GENERATED,,2026-06-17T09:10:09.763159,,,,,0.0,0.0
SIG_20260617_091009_USDJPY,USDJPY,0.15079365079365079,0.8948412698412699,4.214336277020211e-06,DYNAMIC,GENERATED,,2026-06-17T09:10:09.928685,,,,,0.0,0.0
SIG_20260617_091010_GBPJPY,GBPJPY,0.28174603174603174,0.5496031746031746,1.179446257265721e-05,DYNAMIC,BLOCKED_POSITION_EXISTS,,2026-06-17T09:10:10.090319,2026-06-17T09:10:10.351464,,,,0.0,0.0
SIG_20260617_091010_XAUUSD,XAUUSD,0.7202380952380952,0.125,0.0005366402181832689,DYNAMIC,TRIGGERED,,2026-06-17T09:10:10.576617,2026-06-17T09:10:10.743819,,,,0.0,0.0
SIG_20260617_091010_EURUSD,EURUSD,0.20833333333333334,0.9126984126984127,1.3225000746551702e-05,DYNAMIC,GENERATED,,2026-06-17T09:10:10.842964,,,,,0.0,0.0
SIG_20260617_091111_EURJPY,EURJPY,0.19047619047619047,0.2996031746031746,9.571712146006574e-06,DYNAMIC,GENERATED,,2026-06-17T09:11:11.881634,,,,,0.0,0.0
SIG_20260617_091112_USDJPY,USDJPY,0.15079365079365079,0.8948412698412699,4.214803101333222e-06,DYNAMIC,GENERATED,,2026-06-17T09:11:12.108140,,,,,0.0,0.0
SIG_20260617_091112_GBPJPY,GBPJPY,0.28174603174603174,0.5496031746031746,1.179446257265721e-05,DYNAMIC,BLOCKED_POSITION_EXISTS,,2026-06-17T09:11:12.266171,2026-06-17T09:11:12.494149,,,,0.0,0.0
SIG_20260617_091112_XAUUSD,XAUUSD,0.7202380952380952,0.125,0.0005366136107227831,DYNAMIC,TRIGGERED,,2026-06-17T09:11:12.755148,2026-06-17T09:11:12.974973,,,,0.0,0.0
SIG_20260617_091113_EURUSD,EURUSD,0.20833333333333334,0.9126984126984127,1.3223146114485317e-05,DYNAMIC,GENERATED,,2026-06-17T09:11:13.102574,,,,,0.0,0.0
SIG_20260617_091214_EURJPY,EURJPY,0.19047619047619047,0.2996031746031746,9.589488786977045e-06,DYNAMIC,GENERATED,,2026-06-17T09:12:14.274778,,,,,0.0,0.0
SIG_20260617_091214_USDJPY,USDJPY,0.15079365079365079,0.8948412698412699,4.216086898524578e-06,DYNAMIC,GENERATED,,2026-06-17T09:12:14.475299,,,,,0.0,0.0
SIG_20260617_091214_GBPJPY,GBPJPY,0.28174603174603174,0.5496031746031746,1.1810776099356829e-05,DYNAMIC,BLOCKED_POSITION_EXISTS,,2026-06-17T09:12:14.657762,2026-06-17T09:12:14.956010,,,,0.0,0.0
SIG_20260617_091215_XAUUSD,XAUUSD,0.7202380952380952,0.125,0.0005366150106534589,DYNAMIC,TRIGGERED,,2026-06-17T09:12:15.170019,2026-06-17T09:12:15.410109,,,,0.0,0.0
SIG_20260617_091215_EURUSD,EURUSD,0.20833333333333334,0.9126984126984127,1.3248367486743095e-05,DYNAMIC,GENERATED,,2026-06-17T09:12:15.558881,,,,,0.0,0.0
SIG_20260617_091316_EURJPY,EURJPY,0.19047619047619047,0.2996031746031746,9.570095974198998e-06,DYNAMIC,GENERATED,,2026-06-17T09:13:16.666844,,,,,0.0,0.0
SIG_20260617_091316_USDJPY,USDJPY,0.15079365079365079,0.8948412698412699,4.21978281949943e-06,DYNAMIC,GENERATED,,2026-06-17T09:13:16.798481,,,,,0.0,0.0
SIG_20260617_091316_GBPJPY,GBPJPY,0.28174603174603174,0.5476190476190477,1.1800871698246397e-05,DYNAMIC,BLOCKED_POSITION_EXISTS,,2026-06-17T09:13:16.943247,2026-06-17T09:13:17.135795,,,,0.0,0.0
SIG_20260617_091317_XAUUSD,XAUUSD,0.7202380952380952,0.125,0.0005366136039649102,DYNAMIC,TRIGGERED,,2026-06-17T09:13:17.348481,2026-06-17T09:13:17.520820,,,,0.0,0.0
SIG_20260617_091317_EURUSD,EURUSD,0.20833333333333334,0.9126984126984127,1.3233902683495579e-05,DYNAMIC,GENERATED,,2026-06-17T09:13:17.630226,,,,,0.0,0.0
SIG_20260617_091418_EURJPY,EURJPY,0.19047619047619047,0.2996031746031746,9.574569248825093e-06,DYNAMIC,GENERATED,,2026-06-17T09:14:18.574056,,,,,0.0,0.0
SIG_20260617_091418_USDJPY,USDJPY,0.15079365079365079,0.8948412698412699,4.21978281949943e-06,DYNAMIC,GENERATED,,2026-06-17T09:14:18.679298,,,,,0.0,0.0
SIG_20260617_091418_GBPJPY,GBPJPY,0.28174603174603174,0.5476190476190477,1.1803784822985038e-05,DYNAMIC,BLOCKED_POSITION_EXISTS,,2026-06-17T09:14:18.772165,2026-06-17T09:14:18.956240,,,,0.0,0.0
SIG_20260617_091419_XAUUSD,XAUUSD,0.7202380952380952,0.125,0.0005367141813585304,DYNAMIC,TRIGGERED,,2026-06-17T09:14:19.111766,2026-06-17T09:14:19.279940,,,,0.0,0.0
SIG_20260617_091419_EURUSD,EURUSD,0.20833333333333334,0.9126984126984127,1.3239243643514259e-05,DYNAMIC,GENERATED,,2026-06-17T09:14:19.378160,,,,,0.0,0.0
SIG_20260617_091520_EURJPY,EURJPY,0.19047619047619047,0.2996031746031746,9.5693744601069e-06,DYNAMIC,GENERATED,,2026-06-17T09:15:20.344885,,,,,0.0,0.0
SIG_20260617_091520_USDJPY,USDJPY,0.15079365079365079,0.8948412698412699,4.217331820785899e-06,DYNAMIC,GENERATED,,2026-06-17T09:15:20.478957,,,,,0.0,0.0
SIG_20260617_091520_GBPJPY,GBPJPY,0.28174603174603174,0.5476190476190477,1.1797591656428571e-05,DYNAMIC,BLOCKED_POSITION_EXISTS,,2026-06-17T09:15:20.599194,2026-06-17T09:15:20.804338,,,,0.0,0.0
SIG_20260617_091521_XAUUSD,XAUUSD,0.7202380952380952,0.125,0.0005366970128251169,DYNAMIC,TRIGGERED,,2026-06-17T09:15:21.033555,2026-06-17T09:15:21.251946,,,,0.0,0.0
SIG_20260617_091521_EURUSD,EURUSD,0.20833333333333334,0.9126984126984127,1.3223146114485317e-05,DYNAMIC,GENERATED,,2026-06-17T09:15:21.380495,,,,,0.0,0.0
SIG_20260617_091622_EURJPY,EURJPY,0.19047619047619047,0.2996031746031746,9.568104580197503e-06,DYNAMIC,GENERATED,,2026-06-17T09:16:22.490430,,,,,0.0,0.0
SIG_20260617_091622_USDJPY,USDJPY,0.15079365079365079,0.8948412698412699,4.221805912510581e-06,DYNAMIC,GENERATED,,2026-06-17T09:16:22.693372,,,,,0.0,0.0
SIG_20260617_091622_GBPJPY,GBPJPY,0.28174603174603174,0.5476190476190477,1.1796879529358504e-05,DYNAMIC,BLOCKED_POSITION_EXISTS,,2026-06-17T09:16:22.841430,2026-06-17T09:16:23.021032,,,,0.0,0.0
SIG_20260617_091623_XAUUSD,XAUUSD,0.7202380952380952,0.125,0.0005367813848771346,DYNAMIC,TRIGGERED,,2026-06-17T09:16:23.298308,2026-06-17T09:16:23.537273,,,,0.0,0.0
SIG_20260617_091623_EURUSD,EURUSD,0.20833333333333334,0.9126984126984127,1.3229155040953998e-05,DYNAMIC,GENERATED,,2026-06-17T09:16:23.700647,,,,,0.0,0.0
SIG_20260617_091722_EURJPY,EURJPY,0.19047619047619047,0.2996031746031746,9.5693744601069e-06,DYNAMIC,GENERATED,,2026-06-17T09:17:22.336132,,,,,0.0,0.0
SIG_20260617_091722_USDJPY,USDJPY,0.15079365079365079,0.8948412698412699,4.21978281949943e-06,DYNAMIC,GENERATED,,2026-06-17T09:17:22.417720,,,,,0.0,0.0
SIG_20260617_091722_GBPJPY,GBPJPY,0.28174603174603174,0.5476190476190477,1.1795584739489106e-05,DYNAMIC,BLOCKED_POSITION_EXISTS,,2026-06-17T09:17:22.497551,2026-06-17T09:17:22.629177,,,,0.0,0.0
SIG_20260617_091722_XAUUSD,XAUUSD,0.7202380952380952,0.125,0.0005367077891789617,DYNAMIC,TRIGGERED,,2026-06-17T09:17:22.810674,2026-06-17T09:17:22.958539,,,,0.0,0.0
SIG_20260617_091723_EURUSD,EURUSD,0.20833333333333334,0.9126984126984127,1.3233902683495579e-05,DYNAMIC,GENERATED,,2026-06-17T09:17:23.041680,,,,,0.0,0.0
